time,open,high,low,close,volume
2025-10-07 22:00:00,3984.298,3988.875,3982.748,3988.255,1268
2025-10-07 22:15:00,3988.305,3990.348,3988.085,3990.235,1386
2025-10-07 22:30:00,3990.215,3990.335,3988.475,3990.055,1142
2025-10-07 22:45:00,3990.035,3990.085,3986.948,3989.248,1128
2025-10-07 23:00:00,3989.248,3991.798,3988.945,3989.548,1733
2025-10-07 23:15:00,3989.468,3991.945,3988.275,3988.785,1334
2025-10-07 23:30:00,3988.865,3990.645,3988.135,3990.025,746
2025-10-07 23:45:00,3990.065,3995.775,3990.065,3994.145,2996
2025-10-08 00:00:00,3994.098,3997.298,3993.975,3996.648,2416
2025-10-08 00:15:00,3996.548,3999.048,3996.115,3998.248,2257
2025-10-08 00:30:00,3998.248,3998.248,3989.165,3994.685,3886
2025-10-08 00:45:00,3994.465,3997.548,3991.488,3992.098,2486
2025-10-08 01:00:00,3992.098,3992.298,3984.045,3988.248,4856
2025-10-08 01:15:00,3988.248,3995.425,3984.605,3993.795,3912
2025-10-08 01:30:00,3993.875,3995.698,3990.845,3993.625,3199
2025-10-08 01:45:00,3993.735,4000.525,3993.445,4000.345,2796
2025-10-08 02:00:00,4000.455,4004.415,3995.395,4004.335,3720
2025-10-08 02:15:00,4004.365,4005.805,4001.885,4003.485,3823
2025-10-08 02:30:00,4003.505,4007.105,4003.345,4006.325,2093
2025-10-08 02:45:00,4006.355,4011.545,4005.845,4011.435,2527
2025-10-08 03:00:00,4011.415,4014.348,4010.005,4013.095,2788
2025-10-08 03:15:00,4013.125,4013.345,4008.698,4011.135,2232
2025-10-08 03:30:00,4011.105,4013.005,4010.145,4012.915,1719
2025-10-08 03:45:00,4012.885,4016.345,4010.828,4014.498,2805
2025-10-08 04:00:00,4014.598,4021.285,4014.348,4019.465,3517
2025-10-08 04:15:00,4019.485,4020.195,4017.545,4018.255,1884
2025-10-08 04:30:00,4018.215,4019.965,4016.798,4019.385,1863
2025-10-08 04:45:00,4019.395,4027.075,4018.395,4026.565,3275
2025-10-08 05:00:00,4026.535,4029.598,4024.395,4029.395,2480
2025-10-08 05:15:00,4029.498,4034.405,4028.725,4033.195,2993
2025-10-08 05:30:00,4033.225,4036.785,4029.588,4030.048,3339
2025-10-08 05:45:00,4030.048,4032.635,4028.098,4028.905,3786
2025-10-08 06:00:00,4028.915,4032.735,4026.415,4027.135,3738
2025-10-08 06:15:00,4027.125,4027.965,4021.048,4026.195,4745
2025-10-08 06:30:00,4026.265,4031.575,4025.285,4030.635,3280
2025-10-08 06:45:00,4030.655,4032.885,4029.565,4031.405,3457
2025-10-08 07:00:00,4031.375,4038.885,4029.975,4036.675,4485
2025-10-08 07:15:00,4036.545,4037.985,4031.488,4036.085,3939
2025-10-08 07:30:00,4036.115,4038.585,4034.278,4035.798,3221
2025-10-08 07:45:00,4035.725,4037.585,4030.745,4034.055,3278
2025-10-08 08:00:00,4033.975,4039.745,4032.925,4036.575,3601
2025-10-08 08:15:00,4036.555,4040.185,4034.845,4037.865,2699
2025-10-08 08:30:00,4037.885,4040.085,4036.205,4038.465,2281
2025-10-08 08:45:00,4038.485,4040.305,4036.145,4036.145,2909
2025-10-08 09:00:00,4036.185,4039.815,4033.085,4036.925,2683
2025-10-08 09:15:00,4036.905,4037.175,4034.785,4035.235,1679
2025-10-08 09:30:00,4035.125,4040.265,4030.525,4040.165,3441
2025-10-08 09:45:00,4040.155,4049.398,4039.815,4049.115,4055
2025-10-08 10:00:00,4049.085,4049.398,4045.065,4046.285,3219
2025-10-08 10:15:00,4046.345,4046.515,4037.575,4040.195,3223
2025-10-08 10:30:00,4040.235,4040.985,4033.205,4036.855,4653
2025-10-08 10:45:00,4036.875,4037.935,4035.025,4036.915,2658
2025-10-08 11:00:00,4037.015,4037.285,4032.775,4036.075,3070
2025-10-08 11:15:00,4036.075,4036.875,4033.015,4034.485,2985
2025-10-08 11:30:00,4034.465,4037.895,4031.845,4034.895,3556
2025-10-08 11:45:00,4034.915,4037.925,4033.375,4037.795,2735
2025-10-08 12:00:00,4037.795,4046.215,4036.475,4044.985,4296
2025-10-08 12:15:00,4044.715,4046.195,4035.425,4040.015,5180
2025-10-08 12:30:00,4040.045,4040.845,4030.805,4033.705,4576
2025-10-08 12:45:00,4033.735,4040.498,4033.395,4039.875,4190
2025-10-08 13:00:00,4039.855,4049.385,4039.035,4045.815,4683
2025-10-08 13:15:00,4045.855,4046.965,4037.948,4038.205,5064
2025-10-08 13:30:00,4038.215,4039.205,4026.055,4029.625,9061
2025-10-08 13:45:00,4029.755,4039.848,4027.475,4037.848,7198
2025-10-08 14:00:00,4037.748,4044.598,4035.415,4042.355,7415
2025-10-08 14:15:00,4042.295,4046.045,4037.475,4044.415,6464
2025-10-08 14:30:00,4044.465,4045.205,4039.195,4042.065,5598
2025-10-08 14:45:00,4042.105,4048.935,4040.915,4047.925,4499
2025-10-08 15:00:00,4047.935,4050.325,4037.795,4039.115,6668
2025-10-08 15:15:00,4039.185,4045.385,4036.995,4044.125,6685
2025-10-08 15:30:00,4044.275,4047.948,4042.395,4045.895,4034
2025-10-08 15:45:00,4045.975,4048.215,4044.705,4045.515,3804
2025-10-08 16:00:00,4045.495,4056.155,4044.125,4055.198,4925
2025-10-08 16:15:00,4055.125,4055.955,4051.828,4055.485,4076
2025-10-08 16:30:00,4055.515,4059.098,4054.845,4057.848,3566
2025-10-08 16:45:00,4057.835,4058.548,4052.138,4056.415,4507
2025-10-08 17:00:00,4056.445,4057.815,4054.295,4054.535,2677
2025-10-08 17:15:00,4054.555,4055.895,4047.975,4048.765,4663
2025-10-08 17:30:00,4048.805,4050.465,4042.755,4049.365,4775
2025-10-08 17:45:00,4049.395,4053.335,4049.395,4050.588,2557
2025-10-08 18:00:00,4050.758,4052.965,4041.085,4042.375,4535
2025-10-08 18:15:00,4042.315,4049.285,4038.355,4048.285,5900
2025-10-08 18:30:00,4048.405,4049.835,4045.825,4047.655,2996
2025-10-08 18:45:00,4047.605,4050.525,4047.535,4049.765,2575
2025-10-08 19:00:00,4049.805,4054.348,4031.875,4041.495,6921
2025-10-08 19:15:00,4041.465,4048.305,4035.575,4044.625,6492
2025-10-08 19:30:00,4044.625,4044.625,4033.945,4037.345,6517
2025-10-08 19:45:00,4037.395,4045.755,4037.395,4044.555,6431
2025-10-08 20:00:00,4044.625,4046.455,4039.225,4041.748,2526
2025-10-08 20:15:00,4041.748,4044.898,4040.535,4043.748,1584
2025-10-08 20:30:00,4043.748,4043.748,4038.345,4041.635,1589
2025-10-08 20:45:00,4041.648,4044.585,4039.985,4040.745,1815
2025-10-08 22:00:00,4042.415,4044.135,4014.748,4025.148,3169
2025-10-08 22:15:00,4025.248,4027.548,4022.825,4025.598,2247
2025-10-08 22:30:00,4025.598,4027.615,4020.105,4022.545,1827
2025-10-08 22:45:00,4022.515,4023.165,4020.648,4021.048,1242
2025-10-08 23:00:00,4021.048,4021.715,4011.618,4020.335,3460
2025-10-08 23:15:00,4020.365,4021.195,4012.175,4013.595,2343
2025-10-08 23:30:00,4013.625,4019.165,4009.898,4010.145,3263
2025-10-08 23:45:00,4010.265,4014.825,4001.025,4011.465,5611
2025-10-09 00:00:00,4011.448,4018.735,4008.198,4018.415,4380
2025-10-09 00:15:00,4018.395,4027.555,4017.098,4027.005,4263
2025-10-09 00:30:00,4027.055,4027.785,4023.335,4025.148,3311
2025-10-09 00:45:00,4025.148,4025.698,4019.418,4022.755,3854
2025-10-09 01:00:00,4022.825,4024.415,4007.745,4018.698,8407
2025-10-09 01:15:00,4018.925,4032.375,4018.898,4030.915,7164
2025-10-09 01:30:00,4030.975,4036.135,4028.265,4032.965,5110
2025-10-09 01:45:00,4032.945,4033.075,4016.635,4019.315,5334
2025-10-09 02:00:00,4019.298,4020.678,4010.298,4013.305,6357
2025-10-09 02:15:00,4013.275,4014.595,4002.395,4012.805,4459
2025-10-09 02:30:00,4012.785,4017.548,4005.785,4017.485,4977
2025-10-09 02:45:00,4017.485,4021.115,4015.505,4018.385,3149
2025-10-09 03:00:00,4018.365,4024.345,4016.915,4020.095,3950
2025-10-09 03:15:00,4020.115,4024.975,4019.795,4024.315,3366
2025-10-09 03:30:00,4024.285,4029.375,4023.665,4028.155,2523
2025-10-09 03:45:00,4028.175,4028.885,4025.155,4026.585,2041
2025-10-09 04:00:00,4026.615,4033.095,4026.615,4032.685,1822
2025-10-09 04:15:00,4032.675,4038.395,4031.918,4038.175,2382
2025-10-09 04:30:00,4038.195,4040.205,4035.735,4038.485,2119
2025-10-09 04:45:00,4038.505,4040.845,4038.045,4038.725,1764
2025-10-09 05:00:00,4038.555,4039.005,4034.098,4038.265,2862
2025-10-09 05:15:00,4038.315,4040.185,4036.485,4038.805,2120
2025-10-09 05:30:00,4038.805,4043.405,4034.705,4038.645,4430
2025-10-09 05:45:00,4038.645,4041.245,4035.925,4039.505,3481
2025-10-09 06:00:00,4039.515,4040.695,4036.148,4037.325,3522
2025-10-09 06:15:00,4037.245,4038.665,4031.398,4031.435,4381
2025-10-09 06:30:00,4031.505,4035.898,4028.055,4029.975,4265
2025-10-09 06:45:00,4030.005,4030.005,4022.365,4025.648,5889
2025-10-09 07:00:00,4025.655,4032.598,4025.285,4027.078,5075
2025-10-09 07:15:00,4027.078,4031.375,4024.475,4028.615,3708
2025-10-09 07:30:00,4028.575,4030.255,4026.635,4028.575,3366
2025-10-09 07:45:00,4028.485,4032.225,4028.385,4031.375,2850
2025-10-09 08:00:00,4031.335,4034.998,4030.128,4034.315,3333
2025-10-09 08:15:00,4034.335,4037.805,4033.545,4036.535,3843
2025-10-09 08:30:00,4036.565,4040.025,4035.145,4038.405,2519
2025-10-09 08:45:00,4038.415,4040.215,4037.895,4038.068,1913
2025-10-09 09:00:00,4038.068,4041.965,4036.498,4040.135,3002
2025-10-09 09:15:00,4040.165,4040.565,4037.515,4038.275,2471
2025-10-09 09:30:00,4038.255,4040.015,4033.805,4036.255,2808
2025-10-09 09:45:00,4036.225,4037.835,4034.648,4037.355,1931
2025-10-09 10:00:00,4037.405,4039.205,4036.125,4037.565,1989
2025-10-09 10:15:00,4037.575,4039.198,4036.605,4038.548,1511
2025-10-09 10:30:00,4038.548,4039.878,4037.835,4038.655,1399
2025-10-09 10:45:00,4038.675,4044.005,4038.675,4043.975,2083
2025-10-09 11:00:00,4043.995,4046.455,4037.018,4037.975,3616
2025-10-09 11:15:00,4038.015,4038.945,4033.355,4035.748,2615
2025-10-09 11:30:00,4035.755,4044.495,4035.745,4044.115,2444
2025-10-09 11:45:00,4044.115,4046.305,4042.675,4044.235,3394
2025-10-09 12:00:00,4044.205,4044.485,4039.825,4040.695,3187
2025-10-09 12:15:00,4040.665,4042.725,4037.225,4040.765,4698
2025-10-09 12:30:00,4040.785,4045.428,4039.605,4045.298,3657
2025-10-09 12:45:00,4045.298,4053.465,4041.605,4053.155,6412
2025-10-09 13:00:00,4053.175,4057.765,4050.635,4055.565,8881
2025-10-09 13:15:00,4055.435,4057.685,4048.388,4055.298,7498
2025-10-09 13:30:00,4055.298,4056.398,4030.738,4030.855,11104
2025-10-09 13:45:00,4030.795,4034.415,4016.725,4016.805,11269
2025-10-09 14:00:00,4016.779,4028.695,4012.345,4023.525,10825
2025-10-09 14:15:00,4023.485,4028.875,4006.225,4006.745,11425
2025-10-09 14:30:00,4006.375,4015.318,4003.765,4011.755,11257
2025-10-09 14:45:00,4011.755,4028.555,4007.305,4023.885,9373
2025-10-09 15:00:00,4023.699,4027.025,4017.998,4025.115,8645
2025-10-09 15:15:00,4025.155,4028.635,4015.935,4016.165,7522
2025-10-09 15:30:00,4016.025,4018.298,4006.315,4008.175,10020
2025-10-09 15:45:00,4008.145,4017.318,4007.705,4014.395,7831
2025-10-09 16:00:00,4014.285,4021.498,4013.545,4016.435,6165
2025-10-09 16:15:00,4016.495,4017.855,4009.795,4012.095,7221
2025-10-09 16:30:00,4011.955,4012.375,3976.305,3986.345,10787
2025-10-09 16:45:00,3986.345,3986.545,3963.435,3968.765,10732
2025-10-09 17:00:00,3968.595,3974.085,3950.698,3951.755,10319
2025-10-09 17:15:00,3951.775,3967.115,3943.788,3958.865,10637
2025-10-09 17:30:00,3958.865,3963.385,3955.199,3956.685,8316
2025-10-09 17:45:00,3956.685,3959.885,3944.785,3950.005,8031
2025-10-09 18:00:00,3949.745,3964.895,3949.248,3961.395,7203
2025-10-09 18:15:00,3961.425,3968.585,3960.075,3962.935,6052
2025-10-09 18:30:00,3962.975,3963.585,3955.705,3957.475,4765
2025-10-09 18:45:00,3957.535,3961.215,3956.165,3957.195,4683
2025-10-09 19:00:00,3957.245,3974.275,3955.015,3971.745,5514
2025-10-09 19:15:00,3971.765,3977.975,3969.375,3977.895,4747
2025-10-09 19:30:00,3978.005,3981.865,3976.465,3978.845,4880
2025-10-09 19:45:00,3978.915,3981.435,3971.685,3972.895,5097
2025-10-09 20:00:00,3972.985,3978.785,3972.955,3978.415,1928
2025-10-09 20:15:00,3978.435,3978.795,3973.635,3976.445,1799
2025-10-09 20:30:00,3976.425,3977.485,3972.905,3974.465,1625
2025-10-09 20:45:00,3974.485,3976.898,3972.755,3976.275,1271
2025-10-09 22:00:00,3974.925,3980.848,3957.955,3967.948,2685
2025-10-09 22:15:00,3968.048,3980.298,3967.948,3971.998,2071
2025-10-09 22:30:00,3971.998,3976.098,3970.898,3974.785,1639
2025-10-09 22:45:00,3974.785,3977.055,3973.445,3974.818,913
2025-10-09 23:00:00,3974.848,3978.238,3973.948,3974.885,1315
2025-10-09 23:15:00,3974.795,3985.825,3974.485,3982.915,1583
2025-10-09 23:30:00,3982.895,3988.435,3977.795,3987.965,2319
2025-10-09 23:45:00,3987.925,3990.715,3985.105,3989.548,2730
2025-10-10 00:00:00,3989.399,3991.915,3985.198,3990.195,3868
2025-10-10 00:15:00,3990.215,3993.055,3988.595,3991.445,2939
2025-10-10 00:30:00,3991.445,3992.905,3987.915,3992.635,2992
2025-10-10 00:45:00,3992.695,3994.175,3989.475,3990.875,2646
2025-10-10 01:00:00,3990.845,3992.165,3983.325,3984.535,6240
2025-10-10 01:15:00,3984.555,3984.675,3975.155,3981.255,5469
2025-10-10 01:30:00,3981.285,3981.495,3969.588,3974.225,5573
2025-10-10 01:45:00,3974.215,3980.905,3972.059,3972.855,4429
2025-10-10 02:00:00,3972.815,3981.855,3972.815,3981.815,4256
2025-10-10 02:15:00,3981.895,3985.298,3981.355,3983.905,2337
2025-10-10 02:30:00,3983.955,3986.585,3981.595,3982.519,2721
2025-10-10 02:45:00,3982.565,3984.445,3976.485,3978.175,3872
2025-10-10 03:00:00,3978.175,3978.965,3970.318,3970.995,4743
2025-10-10 03:15:00,3971.035,3973.985,3961.298,3970.115,4862
2025-10-10 03:30:00,3970.155,3973.635,3963.315,3964.335,4569
2025-10-10 03:45:00,3964.265,3966.635,3960.498,3961.499,3341
2025-10-10 04:00:00,3961.499,3964.285,3946.675,3947.605,4366
2025-10-10 04:15:00,3947.635,3958.798,3947.635,3958.525,4493
2025-10-10 04:30:00,3958.525,3963.885,3957.375,3963.305,3172
2025-10-10 04:45:00,3963.325,3966.515,3962.375,3965.965,2977
2025-10-10 05:00:00,3965.935,3972.535,3965.855,3972.075,4760
2025-10-10 05:15:00,3972.055,3977.575,3972.015,3972.535,5199
2025-10-10 05:30:00,3972.495,3974.675,3965.415,3974.345,6193
2025-10-10 05:45:00,3974.235,3976.559,3970.995,3974.498,4498
2025-10-10 06:00:00,3974.555,3975.695,3967.425,3970.925,4347
2025-10-10 06:15:00,3970.915,3973.098,3967.805,3971.335,3217
2025-10-10 06:30:00,3971.355,3975.698,3967.988,3972.115,4942
2025-10-10 06:45:00,3972.405,3973.185,3962.355,3968.045,5078
2025-10-10 07:00:00,3968.045,3968.275,3952.245,3958.405,6511
2025-10-10 07:15:00,3958.435,3966.105,3957.275,3964.765,5331
2025-10-10 07:30:00,3964.785,3966.758,3962.145,3964.605,3804
2025-10-10 07:45:00,3964.585,3976.065,3964.055,3971.705,4517
2025-10-10 08:00:00,3971.725,3988.135,3969.935,3987.915,5581
2025-10-10 08:15:00,3987.885,3988.645,3985.355,3986.315,5335
2025-10-10 08:30:00,3986.305,3990.245,3984.905,3990.205,4837
2025-10-10 08:45:00,3990.195,3994.515,3989.669,3991.698,5454
2025-10-10 09:00:00,3991.698,4001.475,3990.095,4000.205,4302
2025-10-10 09:15:00,4000.185,4000.975,3990.325,3996.148,4687
2025-10-10 09:30:00,3996.175,4003.405,3994.215,4002.305,4233
2025-10-10 09:45:00,4002.325,4006.385,3995.105,3995.455,5611
2025-10-10 10:00:00,3995.345,3997.345,3990.955,3992.585,5028
2025-10-10 10:15:00,3992.575,3998.875,3990.548,3998.635,2957
2025-10-10 10:30:00,3998.605,3999.895,3996.735,3997.925,2610
2025-10-10 10:45:00,3997.945,3999.705,3992.995,3993.645,3394
2025-10-10 11:00:00,3993.675,3999.275,3992.965,3998.195,3321
2025-10-10 11:15:00,3998.175,3999.625,3993.965,3996.775,3347
2025-10-10 11:30:00,3997.215,3998.445,3990.885,3992.115,4135
2025-10-10 11:45:00,3992.095,3995.105,3982.988,3986.845,5070
2025-10-10 12:00:00,3986.835,3991.335,3984.835,3988.225,4717
2025-10-10 12:15:00,3988.255,3993.235,3986.195,3991.125,5211
2025-10-10 12:30:00,3991.175,3991.555,3984.365,3985.935,4813
2025-10-10 12:45:00,3985.915,3989.315,3979.855,3985.475,4914
2025-10-10 13:00:00,3985.415,3988.665,3979.245,3987.095,5863
2025-10-10 13:15:00,3987.115,3994.465,3985.965,3992.315,5583
2025-10-10 13:30:00,3992.215,3997.845,3988.305,3993.105,8486
2025-10-10 13:45:00,3992.908,3993.035,3975.175,3979.945,9274
2025-10-10 14:00:00,3979.865,3982.425,3970.485,3980.455,9083
2025-10-10 14:15:00,3980.435,3986.915,3976.555,3983.085,6937
2025-10-10 14:30:00,3983.055,3988.415,3979.875,3982.175,6498
2025-10-10 14:45:00,3982.195,3993.798,3980.465,3989.635,6286
2025-10-10 15:00:00,3989.695,4011.755,3987.935,4008.865,11502
2025-10-10 15:15:00,4008.935,4019.798,4002.975,4016.448,10006
2025-10-10 15:30:00,4016.248,4022.748,4005.125,4007.098,10646
2025-10-10 15:45:00,4007.465,4007.485,3994.125,3997.525,10234
2025-10-10 16:00:00,3997.605,3998.348,3981.185,3989.815,10618
2025-10-10 16:15:00,3989.815,3991.998,3976.885,3987.565,8881
2025-10-10 16:30:00,3987.515,3994.808,3985.145,3986.105,7103
2025-10-10 16:45:00,3986.125,3987.665,3979.395,3983.195,7621
2025-10-10 17:00:00,3983.245,3983.695,3974.845,3981.798,7348
2025-10-10 17:15:00,3981.798,3986.505,3980.935,3984.315,6438
2025-10-10 17:30:00,3984.475,3991.728,3978.135,3988.885,5913
2025-10-10 17:45:00,3988.915,3990.885,3983.595,3989.605,4583
2025-10-10 18:00:00,3989.735,3996.848,3984.005,3995.465,4887
2025-10-10 18:15:00,3995.405,4008.815,3995.248,4003.748,5989
2025-10-10 18:30:00,4003.628,4004.698,3992.635,3995.048,6040
2025-10-10 18:45:00,3995.048,4003.705,3994.108,3998.775,4507
2025-10-10 19:00:00,3998.805,4004.905,3995.695,4004.898,5212
2025-10-10 19:15:00,4004.998,4008.315,4001.865,4004.898,5960
2025-10-10 19:30:00,4005.125,4017.565,4005.098,4017.475,6851
2025-10-10 19:45:00,4017.475,4021.075,4009.665,4011.015,7990
2025-10-10 20:00:00,4011.055,4015.535,4005.505,4005.505,3509
2025-10-10 20:15:00,4005.465,4012.845,4005.465,4012.145,2882
2025-10-10 20:30:00,4012.125,4013.135,4007.565,4012.715,2948
2025-10-10 20:45:00,4012.735,4020.595,4007.775,4017.845,5241
2025-10-13 00:00:00,4034.885,4035.895,4024.775,4031.675,5774
2025-10-13 00:15:00,4031.715,4041.335,4024.295,4040.145,5831
2025-10-13 00:30:00,4040.155,4057.015,4037.475,4056.605,6971
2025-10-13 00:45:00,4056.555,4059.425,4042.048,4043.415,6076
2025-10-13 01:00:00,4043.365,4053.098,4035.445,4043.648,7950
2025-10-13 01:15:00,4043.765,4046.648,4037.455,4041.795,5753
2025-10-13 01:30:00,4041.805,4052.668,4041.015,4049.675,5254
2025-10-13 01:45:00,4049.705,4054.725,4045.395,4052.865,4614
2025-10-13 02:00:00,4052.585,4055.685,4042.245,4049.165,5064
2025-10-13 02:15:00,4049.135,4050.685,4045.595,4045.915,2788
2025-10-13 02:30:00,4045.595,4050.545,4042.755,4047.048,4443
2025-10-13 02:45:00,4047.048,4048.655,4041.125,4047.905,2666
2025-10-13 03:00:00,4047.875,4049.975,4046.035,4049.745,3062
2025-10-13 03:15:00,4049.745,4052.455,4046.258,4051.575,3106
2025-10-13 03:30:00,4051.535,4055.245,4049.485,4054.655,3605
2025-10-13 03:45:00,4054.655,4056.045,4047.935,4051.728,3273
2025-10-13 04:00:00,4051.728,4054.355,4050.675,4052.758,1986
2025-10-13 04:15:00,4052.758,4056.995,4052.665,4055.975,2626
2025-10-13 04:30:00,4055.955,4058.895,4055.295,4057.165,2307
2025-10-13 04:45:00,4056.705,4057.155,4055.198,4055.865,1722
2025-10-13 05:00:00,4055.865,4065.565,4054.309,4062.698,4181
2025-10-13 05:15:00,4062.715,4073.715,4061.998,4070.955,4661
2025-10-13 05:30:00,4070.935,4077.748,4068.398,4075.485,5285
2025-10-13 05:45:00,4075.465,4076.245,4061.275,4063.348,5489
2025-10-13 06:00:00,4063.345,4066.898,4059.398,4065.205,5513
2025-10-13 06:15:00,4065.205,4071.205,4063.945,4068.455,5292
2025-10-13 06:30:00,4068.455,4073.315,4066.795,4069.615,4876
2025-10-13 06:45:00,4069.598,4070.325,4066.605,4069.098,4365
2025-10-13 07:00:00,4068.929,4072.708,4066.145,4071.455,4326
2025-10-13 07:15:00,4071.525,4075.848,4067.798,4074.185,4137
2025-10-13 07:30:00,4074.185,4075.275,4067.905,4074.885,4154
2025-10-13 07:45:00,4074.885,4077.105,4068.825,4070.705,3788
2025-10-13 08:00:00,4070.655,4076.005,4069.535,4075.205,3751
2025-10-13 08:15:00,4075.225,4075.885,4070.055,4073.265,3146
2025-10-13 08:30:00,4073.125,4073.935,4068.715,4073.935,3075
2025-10-13 08:45:00,4073.905,4079.015,4072.915,4077.535,3110
2025-10-13 09:00:00,4077.505,4079.555,4074.795,4075.875,2557
2025-10-13 09:15:00,4075.915,4076.398,4070.798,4071.285,2225
2025-10-13 09:30:00,4071.175,4074.205,4069.945,4073.105,2547
2025-10-13 09:45:00,4073.085,4079.505,4072.765,4077.045,2367
2025-10-13 10:00:00,4077.058,4077.245,4070.855,4071.125,3597
2025-10-13 10:15:00,4071.095,4076.105,4071.095,4076.055,2108
2025-10-13 10:30:00,4076.085,4079.845,4073.325,4077.645,2169
2025-10-13 10:45:00,4077.655,4085.065,4077.635,4080.785,2674
2025-10-13 11:00:00,4080.745,4084.305,4077.005,4081.865,4093
2025-10-13 11:15:00,4081.885,4084.535,4079.798,4081.155,2421
2025-10-13 11:30:00,4081.235,4081.235,4076.148,4076.895,3218
2025-10-13 11:45:00,4076.875,4077.755,4073.435,4073.745,2906
2025-10-13 12:00:00,4073.785,4076.798,4072.965,4074.535,3252
2025-10-13 12:15:00,4074.618,4084.235,4073.475,4083.505,4047
2025-10-13 12:30:00,4083.525,4085.785,4076.935,4078.155,5103
2025-10-13 12:45:00,4078.035,4080.665,4075.138,4079.445,3775
2025-10-13 13:00:00,4079.475,4087.975,4078.035,4087.475,4995
2025-10-13 13:15:00,4087.565,4092.795,4083.718,4091.125,4649
2025-10-13 13:30:00,4091.155,4093.185,4081.555,4086.265,7500
2025-10-13 13:45:00,4086.215,4095.318,4086.155,4093.925,6121
2025-10-13 14:00:00,4093.935,4096.405,4090.845,4092.145,5203
2025-10-13 14:15:00,4092.175,4096.695,4090.475,4094.485,5430
2025-10-13 14:30:00,4094.705,4099.398,4094.705,4096.755,5017
2025-10-13 14:45:00,4096.785,4103.575,4096.785,4097.085,4683
2025-10-13 15:00:00,4097.095,4099.405,4091.418,4096.615,5503
2025-10-13 15:15:00,4096.685,4100.015,4092.775,4092.958,3861
2025-10-13 15:30:00,4093.048,4099.745,4092.348,4099.595,3428
2025-10-13 15:45:00,4099.625,4107.158,4097.385,4104.675,4077
2025-10-13 16:00:00,4104.735,4116.415,4104.715,4115.525,4569
2025-10-13 16:15:00,4115.555,4117.005,4108.835,4109.725,4476
2025-10-13 16:30:00,4109.538,4112.005,4105.188,4105.728,4276
2025-10-13 16:45:00,4105.645,4112.475,4103.548,4105.415,4423
2025-10-13 17:00:00,4105.435,4107.815,4101.515,4106.545,4705
2025-10-13 17:15:00,4106.525,4115.215,4104.098,4112.435,4742
2025-10-13 17:30:00,4112.455,4113.475,4106.935,4106.975,4016
2025-10-13 17:45:00,4106.945,4108.075,4099.925,4103.498,4794
2025-10-13 18:00:00,4103.455,4104.198,4099.105,4101.785,4327
2025-10-13 18:15:00,4101.715,4107.295,4101.665,4104.448,4258
2025-10-13 18:30:00,4104.448,4106.995,4101.198,4101.525,3881
2025-10-13 18:45:00,4101.635,4104.455,4099.935,4101.585,3261
2025-10-13 19:00:00,4101.575,4102.835,4090.565,4097.865,5438
2025-10-13 19:15:00,4097.835,4106.345,4097.515,4104.565,3022
2025-10-13 19:30:00,4104.545,4106.525,4101.865,4104.745,2730
2025-10-13 19:45:00,4104.748,4110.655,4103.545,4108.385,3909
2025-10-13 20:00:00,4108.445,4110.035,4105.805,4108.665,1144
2025-10-13 20:15:00,4108.645,4110.998,4107.748,4110.498,782
2025-10-13 20:30:00,4110.395,4110.498,4107.298,4109.898,941
2025-10-13 20:45:00,4109.785,4112.448,4109.095,4109.095,1512
2025-10-13 22:00:00,4110.225,4113.348,4108.498,4112.705,1383
2025-10-13 22:15:00,4112.675,4113.948,4108.455,4108.748,1392
2025-10-13 22:30:00,4108.848,4109.748,4106.365,4107.945,1421
2025-10-13 22:45:00,4107.965,4115.448,4107.945,4114.648,1527
2025-10-13 23:00:00,4114.275,4116.598,4112.748,4114.525,1763
2025-10-13 23:15:00,4114.555,4116.685,4112.655,4114.798,1484
2025-10-13 23:30:00,4114.898,4131.265,4114.765,4128.135,4360
2025-10-13 23:45:00,4128.145,4131.748,4125.345,4127.798,4182
2025-10-14 00:00:00,4127.898,4129.398,4119.675,4123.148,5429
2025-10-14 00:15:00,4122.855,4126.498,4119.065,4126.048,3685
2025-10-14 00:30:00,4126.048,4129.248,4124.548,4127.855,3448
2025-10-14 00:45:00,4127.875,4130.085,4124.065,4124.155,3137
2025-10-14 01:00:00,4124.155,4140.898,4122.845,4140.255,7176
2025-10-14 01:15:00,4140.248,4149.685,4138.955,4146.575,6152
2025-10-14 01:30:00,4146.585,4148.875,4134.725,4139.548,6863
2025-10-14 01:45:00,4139.548,4139.948,4131.798,4136.715,5619
2025-10-14 02:00:00,4136.685,4143.498,4136.475,4141.048,4606
2025-10-14 02:15:00,4141.048,4143.298,4137.848,4142.085,2823
2025-10-14 02:30:00,4142.198,4149.635,4141.598,4147.115,4681
2025-10-14 02:45:00,4147.125,4148.505,4142.495,4145.645,4473
2025-10-14 03:00:00,4145.685,4155.248,4144.865,4154.565,4433
2025-10-14 03:15:00,4154.585,4159.305,4154.585,4159.145,4356
2025-10-14 03:30:00,4159.115,4162.395,4157.875,4161.735,4793
2025-10-14 03:45:00,4161.895,4166.065,4160.165,4162.885,4484
2025-10-14 04:00:00,4162.785,4168.985,4159.648,4167.065,3758
2025-10-14 04:15:00,4167.045,4167.165,4157.325,4163.548,4505
2025-10-14 04:30:00,4163.565,4164.205,4155.505,4162.528,3721
2025-10-14 04:45:00,4162.298,4169.665,4161.948,4167.865,2874
2025-10-14 05:00:00,4167.835,4176.895,4165.488,4176.275,4563
2025-10-14 05:15:00,4176.275,4179.355,4174.098,4179.095,6509
2025-10-14 05:30:00,4178.998,4179.335,4118.615,4119.185,11450
2025-10-14 05:45:00,4118.815,4136.995,4110.448,4120.585,11054
2025-10-14 06:00:00,4120.535,4133.448,4105.585,4110.798,10213
2025-10-14 06:15:00,4110.898,4118.205,4089.885,4113.415,10892
2025-10-14 06:30:00,4113.475,4114.685,4098.148,4098.348,9217
2025-10-14 06:45:00,4098.338,4112.545,4089.805,4111.865,8561
2025-10-14 07:00:00,4111.298,4112.835,4102.325,4111.955,7886
2025-10-14 07:15:00,4111.898,4127.585,4110.055,4123.405,7193
2025-10-14 07:30:00,4123.445,4126.498,4116.395,4119.598,7147
2025-10-14 07:45:00,4119.598,4126.498,4118.798,4126.175,5696
2025-10-14 08:00:00,4126.155,4140.615,4124.435,4140.438,6839
2025-10-14 08:15:00,4140.548,4144.275,4137.725,4143.948,5416
2025-10-14 08:30:00,4143.948,4144.898,4129.935,4132.225,6517
2025-10-14 08:45:00,4132.215,4143.698,4131.925,4143.598,5589
2025-10-14 09:00:00,4143.555,4143.898,4133.655,4140.498,5191
2025-10-14 09:15:00,4140.498,4141.595,4137.645,4139.375,4436
2025-10-14 09:30:00,4139.398,4143.665,4135.105,4136.635,4724
2025-10-14 09:45:00,4136.665,4136.978,4121.288,4127.048,7236
2025-10-14 10:00:00,4127.065,4129.815,4124.455,4128.945,5205
2025-10-14 10:15:00,4128.905,4139.415,4126.845,4139.285,4974
2025-10-14 10:30:00,4139.315,4144.065,4136.035,4139.295,4779
2025-10-14 10:45:00,4139.315,4139.485,4128.318,4131.298,5469
2025-10-14 11:00:00,4131.298,4134.298,4129.088,4129.755,3911
2025-10-14 11:15:00,4129.785,4137.685,4128.048,4131.975,4115
2025-10-14 11:30:00,4132.065,4132.385,4126.155,4130.355,3000
2025-10-14 11:45:00,4130.335,4130.785,4125.569,4130.155,3752
2025-10-14 12:00:00,4130.175,4134.335,4126.185,4129.975,4629
2025-10-14 12:15:00,4129.955,4133.495,4116.255,4118.425,6876
2025-10-14 12:30:00,4118.325,4119.795,4106.645,4109.398,7613
2025-10-14 12:45:00,4109.405,4113.505,4103.178,4106.318,6886
2025-10-14 13:00:00,4106.318,4113.225,4097.598,4112.898,8738
2025-10-14 13:15:00,4112.775,4119.795,4104.785,4110.155,7806
2025-10-14 13:30:00,4109.958,4128.595,4106.215,4126.585,8828
2025-10-14 13:45:00,4126.565,4129.195,4113.765,4123.715,8928
2025-10-14 14:00:00,4123.755,4137.225,4120.915,4134.045,8156
2025-10-14 14:15:00,4134.015,4135.825,4126.405,4132.805,6998
2025-10-14 14:30:00,4132.605,4137.435,4127.595,4130.275,5864
2025-10-14 14:45:00,4130.255,4134.748,4126.048,4128.975,6019
2025-10-14 15:00:00,4129.015,4140.798,4126.055,4140.798,6703
2025-10-14 15:15:00,4140.798,4140.948,4135.365,4137.735,4521
2025-10-14 15:30:00,4137.705,4142.348,4136.495,4138.898,5200
2025-10-14 15:45:00,4138.898,4140.145,4131.525,4137.675,4788
2025-10-14 16:00:00,4137.695,4141.555,4128.515,4130.898,4812
2025-10-14 16:15:00,4130.898,4138.148,4127.555,4133.315,6138
2025-10-14 16:30:00,4133.198,4143.698,4128.455,4142.455,5779
2025-10-14 16:45:00,4142.425,4155.075,4139.535,4140.135,6881
2025-10-14 17:00:00,4140.145,4149.815,4137.015,4145.105,5428
2025-10-14 17:15:00,4145.115,4152.698,4141.398,4146.735,5639
2025-10-14 17:30:00,4146.785,4152.348,4146.498,4149.175,4446
2025-10-14 17:45:00,4149.148,4149.648,4143.135,4147.825,4123
2025-10-14 18:00:00,4147.975,4152.365,4146.915,4147.975,3869
2025-10-14 18:15:00,4147.975,4149.045,4142.905,4145.575,5651
2025-10-14 18:30:00,4145.565,4149.095,4145.195,4148.295,4629
2025-10-14 18:45:00,4148.295,4150.325,4147.935,4148.015,5071
2025-10-14 19:00:00,4147.985,4150.448,4145.979,4148.748,3577
2025-10-14 19:15:00,4148.655,4150.205,4147.048,4149.445,3440
2025-10-14 19:30:00,4149.445,4149.975,4134.195,4138.985,8073
2025-10-14 19:45:00,4139.281,4144.325,4135.215,4141.355,7494
2025-10-14 20:00:00,4141.495,4144.645,4139.165,4143.555,3056
2025-10-14 20:15:00,4143.535,4145.765,4142.745,4143.665,2015
2025-10-14 20:30:00,4143.685,4143.755,4141.665,4141.925,1902
2025-10-14 20:45:00,4141.905,4145.315,4140.925,4140.925,1595
2025-10-14 22:00:00,4141.955,4160.548,4140.065,4160.448,2157
2025-10-14 22:15:00,4160.348,4163.248,4150.808,4152.075,3291
2025-10-14 22:30:00,4151.785,4160.205,4149.725,4157.175,2109
2025-10-14 22:45:00,4157.195,4161.595,4156.885,4158.098,1198
2025-10-14 23:00:00,4158.209,4161.598,4156.675,4159.948,1162
2025-10-14 23:15:00,4159.948,4163.898,4158.678,4163.398,1499
2025-10-14 23:30:00,4163.198,4165.869,4161.835,4165.175,1928
2025-10-14 23:45:00,4165.155,4166.955,4159.905,4161.325,1849
2025-10-15 00:00:00,4161.305,4169.415,4157.805,4168.345,3173
2025-10-15 00:15:00,4168.365,4169.215,4153.465,4155.715,3589
2025-10-15 00:30:00,4155.745,4168.575,4154.645,4166.815,3360
2025-10-15 00:45:00,4166.798,4167.755,4158.935,4162.215,2961
2025-10-15 01:00:00,4162.185,4184.855,4161.745,4178.825,7205
2025-10-15 01:15:00,4178.639,4186.565,4173.598,4185.155,6115
2025-10-15 01:30:00,4185.098,4186.265,4175.585,4177.515,5072
2025-10-15 01:45:00,4177.498,4182.735,4175.755,4181.445,3699
2025-10-15 02:00:00,4181.555,4184.345,4177.535,4179.555,3715
2025-10-15 02:15:00,4179.525,4183.675,4178.498,4178.765,1931
2025-10-15 02:30:00,4178.735,4179.748,4166.698,4171.348,5967
2025-10-15 02:45:00,4171.448,4176.975,4167.648,4176.275,4483
2025-10-15 03:00:00,4176.345,4184.515,4175.955,4183.365,3387
2025-10-15 03:15:00,4183.395,4185.535,4179.335,4183.398,3386
2025-10-15 03:30:00,4183.398,4185.198,4179.948,4184.535,2353
2025-10-15 03:45:00,4184.515,4190.515,4184.325,4186.815,2540
2025-10-15 04:00:00,4186.905,4187.325,4182.245,4184.755,1774
2025-10-15 04:15:00,4184.695,4185.115,4172.848,4175.948,2597
2025-10-15 04:30:00,4176.048,4180.155,4173.905,4178.875,2558
2025-10-15 04:45:00,4178.885,4179.735,4177.565,4179.405,1277
2025-10-15 05:00:00,4179.365,4190.585,4176.295,4189.485,3124
2025-10-15 05:15:00,4189.485,4192.918,4185.748,4192.485,3055
2025-10-15 05:30:00,4192.488,4193.318,4184.338,4188.295,4491
2025-10-15 05:45:00,4188.215,4191.595,4184.305,4185.548,3378
2025-10-15 06:00:00,4185.448,4193.285,4183.848,4191.785,3462
2025-10-15 06:15:00,4191.835,4192.415,4187.185,4189.955,2983
2025-10-15 06:30:00,4189.975,4194.155,4187.275,4193.755,3407
2025-10-15 06:45:00,4193.775,4200.155,4193.205,4199.255,3138
2025-10-15 07:00:00,4199.125,4200.445,4194.145,4199.305,2866
2025-10-15 07:15:00,4199.345,4200.505,4197.615,4199.425,2533
2025-10-15 07:30:00,4199.375,4207.775,4198.705,4204.655,3662
2025-10-15 07:45:00,4204.615,4209.645,4204.085,4207.545,2288
2025-10-15 08:00:00,4207.595,4216.095,4206.925,4212.725,3675
2025-10-15 08:15:00,4212.705,4217.995,4207.985,4210.425,3743
2025-10-15 08:30:00,4210.455,4216.715,4210.148,4215.155,2476
2025-10-15 08:45:00,4215.175,4216.745,4207.348,4207.885,2708
2025-10-15 09:00:00,4207.885,4211.865,4202.345,4202.385,3626
2025-10-15 09:15:00,4202.455,4203.495,4163.149,4189.815,8788
2025-10-15 09:30:00,4189.595,4196.475,4188.325,4192.665,5370
2025-10-15 09:45:00,4192.655,4195.485,4189.615,4192.175,3691
2025-10-15 10:00:00,4192.119,4200.498,4191.005,4198.745,3792
2025-10-15 10:15:00,4198.745,4206.048,4195.288,4201.145,3757
2025-10-15 10:30:00,4200.575,4202.105,4190.119,4191.785,2881
2025-10-15 10:45:00,4191.595,4203.045,4191.125,4202.525,3054
2025-10-15 11:00:00,4202.425,4203.315,4197.225,4202.105,2685
2025-10-15 11:15:00,4202.245,4203.035,4199.845,4201.805,2033
2025-10-15 11:30:00,4201.825,4203.975,4196.998,4197.865,3706
2025-10-15 11:45:00,4197.855,4200.365,4193.385,4198.465,3634
2025-10-15 12:00:00,4198.498,4202.465,4192.475,4192.645,3239
2025-10-15 12:15:00,4192.665,4193.515,4180.0,4180.919,7883
2025-10-15 12:30:00,4180.919,4189.385,4175.779,4185.075,5744
2025-10-15 12:45:00,4185.105,4192.285,4180.995,4190.425,4484
2025-10-15 13:00:00,4190.415,4197.165,4182.645,4195.135,6247
2025-10-15 13:15:00,4195.235,4197.598,4188.585,4194.025,5599
2025-10-15 13:30:00,4194.005,4198.495,4183.075,4194.615,8551
2025-10-15 13:45:00,4194.615,4197.095,4186.688,4191.848,7945
2025-10-15 14:00:00,4191.848,4212.135,4191.475,4207.945,7662
2025-10-15 14:15:00,4207.925,4211.509,4203.988,4205.589,6249
2025-10-15 14:30:00,4205.589,4206.879,4193.855,4198.055,5875
2025-10-15 14:45:00,4198.048,4203.448,4191.285,4199.805,5600
2025-10-15 15:00:00,4199.825,4201.605,4193.065,4198.425,6375
2025-10-15 15:15:00,4198.405,4202.755,4196.665,4201.055,6622
2025-10-15 15:30:00,4201.015,4201.415,4184.415,4194.395,7201
2025-10-15 15:45:00,4194.425,4198.198,4179.145,4190.348,7716
2025-10-15 16:00:00,4190.348,4195.535,4185.975,4190.815,6156
2025-10-15 16:15:00,4190.815,4199.239,4190.695,4196.925,4930
2025-10-15 16:30:00,4196.925,4198.155,4189.725,4196.355,5202
2025-10-15 16:45:00,4196.248,4199.675,4192.519,4198.735,4365
2025-10-15 17:00:00,4198.745,4199.448,4182.975,4185.145,5867
2025-10-15 17:15:00,4185.105,4192.975,4182.345,4188.215,7470
2025-10-15 17:30:00,4188.325,4192.845,4186.125,4192.648,4984
2025-10-15 17:45:00,4192.648,4197.648,4191.975,4197.648,4111
2025-10-15 18:00:00,4197.548,4204.498,4196.048,4199.998,6210
2025-10-15 18:15:00,4199.898,4200.498,4194.828,4198.095,5012
2025-10-15 18:30:00,4197.818,4199.975,4196.395,4198.805,2464
2025-10-15 18:45:00,4198.825,4201.258,4195.838,4200.455,3568
2025-10-15 19:00:00,4200.448,4206.065,4200.245,4205.578,3641
2025-10-15 19:15:00,4205.638,4211.595,4205.065,4210.735,4525
2025-10-15 19:30:00,4210.705,4212.255,4205.448,4205.935,4579
2025-10-15 19:45:00,4205.965,4213.285,4205.705,4210.015,5088
2025-10-15 20:00:00,4210.098,4212.548,4208.148,4208.755,1864
2025-10-15 20:15:00,4208.735,4209.848,4205.798,4207.348,1821
2025-10-15 20:30:00,4207.555,4211.098,4206.918,4210.365,1399
2025-10-15 20:45:00,4210.415,4210.515,4206.575,4206.575,1277
2025-10-15 22:00:00,4208.395,4212.765,4202.725,4204.745,1922
2025-10-15 22:15:00,4204.785,4212.555,4199.285,4211.248,2915
2025-10-15 22:30:00,4211.265,4215.275,4209.948,4215.125,2007
2025-10-15 22:45:00,4215.115,4215.555,4211.735,4212.848,1261
2025-10-15 23:00:00,4212.809,4215.448,4208.205,4210.085,2125
2025-10-15 23:15:00,4210.085,4212.458,4208.295,4211.615,2258
2025-10-15 23:30:00,4211.615,4212.625,4205.685,4208.045,1577
2025-10-15 23:45:00,4207.985,4211.405,4206.705,4209.285,2433
2025-10-16 00:00:00,4209.285,4215.475,4204.698,4214.775,2866
2025-10-16 00:15:00,4214.765,4224.945,4214.695,4222.795,3321
2025-10-16 00:30:00,4222.925,4226.995,4220.385,4222.665,3928
2025-10-16 00:45:00,4222.748,4222.965,4210.075,4210.125,4112
2025-10-16 01:00:00,4210.125,4222.585,4210.125,4220.398,5682
2025-10-16 01:15:00,4220.615,4227.845,4218.135,4224.475,4607
2025-10-16 01:30:00,4224.475,4232.745,4223.455,4230.605,4506
2025-10-16 01:45:00,4230.675,4231.215,4222.448,4229.998,3965
2025-10-16 02:00:00,4230.008,4234.345,4229.358,4234.215,3098
2025-10-16 02:15:00,4234.235,4234.315,4231.115,4231.425,2147
2025-10-16 02:30:00,4231.365,4236.145,4225.655,4235.785,4053
2025-10-16 02:45:00,4235.795,4239.335,4233.825,4239.295,3408
2025-10-16 03:00:00,4239.115,4241.955,4235.075,4238.255,3865
2025-10-16 03:15:00,4238.215,4241.075,4233.815,4235.165,4080
2025-10-16 03:30:00,4235.135,4236.398,4228.798,4233.035,3861
2025-10-16 03:45:00,4233.035,4235.405,4231.555,4233.545,2198
2025-10-16 04:00:00,4233.235,4235.598,4229.985,4234.775,1897
2025-10-16 04:15:00,4234.755,4238.915,4234.105,4237.895,1457
2025-10-16 04:30:00,4237.845,4239.185,4232.485,4234.185,2579
2025-10-16 04:45:00,4234.155,4234.745,4227.835,4233.315,3621
2025-10-16 05:00:00,4233.325,4234.595,4224.385,4226.785,3247
2025-10-16 05:15:00,4226.815,4230.585,4221.275,4223.675,3849
2025-10-16 05:30:00,4223.655,4223.765,4204.205,4211.398,9126
2025-10-16 05:45:00,4211.398,4211.398,4203.175,4204.605,6977
2025-10-16 06:00:00,4204.295,4222.575,4203.315,4221.705,6403
2025-10-16 06:15:00,4221.695,4227.095,4221.635,4224.375,4356
2025-10-16 06:30:00,4224.085,4226.005,4218.215,4218.345,4009
2025-10-16 06:45:00,4218.375,4222.615,4215.395,4222.575,3658
2025-10-16 07:00:00,4222.285,4231.595,4222.148,4231.495,3562
2025-10-16 07:15:00,4231.515,4233.855,4228.938,4233.548,3395
2025-10-16 07:30:00,4233.548,4233.548,4226.548,4230.215,2505
2025-10-16 07:45:00,4230.245,4231.545,4225.835,4230.455,2908
2025-10-16 08:00:00,4230.485,4235.785,4230.383,4231.755,3045
2025-10-16 08:15:00,4231.755,4235.425,4230.585,4231.148,2405
2025-10-16 08:30:00,4231.265,4232.765,4228.305,4231.985,2520
2025-10-16 08:45:00,4232.025,4234.125,4229.045,4232.705,1800
2025-10-16 09:00:00,4232.785,4234.745,4228.935,4229.845,2257
2025-10-16 09:15:00,4229.775,4231.345,4222.565,4222.885,2952
2025-10-16 09:30:00,4222.865,4227.695,4221.665,4227.095,3070
2025-10-16 09:45:00,4227.055,4241.735,4227.025,4239.165,3398
2025-10-16 10:00:00,4239.135,4242.955,4234.955,4238.645,3767
2025-10-16 10:15:00,4238.625,4241.945,4236.178,4237.448,2502
2025-10-16 10:30:00,4237.448,4240.048,4233.845,4238.985,2246
2025-10-16 10:45:00,4239.048,4245.905,4237.745,4242.555,3094
2025-10-16 11:00:00,4242.425,4244.795,4239.215,4242.865,2842
2025-10-16 11:15:00,4242.975,4246.448,4241.815,4244.305,2544
2025-10-16 11:30:00,4244.278,4247.355,4242.278,4246.315,3314
2025-10-16 11:45:00,4246.315,4247.355,4239.845,4240.265,3400
2025-10-16 12:00:00,4240.265,4244.825,4239.788,4244.705,2694
2025-10-16 12:15:00,4244.935,4245.105,4236.425,4238.248,3460
2025-10-16 12:30:00,4238.248,4250.775,4227.185,4236.975,6654
2025-10-16 12:45:00,4236.905,4240.175,4232.765,4235.805,6014
2025-10-16 13:00:00,4235.825,4247.015,4234.715,4245.495,6298
2025-10-16 13:15:00,4245.505,4254.675,4243.825,4251.295,5679
2025-10-16 13:30:00,4251.275,4258.448,4244.998,4255.448,7756
2025-10-16 13:45:00,4255.448,4256.485,4242.855,4245.995,6176
2025-10-16 14:00:00,4245.335,4265.515,4245.125,4265.135,7111
2025-10-16 14:15:00,4265.165,4265.205,4255.265,4262.635,6468
2025-10-16 14:30:00,4262.639,4267.315,4258.265,4259.265,6433
2025-10-16 14:45:00,4259.245,4264.585,4253.805,4263.048,5832
2025-10-16 15:00:00,4263.055,4271.598,4260.275,4269.255,6031
2025-10-16 15:15:00,4269.225,4272.948,4269.048,4271.548,5512
2025-10-16 15:30:00,4271.525,4273.035,4267.005,4270.405,6010
2025-10-16 15:45:00,4270.405,4275.748,4268.495,4273.345,5759
2025-10-16 16:00:00,4273.375,4280.005,4269.185,4278.465,5442
2025-10-16 16:15:00,4278.475,4291.848,4277.655,4289.315,7820
2025-10-16 16:30:00,4289.315,4291.475,4261.215,4271.325,11029
2025-10-16 16:45:00,4271.345,4284.345,4268.285,4282.495,8725
2025-10-16 17:00:00,4282.475,4290.699,4279.655,4289.045,7254
2025-10-16 17:15:00,4289.065,4294.848,4287.005,4289.385,6112
2025-10-16 17:30:00,4289.415,4298.405,4288.665,4290.895,4977
2025-10-16 17:45:00,4290.895,4295.265,4287.235,4293.848,4732
2025-10-16 18:00:00,4293.848,4294.635,4283.935,4284.515,5039
2025-10-16 18:15:00,4284.455,4291.385,4272.955,4285.285,8114
2025-10-16 18:30:00,4285.245,4292.898,4282.798,4292.598,5953
2025-10-16 18:45:00,4292.598,4293.698,4287.175,4290.535,4671
2025-10-16 19:00:00,4290.529,4295.848,4287.805,4292.898,4954
2025-10-16 19:15:00,4292.915,4296.865,4287.435,4294.875,5634
2025-10-16 19:30:00,4294.855,4296.635,4290.635,4296.298,4696
2025-10-16 19:45:00,4296.298,4312.648,4294.295,4307.025,7752
2025-10-16 20:00:00,4307.135,4320.329,4307.098,4316.415,4629
2025-10-16 20:15:00,4316.565,4317.645,4313.095,4315.525,1988
2025-10-16 20:30:00,4315.525,4318.455,4311.535,4317.935,1931
2025-10-16 20:45:00,4317.865,4330.465,4317.585,4327.195,3726
2025-10-16 22:00:00,4330.965,4359.945,4326.285,4349.635,5315
2025-10-16 22:15:00,4349.635,4379.125,4349.215,4367.638,5790
2025-10-16 22:30:00,4367.638,4367.648,4342.535,4360.298,5391
2025-10-16 22:45:00,4360.245,4364.195,4343.435,4346.315,4770
2025-10-16 23:00:00,4346.315,4362.998,4340.908,4354.985,4200
2025-10-16 23:15:00,4354.985,4363.435,4352.885,4363.435,2319
2025-10-16 23:30:00,4363.475,4369.375,4349.498,4368.295,4566
2025-10-16 23:45:00,4368.285,4378.905,4359.848,4365.225,6149
2025-10-17 00:00:00,4365.205,4366.515,4354.885,4356.495,4860
2025-10-17 00:15:00,4356.555,4363.565,4355.765,4357.585,4948
2025-10-17 00:30:00,4357.615,4367.805,4353.365,4366.625,4823
2025-10-17 00:45:00,4366.655,4371.445,4356.075,4358.015,4854
2025-10-17 01:00:00,4357.855,4362.075,4343.505,4347.185,9617
2025-10-17 01:15:00,4347.185,4347.808,4323.648,4333.765,9005
2025-10-17 01:30:00,4333.505,4337.375,4278.295,4290.005,9862
2025-10-17 01:45:00,4290.045,4313.748,4279.148,4313.705,10429
2025-10-17 02:00:00,4313.735,4335.655,4311.668,4327.458,8981
2025-10-17 02:15:00,4327.458,4333.365,4322.845,4332.435,6878
2025-10-17 02:30:00,4332.245,4344.435,4331.255,4339.405,6383
2025-10-17 02:45:00,4339.415,4348.205,4336.055,4342.325,5722
2025-10-17 03:00:00,4342.265,4359.485,4338.535,4358.415,6268
2025-10-17 03:15:00,4358.225,4360.825,4354.725,4356.545,5100
2025-10-17 03:30:00,4356.505,4360.415,4354.005,4356.515,3956
2025-10-17 03:45:00,4356.465,4366.545,4354.765,4366.525,3380
2025-10-17 04:00:00,4366.555,4376.355,4366.395,4370.645,4075
2025-10-17 04:15:00,4370.685,4370.805,4354.648,4358.285,4946
2025-10-17 04:30:00,4358.285,4364.975,4357.745,4360.405,3065
2025-10-17 04:45:00,4360.425,4377.005,4359.615,4376.155,4179
2025-10-17 05:00:00,4376.135,4378.455,4365.355,4367.645,5479
2025-10-17 05:15:00,4367.615,4368.225,4357.745,4359.555,4320
2025-10-17 05:30:00,4359.615,4363.005,4341.625,4359.435,6887
2025-10-17 05:45:00,4359.425,4369.405,4356.495,4365.785,5063
2025-10-17 06:00:00,4365.825,4369.385,4354.435,4358.655,5320
2025-10-17 06:15:00,4358.575,4364.305,4355.925,4361.315,6301
2025-10-17 06:30:00,4361.345,4364.985,4346.545,4363.805,6795
2025-10-17 06:45:00,4363.775,4367.165,4356.708,4359.845,4790
2025-10-17 07:00:00,4359.915,4361.635,4351.545,4355.185,6369
2025-10-17 07:15:00,4355.155,4356.945,4308.235,4338.048,8199
2025-10-17 07:30:00,4338.048,4349.165,4330.118,4345.215,8486
2025-10-17 07:45:00,4345.135,4348.875,4329.555,4342.085,7940
2025-10-17 08:00:00,4342.165,4347.115,4320.745,4333.715,9017
2025-10-17 08:15:00,4333.755,4349.505,4333.755,4341.155,7292
2025-10-17 08:30:00,4341.155,4346.605,4332.615,4345.965,6675
2025-10-17 08:45:00,4345.958,4349.495,4339.855,4347.418,5961
2025-10-17 09:00:00,4347.418,4348.148,4340.465,4341.585,4625
2025-10-17 09:15:00,4341.645,4342.525,4332.085,4335.185,5177
2025-10-17 09:30:00,4335.165,4344.958,4333.475,4338.035,4600
2025-10-17 09:45:00,4338.035,4341.818,4335.195,4339.985,3376
2025-10-17 10:00:00,4339.935,4341.965,4337.898,4337.898,3230
2025-10-17 10:15:00,4337.898,4341.335,4335.925,4340.955,3792
2025-10-17 10:30:00,4340.995,4341.415,4319.415,4331.065,7260
2025-10-17 10:45:00,4331.095,4337.285,4326.595,4327.395,5405
2025-10-17 11:00:00,4327.355,4335.755,4316.355,4319.325,7171
2025-10-17 11:15:00,4319.355,4332.409,4318.285,4321.898,7333
2025-10-17 11:30:00,4321.898,4322.569,4303.165,4307.295,9078
2025-10-17 11:45:00,4307.275,4314.035,4286.435,4286.795,8821
2025-10-17 12:00:00,4286.775,4316.295,4283.355,4314.939,9922
2025-10-17 12:15:00,4314.919,4315.435,4291.778,4293.039,9393
2025-10-17 12:30:00,4293.039,4315.355,4290.955,4314.255,8463
2025-10-17 12:45:00,4314.225,4319.785,4310.565,4314.209,7207
2025-10-17 13:00:00,4314.349,4315.995,4300.875,4312.848,9430
2025-10-17 13:15:00,4313.048,4317.275,4303.655,4315.975,7557
2025-10-17 13:30:00,4315.835,4316.715,4258.115,4285.895,12255
2025-10-17 13:45:00,4285.985,4293.248,4271.355,4273.485,11408
2025-10-17 14:00:00,4273.635,4274.225,4216.545,4216.959,12468
2025-10-17 14:15:00,4216.869,4244.748,4216.465,4240.389,11206
2025-10-17 14:30:00,4241.265,4266.145,4230.185,4258.495,11825
2025-10-17 14:45:00,4258.965,4260.225,4243.475,4248.635,11009
2025-10-17 15:00:00,4248.635,4259.125,4239.895,4242.005,9980
2025-10-17 15:15:00,4242.085,4248.805,4230.675,4248.015,9334
2025-10-17 15:30:00,4248.025,4258.998,4245.305,4255.285,6797
2025-10-17 15:45:00,4255.285,4256.165,4236.045,4237.235,7364
2025-10-17 16:00:00,4237.245,4244.725,4224.965,4233.635,8508
2025-10-17 16:15:00,4233.485,4239.175,4214.695,4215.208,8217
2025-10-17 16:30:00,4214.635,4221.195,4205.525,4208.145,10619
2025-10-17 16:45:00,4208.275,4220.415,4200.055,4204.465,10356
2025-10-17 17:00:00,4204.545,4208.898,4185.425,4206.375,10672
2025-10-17 17:15:00,4206.405,4214.148,4198.769,4200.685,9396
2025-10-17 17:30:00,4200.685,4228.248,4196.105,4222.118,8309
2025-10-17 17:45:00,4222.108,4226.005,4216.475,4220.648,7968
2025-10-17 18:00:00,4220.705,4241.355,4217.748,4233.048,8408
2025-10-17 18:15:00,4233.048,4244.445,4230.745,4244.355,6685
2025-10-17 18:30:00,4244.375,4244.435,4233.895,4233.995,5186
2025-10-17 18:45:00,4233.975,4242.015,4231.735,4235.335,4714
2025-10-17 19:00:00,4235.645,4237.725,4222.305,4223.345,5471
2025-10-17 19:15:00,4223.765,4224.805,4212.385,4216.255,6584
2025-10-17 19:30:00,4216.265,4228.885,4216.265,4221.655,5191
2025-10-17 19:45:00,4221.635,4231.225,4218.185,4225.395,6628
2025-10-17 20:00:00,4225.725,4233.755,4219.765,4231.655,5191
2025-10-17 20:15:00,4231.665,4246.025,4230.725,4245.495,4686
2025-10-17 20:30:00,4245.495,4247.698,4242.125,4246.548,3917
2025-10-17 20:45:00,4246.365,4252.198,4243.215,4250.855,3139
2025-10-20 00:00:00,4237.625,4242.245,4223.985,4224.805,6927
2025-10-20 00:15:00,4224.795,4235.655,4218.505,4221.965,6698
2025-10-20 00:30:00,4221.835,4243.845,4220.155,4240.495,6579
2025-10-20 00:45:00,4240.515,4250.345,4238.745,4248.955,5734
2025-10-20 01:00:00,4248.985,4255.405,4229.045,4255.065,9769
2025-10-20 01:15:00,4254.885,4264.335,4248.259,4262.635,7625
2025-10-20 01:30:00,4262.325,4266.085,4255.675,4265.825,6628
2025-10-20 01:45:00,4265.855,4268.785,4258.475,4262.135,5703
2025-10-20 02:00:00,4262.165,4265.235,4258.569,4262.429,5612
2025-10-20 02:15:00,4262.429,4267.015,4259.625,4266.575,3299
2025-10-20 02:30:00,4266.365,4270.995,4260.605,4260.725,5901
2025-10-20 02:45:00,4260.725,4262.198,4253.105,4255.429,5104
2025-10-20 03:00:00,4255.429,4259.448,4251.785,4253.289,4736
2025-10-20 03:15:00,4253.369,4262.389,4251.915,4254.448,4005
2025-10-20 03:30:00,4254.489,4256.835,4248.335,4254.645,3871
2025-10-20 03:45:00,4254.685,4265.009,4254.065,4264.379,3789
2025-10-20 04:00:00,4264.379,4266.899,4260.165,4261.615,3462
2025-10-20 04:15:00,4261.645,4264.625,4260.215,4264.215,2353
2025-10-20 04:30:00,4264.235,4268.048,4262.125,4266.345,2733
2025-10-20 04:45:00,4266.315,4267.618,4264.579,4266.045,1917
2025-10-20 05:00:00,4265.459,4266.439,4258.425,4261.315,3517
2025-10-20 05:15:00,4261.285,4263.115,4246.999,4256.785,4412
2025-10-20 05:30:00,4256.825,4260.225,4249.739,4254.658,6201
2025-10-20 05:45:00,4254.658,4255.385,4239.355,4239.445,6576
2025-10-20 06:00:00,4239.525,4244.548,4230.725,4243.559,8086
2025-10-20 06:15:00,4243.599,4245.498,4225.655,4226.409,6509
2025-10-20 06:30:00,4226.369,4240.489,4221.005,4233.998,6883
2025-10-20 06:45:00,4233.698,4237.248,4229.958,4235.948,5810
2025-10-20 07:00:00,4235.948,4256.875,4234.305,4254.315,5908
2025-10-20 07:15:00,4254.335,4259.705,4253.415,4253.755,4041
2025-10-20 07:30:00,4253.755,4260.615,4251.198,4258.785,3686
2025-10-20 07:45:00,4258.765,4260.345,4253.795,4254.895,3412
2025-10-20 08:00:00,4254.875,4262.815,4253.655,4260.545,4638
2025-10-20 08:15:00,4260.575,4261.505,4256.795,4260.325,2563
2025-10-20 08:30:00,4260.295,4265.915,4256.738,4258.745,3328
2025-10-20 08:45:00,4258.695,4259.435,4252.115,4258.455,3357
2025-10-20 09:00:00,4258.495,4260.048,4252.035,4252.565,2640
2025-10-20 09:15:00,4252.595,4255.265,4250.175,4252.345,2631
2025-10-20 09:30:00,4251.795,4258.465,4251.365,4258.165,2870
2025-10-20 09:45:00,4258.145,4263.495,4257.095,4260.475,2815
2025-10-20 10:00:00,4260.455,4260.598,4245.435,4253.605,3866
2025-10-20 10:15:00,4253.575,4258.645,4252.255,4255.745,3529
2025-10-20 10:30:00,4255.715,4258.998,4251.105,4257.605,3495
2025-10-20 10:45:00,4257.585,4259.948,4254.275,4254.295,2852
2025-10-20 11:00:00,4254.278,4257.748,4250.665,4254.915,3179
2025-10-20 11:15:00,4254.885,4263.495,4254.645,4262.535,3420
2025-10-20 11:30:00,4262.485,4265.005,4259.358,4263.565,3277
2025-10-20 11:45:00,4263.595,4279.235,4263.098,4278.905,3325
2025-10-20 12:00:00,4278.905,4283.345,4272.355,4280.585,5227
2025-10-20 12:15:00,4280.398,4299.545,4278.015,4293.535,7514
2025-10-20 12:30:00,4293.685,4323.405,4291.608,4319.895,8495
2025-10-20 12:45:00,4319.825,4326.975,4312.338,4323.245,7225
2025-10-20 13:00:00,4323.215,4324.655,4313.209,4318.885,7974
2025-10-20 13:15:00,4319.225,4322.375,4315.045,4319.855,5851
2025-10-20 13:30:00,4319.865,4320.635,4302.419,4307.905,10534
2025-10-20 13:45:00,4307.925,4317.148,4299.195,4300.525,9137
2025-10-20 14:00:00,4300.495,4316.658,4292.628,4316.048,8508
2025-10-20 14:15:00,4316.148,4334.348,4316.048,4326.075,8413
2025-10-20 14:30:00,4326.085,4329.848,4316.665,4325.035,7066
2025-10-20 14:45:00,4325.005,4334.598,4323.875,4331.948,6470
2025-10-20 15:00:00,4331.969,4347.455,4331.948,4345.825,7068
2025-10-20 15:15:00,4345.858,4355.345,4341.135,4345.148,6851
2025-10-20 15:30:00,4345.165,4350.548,4343.775,4349.748,5384
2025-10-20 15:45:00,4349.748,4350.975,4346.715,4348.898,5400
2025-10-20 16:00:00,4348.898,4350.698,4342.379,4345.735,5332
2025-10-20 16:15:00,4345.875,4350.148,4343.988,4344.918,5082
2025-10-20 16:30:00,4344.918,4348.448,4343.058,4345.855,4274
2025-10-20 16:45:00,4345.898,4349.648,4343.748,4347.598,4181
2025-10-20 17:00:00,4347.598,4350.855,4345.848,4346.175,3926
2025-10-20 17:15:00,4346.205,4350.555,4340.215,4341.845,5561
2025-10-20 17:30:00,4341.865,4346.648,4336.945,4345.105,4690
2025-10-20 17:45:00,4345.145,4348.825,4345.145,4347.298,3935
2025-10-20 18:00:00,4347.635,4348.715,4344.335,4346.615,2527
2025-10-20 18:15:00,4346.635,4357.735,4345.285,4357.355,3539
2025-10-20 18:30:00,4357.335,4364.415,4354.665,4359.265,5325
2025-10-20 18:45:00,4359.119,4361.955,4357.245,4359.085,4059
2025-10-20 19:00:00,4359.069,4366.795,4358.948,4366.035,4336
2025-10-20 19:15:00,4366.075,4367.048,4364.205,4366.555,5134
2025-10-20 19:30:00,4366.715,4369.575,4364.425,4369.398,5032
2025-10-20 19:45:00,4369.298,4381.298,4368.928,4377.848,7857
2025-10-20 20:00:00,4377.885,4379.948,4355.298,4359.948,6165
2025-10-20 20:15:00,4359.955,4360.935,4345.948,4354.005,5104
2025-10-20 20:30:00,4354.185,4358.895,4346.435,4356.925,3977
2025-10-20 20:45:00,4356.965,4358.748,4353.445,4355.685,2564
2025-10-20 22:00:00,4354.698,4370.965,4352.498,4361.365,3712
2025-10-20 22:15:00,4361.395,4375.248,4361.395,4371.385,3259
2025-10-20 22:30:00,4371.445,4371.475,4357.245,4358.405,2914
2025-10-20 22:45:00,4358.555,4370.065,4357.265,4366.998,2659
2025-10-20 23:00:00,4367.098,4371.198,4365.455,4367.185,1902
2025-10-20 23:15:00,4367.355,4367.945,4359.625,4362.305,1994
2025-10-20 23:30:00,4362.048,4362.525,4357.585,4361.115,2144
2025-10-20 23:45:00,4360.925,4362.505,4356.405,4359.905,3053
2025-10-21 00:00:00,4360.005,4363.648,4356.165,4359.035,4147
2025-10-21 00:15:00,4359.085,4370.235,4356.195,4368.355,4070
2025-10-21 00:30:00,4368.385,4370.885,4366.595,4369.775,2787
2025-10-21 00:45:00,4369.745,4370.748,4364.195,4368.398,3926
2025-10-21 03:00:00,4338.495,4346.655,4337.735,4341.915,3581
2025-10-21 03:15:00,4341.935,4349.635,4339.485,4348.885,3951
2025-10-21 03:30:00,4348.915,4350.615,4346.265,4347.345,2193
2025-10-21 03:45:00,4347.545,4348.535,4342.945,4346.395,2352
2025-10-21 04:00:00,4346.365,4346.825,4342.745,4343.545,2046
2025-10-21 04:15:00,4343.655,4345.485,4341.805,4342.825,1752
2025-10-21 04:30:00,4342.635,4343.355,4339.015,4339.445,1914
2025-10-21 04:45:00,4339.405,4344.035,4336.815,4341.725,2594
2025-10-21 05:00:00,4341.548,4344.085,4331.405,4334.555,3981
2025-10-21 05:15:00,4334.535,4335.545,4329.348,4333.045,3683
2025-10-21 05:30:00,4333.035,4333.095,4316.965,4322.645,7065
2025-10-21 05:45:00,4322.785,4329.165,4321.698,4322.905,4341
2025-10-21 06:00:00,4322.775,4330.555,4316.945,4329.215,5448
2025-10-21 06:15:00,4329.205,4330.295,4322.735,4323.905,4414
2025-10-21 06:30:00,4323.695,4337.655,4321.865,4337.425,4057
2025-10-21 06:45:00,4337.455,4343.995,4334.765,4343.045,4613
2025-10-21 07:00:00,4343.015,4343.015,4330.085,4331.085,4990
2025-10-21 07:15:00,4331.105,4334.295,4322.425,4324.605,4288
2025-10-21 07:30:00,4324.645,4324.685,4293.125,4300.475,9205
2025-10-21 07:45:00,4300.485,4307.075,4296.865,4298.005,7739
2025-10-21 08:00:00,4298.005,4301.425,4244.085,4244.318,10899
2025-10-21 08:15:00,4244.345,4270.415,4244.345,4267.065,10122
2025-10-21 08:30:00,4267.035,4272.605,4262.958,4271.795,7408
2025-10-21 08:45:00,4271.825,4273.965,4267.365,4273.795,5169
2025-10-21 09:00:00,4273.835,4277.785,4254.425,4257.955,6137
2025-10-21 09:15:00,4258.105,4272.275,4257.245,4270.755,5647
2025-10-21 09:30:00,4271.005,4276.035,4265.695,4269.845,4477
2025-10-21 09:45:00,4269.665,4271.975,4262.425,4264.795,5057
2025-10-21 10:00:00,4264.895,4266.245,4255.145,4259.758,4274
2025-10-21 10:15:00,4259.685,4266.315,4249.185,4264.165,6274
2025-10-21 10:30:00,4264.185,4264.425,4255.515,4259.918,3989
2025-10-21 10:45:00,4260.018,4261.505,4253.498,4253.578,4872
2025-10-21 11:00:00,4253.578,4269.035,4251.795,4267.618,3883
2025-10-21 11:15:00,4267.668,4272.205,4256.945,4266.355,4345
2025-10-21 11:30:00,4266.385,4266.718,4254.555,4255.715,3923
2025-10-21 11:45:00,4255.825,4260.945,4245.355,4253.145,5370
2025-10-21 12:00:00,4253.165,4257.445,4214.005,4225.235,7601
2025-10-21 12:15:00,4224.869,4232.975,4218.879,4228.275,9701
2025-10-21 12:30:00,4228.148,4229.925,4215.739,4217.785,8942
2025-10-21 12:45:00,4217.795,4222.095,4205.505,4210.815,8969
2025-10-21 13:00:00,4210.835,4210.835,4189.355,4196.945,10912
2025-10-21 13:15:00,4196.895,4209.448,4195.195,4200.515,8604
2025-10-21 13:30:00,4200.498,4225.298,4191.025,4205.348,11919
2025-10-21 13:45:00,4205.065,4208.975,4167.239,4173.175,11895
2025-10-21 14:00:00,4173.355,4187.908,4165.185,4181.585,11549
2025-10-21 14:15:00,4181.545,4181.865,4129.875,4136.545,11661
2025-10-21 14:30:00,4136.725,4137.005,4097.229,4101.449,11534
2025-10-21 14:45:00,4100.748,4140.965,4078.259,4138.469,11039
2025-10-21 15:00:00,4138.419,4150.175,4122.749,4140.455,10484
2025-10-21 15:15:00,4140.639,4142.705,4119.685,4124.469,9788
2025-10-21 15:30:00,4124.529,4142.985,4122.538,4142.345,8922
2025-10-21 15:45:00,4142.305,4147.405,4134.235,4138.385,8388
2025-10-21 16:00:00,4138.405,4143.695,4124.848,4133.825,8585
2025-10-21 16:15:00,4133.795,4134.175,4114.465,4117.255,8234
2025-10-21 16:30:00,4117.225,4120.685,4100.305,4113.798,8736
2025-10-21 16:45:00,4113.698,4126.305,4108.035,4113.109,8672
2025-10-21 17:00:00,4113.099,4119.425,4100.785,4113.985,9227
2025-10-21 17:15:00,4113.975,4119.005,4092.945,4097.575,8576
2025-10-21 17:30:00,4097.993,4117.535,4095.715,4115.915,8131
2025-10-21 17:45:00,4115.905,4120.135,4108.365,4110.925,6288
2025-10-21 18:00:00,4110.945,4124.205,4110.365,4118.465,5368
2025-10-21 18:15:00,4118.425,4119.315,4111.535,4116.015,5065
2025-10-21 18:30:00,4115.975,4125.665,4113.315,4113.635,5272
2025-10-21 18:45:00,4113.685,4115.215,4106.175,4114.715,5990
2025-10-21 19:00:00,4114.735,4122.035,4106.115,4110.125,5423
2025-10-21 19:15:00,4110.065,4110.605,4100.305,4104.135,6715
2025-10-21 19:30:00,4104.065,4112.295,4101.075,4110.225,5601
2025-10-21 19:45:00,4110.225,4111.515,4101.245,4108.685,6431
2025-10-21 20:00:00,4108.638,4121.715,4105.905,4120.565,5001
2025-10-21 20:15:00,4120.605,4124.725,4118.465,4122.485,2914
2025-10-21 20:30:00,4122.485,4130.745,4120.655,4128.305,2530
2025-10-21 20:45:00,4128.465,4130.415,4124.059,4124.355,2335
2025-10-21 22:00:00,4124.515,4132.235,4113.225,4118.075,3457
2025-10-21 22:15:00,4118.115,4126.445,4116.655,4124.435,2480
2025-10-21 22:30:00,4124.445,4128.905,4120.385,4124.745,2549
2025-10-21 22:45:00,4124.765,4127.965,4120.198,4122.698,1740
2025-10-21 23:00:00,4122.565,4125.298,4115.855,4116.525,2636
2025-10-21 23:15:00,4116.625,4126.865,4114.185,4123.328,2937
2025-10-21 23:30:00,4123.448,4127.575,4123.255,4124.375,1813
2025-10-21 23:45:00,4124.395,4124.395,4089.645,4092.618,6247
2025-10-22 00:00:00,4092.618,4093.345,4003.298,4035.365,11018
2025-10-22 00:15:00,4035.485,4058.098,4030.225,4048.395,9807
2025-10-22 00:30:00,4048.375,4082.448,4040.575,4074.725,8767
2025-10-22 00:45:00,4074.938,4090.298,4062.905,4074.598,7969
2025-10-22 01:00:00,4074.598,4118.835,4064.009,4116.148,9876
2025-10-22 01:15:00,4116.148,4120.265,4096.939,4104.115,6897
2025-10-22 01:30:00,4104.085,4110.235,4082.348,4097.735,7264
2025-10-22 01:45:00,4097.725,4105.905,4082.925,4086.715,6673
2025-10-22 02:00:00,4086.885,4117.525,4086.785,4114.855,5645
2025-10-22 02:15:00,4114.805,4115.075,4107.485,4109.835,4121
2025-10-22 02:30:00,4109.825,4114.325,4103.305,4112.005,4774
2025-10-22 02:45:00,4112.005,4116.155,4111.095,4114.685,3236
2025-10-22 03:00:00,4114.455,4115.165,4106.815,4112.085,3592
2025-10-22 03:15:00,4111.925,4121.055,4109.675,4116.655,3670
2025-10-22 03:30:00,4116.925,4140.595,4115.865,4138.529,5282
2025-10-22 03:45:00,4138.595,4142.815,4127.915,4128.248,4394
2025-10-22 04:00:00,4128.248,4133.175,4106.665,4123.325,5534
2025-10-22 04:15:00,4123.315,4130.335,4122.125,4128.805,4100
2025-10-22 04:30:00,4128.575,4133.075,4126.435,4127.975,3028
2025-10-22 04:45:00,4127.985,4131.605,4117.978,4127.865,3116
2025-10-22 05:00:00,4127.885,4141.525,4126.075,4141.165,3814
2025-10-22 05:15:00,4141.185,4146.745,4138.129,4140.315,3705
2025-10-22 05:30:00,4140.145,4140.935,4131.848,4137.995,4603
2025-10-22 05:45:00,4137.995,4145.195,4131.368,4134.729,4431
2025-10-22 06:00:00,4134.798,4138.845,4127.285,4137.335,6314
2025-10-22 06:15:00,4137.325,4143.448,4135.475,4141.825,3525
2025-10-22 06:30:00,4141.625,4159.225,4141.368,4159.095,4504
2025-10-22 06:45:00,4159.105,4161.165,4152.035,4155.495,4286
2025-10-22 07:00:00,4155.475,4156.225,4129.225,4137.325,8570
2025-10-22 07:15:00,4137.295,4144.585,4136.448,4141.465,7194
2025-10-22 07:30:00,4141.465,4143.495,4135.169,4137.005,5269
2025-10-22 07:45:00,4136.845,4147.685,4130.415,4132.715,5975
2025-10-22 08:00:00,4132.618,4135.595,4084.678,4087.219,9374
2025-10-22 08:15:00,4087.398,4113.879,4061.909,4101.925,8777
2025-10-22 08:30:00,4101.935,4109.705,4083.875,4087.435,7896
2025-10-22 08:45:00,4087.375,4094.248,4068.948,4069.885,8398
2025-10-22 09:00:00,4069.925,4101.285,4069.525,4075.205,8037
2025-10-22 09:15:00,4075.245,4080.195,4063.979,4075.319,7181
2025-10-22 09:30:00,4075.325,4082.455,4062.199,4062.675,6724
2025-10-22 09:45:00,4062.645,4072.485,4061.375,4069.125,4731
2025-10-22 10:00:00,4069.009,4077.875,4062.555,4075.405,5585
2025-10-22 10:15:00,4075.535,4085.225,4070.308,4084.159,5266
2025-10-22 10:30:00,4084.159,4090.348,4044.935,4053.685,6671
2025-10-22 10:45:00,4053.655,4060.735,4022.748,4034.709,7472
2025-10-22 11:00:00,4034.649,4040.148,4015.0,4031.448,8013
2025-10-22 11:15:00,4031.448,4044.638,4018.058,4020.049,6455
2025-10-22 11:30:00,4019.989,4030.555,4014.758,4022.055,6552
2025-10-22 11:45:00,4021.975,4033.265,4015.185,4027.405,6561
2025-10-22 12:00:00,4027.435,4044.755,4025.795,4035.638,7106
2025-10-22 12:15:00,4035.809,4045.278,4027.325,4044.945,7790
2025-10-22 12:30:00,4044.939,4050.379,4041.149,4044.995,6462
2025-10-22 12:45:00,4045.035,4053.255,4022.645,4033.475,7639
2025-10-22 13:00:00,4033.495,4068.385,4032.958,4064.175,9748
2025-10-22 13:15:00,4064.035,4068.105,4050.869,4052.265,7976
2025-10-22 13:30:00,4052.139,4084.915,4046.945,4071.139,10445
2025-10-22 13:45:00,4070.478,4079.755,4063.465,4075.715,8892
2025-10-22 14:00:00,4075.575,4078.195,4055.855,4064.385,9631
2025-10-22 14:15:00,4064.395,4072.435,4047.135,4055.895,8220
2025-10-22 14:30:00,4055.945,4058.395,4023.895,4029.725,9867
2025-10-22 14:45:00,4030.393,4030.395,4010.795,4014.705,10086
2025-10-22 15:00:00,4014.625,4044.438,4014.625,4038.748,8779
2025-10-22 15:15:00,4038.748,4047.028,4028.015,4029.085,8018
2025-10-22 15:30:00,4029.155,4040.835,4022.965,4034.598,8061
2025-10-22 15:45:00,4034.598,4046.265,4033.905,4036.785,6313
2025-10-22 16:00:00,4036.885,4037.165,4022.955,4030.365,6090
2025-10-22 16:15:00,4030.305,4045.445,4029.005,4043.405,5204
2025-10-22 16:30:00,4043.455,4063.148,4037.395,4050.545,10253
2025-10-22 16:45:00,4050.605,4063.915,4044.765,4059.005,7549
2025-10-22 17:00:00,4058.879,4059.085,4043.835,4055.139,7186
2025-10-22 17:15:00,4055.259,4058.598,4046.595,4049.365,7260
2025-10-22 17:30:00,4049.385,4060.525,4044.695,4054.755,5607
2025-10-22 17:45:00,4054.775,4070.815,4054.475,4069.769,6778
2025-10-22 18:00:00,4069.769,4075.705,4066.415,4075.705,5695
2025-10-22 18:15:00,4075.735,4078.615,4068.935,4073.575,4205
2025-10-22 18:30:00,4073.615,4081.385,4073.615,4075.948,3787
2025-10-22 18:45:00,4075.948,4078.865,4074.055,4076.485,2975
2025-10-22 19:00:00,4076.715,4093.479,4076.375,4092.535,4772
2025-10-22 19:15:00,4092.235,4105.475,4088.655,4105.225,4973
2025-10-22 19:30:00,4105.225,4113.365,4101.945,4103.435,6770
2025-10-22 19:45:00,4103.085,4108.285,4099.725,4102.145,5872
2025-10-22 20:00:00,4101.885,4104.848,4098.255,4104.365,2683
2025-10-22 20:15:00,4104.385,4107.028,4088.305,4091.798,4077
2025-10-22 20:30:00,4091.798,4103.605,4091.608,4101.845,3062
2025-10-22 20:45:00,4101.855,4103.535,4097.375,4098.055,2401
2025-10-22 22:00:00,4094.615,4116.055,4092.695,4097.995,3711
2025-10-22 22:15:00,4098.055,4110.105,4098.055,4102.485,3087
2025-10-22 22:30:00,4102.435,4102.555,4091.735,4098.135,3323
2025-10-22 22:45:00,4098.125,4103.635,4094.398,4101.518,2488
2025-10-22 23:00:00,4101.578,4104.278,4084.265,4090.125,4731
2025-10-22 23:15:00,4090.085,4091.555,4080.078,4085.705,3658
2025-10-22 23:30:00,4085.735,4094.348,4083.255,4088.455,3363
2025-10-22 23:45:00,4088.485,4093.005,4085.068,4087.305,4982
2025-10-23 00:00:00,4087.295,4096.348,4083.195,4085.515,6407
2025-10-23 00:15:00,4085.585,4087.375,4065.405,4075.905,7443
2025-10-23 00:30:00,4075.925,4084.095,4071.298,4081.315,5444
2025-10-23 00:45:00,4081.415,4085.705,4079.235,4081.745,5470
2025-10-23 01:00:00,4081.775,4081.885,4071.605,4077.405,7431
2025-10-23 01:15:00,4077.435,4092.475,4073.605,4087.005,6209
2025-10-23 01:30:00,4087.015,4091.298,4081.075,4081.685,5880
2025-10-23 01:45:00,4081.685,4086.778,4072.628,4072.748,6037
2025-10-23 02:00:00,4072.798,4078.635,4071.535,4075.275,4453
2025-10-23 02:15:00,4075.225,4084.698,4071.875,4080.845,3903
2025-10-23 02:30:00,4080.825,4084.338,4075.995,4079.335,5032
2025-10-23 02:45:00,4079.375,4085.065,4078.305,4082.078,4028
2025-10-23 03:00:00,4082.198,4088.328,4077.635,4088.328,4497
2025-10-23 03:15:00,4088.338,4100.635,4088.338,4095.015,4831
2025-10-23 03:30:00,4095.125,4095.775,4089.545,4093.235,3175
2025-10-23 03:45:00,4093.205,4094.015,4089.675,4090.935,2024
2025-10-23 04:00:00,4090.955,4091.615,4087.305,4091.195,2300
2025-10-23 04:15:00,4091.205,4092.835,4079.468,4084.235,2274
2025-10-23 04:30:00,4084.255,4089.815,4082.265,4087.265,1934
2025-10-23 04:45:00,4087.295,4091.048,4086.155,4089.295,2392
2025-10-23 05:00:00,4089.325,4093.785,4088.285,4090.755,2829
2025-10-23 05:15:00,4090.735,4091.565,4083.695,4089.345,2517
2025-10-23 05:30:00,4089.355,4098.115,4088.405,4096.475,4340
2025-10-23 05:45:00,4096.445,4110.215,4096.345,4110.115,3274
2025-10-23 06:00:00,4110.135,4137.448,4109.995,4129.618,7940
2025-10-23 06:15:00,4129.608,4132.225,4120.025,4124.995,7431
2025-10-23 06:30:00,4124.855,4127.155,4112.905,4122.055,6627
2025-10-23 06:45:00,4122.035,4123.675,4110.225,4113.365,5504
2025-10-23 07:00:00,4113.345,4120.848,4111.985,4114.055,5162
2025-10-23 07:15:00,4114.065,4120.035,4113.025,4115.125,5420
2025-10-23 07:30:00,4115.185,4115.328,4091.565,4102.655,6697
2025-10-23 07:45:00,4102.235,4104.565,4093.548,4093.895,5579
2025-10-23 08:00:00,4094.015,4114.705,4094.015,4111.075,6634
2025-10-23 08:15:00,4111.035,4118.735,4110.255,4113.745,5372
2025-10-23 08:30:00,4113.775,4115.325,4108.148,4111.235,2914
2025-10-23 08:45:00,4111.265,4118.375,4108.925,4116.085,3209
2025-10-23 09:00:00,4116.075,4120.765,4110.865,4118.275,3376
2025-10-23 09:15:00,4118.365,4123.455,4117.375,4121.875,3217
2025-10-23 09:30:00,4121.415,4125.245,4111.235,4114.035,3284
2025-10-23 09:45:00,4114.055,4124.805,4111.085,4124.215,2667
2025-10-23 10:00:00,4124.315,4125.045,4117.085,4121.195,2420
2025-10-23 10:15:00,4121.135,4121.835,4108.615,4109.645,3149
2025-10-23 10:30:00,4109.665,4119.005,4106.385,4110.188,4062
2025-10-23 10:45:00,4109.905,4112.688,4101.545,4108.825,4718
2025-10-23 11:00:00,4108.925,4120.755,4107.645,4116.295,4187
2025-10-23 11:15:00,4116.395,4117.765,4111.625,4113.235,2961
2025-10-23 11:30:00,4113.375,4116.715,4109.265,4113.955,4083
2025-10-23 11:45:00,4113.865,4117.505,4107.455,4109.375,3811
2025-10-23 12:00:00,4109.395,4115.915,4103.605,4104.735,3696
2025-10-23 12:15:00,4104.755,4109.735,4099.965,4108.855,4804
2025-10-23 12:30:00,4108.975,4127.635,4108.535,4118.705,5937
2025-10-23 12:45:00,4118.685,4129.098,4118.685,4127.165,3692
2025-10-23 13:00:00,4126.875,4136.375,4125.585,4134.985,6658
2025-10-23 13:15:00,4135.045,4149.685,4130.855,4146.885,5968
2025-10-23 13:30:00,4147.095,4149.395,4132.278,4149.375,8454
2025-10-23 13:45:00,4149.395,4150.715,4137.675,4144.509,8017
2025-10-23 14:00:00,4144.509,4154.435,4140.225,4141.985,7015
2025-10-23 14:15:00,4142.055,4147.255,4135.805,4146.948,7421
2025-10-23 14:30:00,4146.965,4147.315,4140.175,4144.248,5749
2025-10-23 14:45:00,4144.248,4151.575,4139.795,4147.945,5883
2025-10-23 15:00:00,4148.125,4151.548,4142.125,4144.225,5056
2025-10-23 15:15:00,4144.195,4147.748,4136.925,4144.748,4803
2025-10-23 15:30:00,4145.085,4146.555,4138.625,4142.635,3823
2025-10-23 15:45:00,4142.665,4144.975,4136.855,4141.565,4610
2025-10-23 16:00:00,4141.575,4148.335,4141.185,4143.465,3776
2025-10-23 16:15:00,4143.495,4143.715,4132.425,4140.355,4492
2025-10-23 16:30:00,4140.355,4143.405,4127.375,4128.265,3744
2025-10-23 16:45:00,4128.109,4134.275,4126.0,4132.585,4269
2025-10-23 17:00:00,4132.549,4138.998,4127.935,4138.048,4522
2025-10-23 17:15:00,4138.048,4138.148,4124.655,4129.305,4778
2025-10-23 17:30:00,4129.535,4136.475,4126.445,4134.015,3820
2025-10-23 17:45:00,4134.035,4138.125,4131.915,4137.365,2776
2025-10-23 18:00:00,4137.385,4140.965,4132.815,4140.348,2772
2025-10-23 18:15:00,4140.348,4143.225,4136.665,4142.535,2695
2025-10-23 18:30:00,4142.515,4142.575,4136.055,4139.595,2498
2025-10-23 18:45:00,4139.565,4139.915,4133.395,4135.735,2907
2025-10-23 19:00:00,4135.798,4137.965,4133.465,4134.945,3519
2025-10-23 19:15:00,4134.855,4135.425,4125.555,4128.245,3591
2025-10-23 19:30:00,4128.225,4128.395,4117.175,4119.485,4946
2025-10-23 19:45:00,4119.515,4121.625,4116.285,4118.125,4646
2025-10-23 20:00:00,4118.195,4118.975,4110.585,4113.025,3462
2025-10-23 20:15:00,4113.065,4115.715,4107.445,4108.205,2953
2025-10-23 20:30:00,4108.235,4117.148,4107.245,4114.875,2238
2025-10-23 20:45:00,4114.895,4126.798,4114.325,4125.185,1755
2025-10-23 22:00:00,4127.098,4132.305,4119.948,4126.375,1984
2025-10-23 22:15:00,4126.365,4126.365,4117.105,4121.825,1504
2025-10-23 22:30:00,4121.865,4122.285,4111.415,4111.415,1188
2025-10-23 22:45:00,4111.405,4118.095,4111.085,4115.598,1308
2025-10-23 23:00:00,4115.698,4119.275,4113.445,4115.675,1311
2025-10-23 23:15:00,4115.665,4115.695,4110.675,4111.665,1258
2025-10-23 23:30:00,4111.705,4117.085,4105.675,4117.085,1732
2025-10-23 23:45:00,4117.125,4122.575,4114.705,4121.375,2869
2025-10-24 00:00:00,4121.405,4132.055,4117.555,4128.215,3835
2025-10-24 00:15:00,4128.185,4132.865,4125.085,4132.685,2291
2025-10-24 00:30:00,4132.665,4133.425,4125.995,4127.385,1741
2025-10-24 00:45:00,4127.365,4132.885,4126.755,4132.425,1734
2025-10-24 01:00:00,4132.495,4142.915,4127.425,4142.765,4826
2025-10-24 01:15:00,4142.845,4144.145,4130.858,4136.455,3163
2025-10-24 01:30:00,4136.135,4137.285,4121.685,4125.465,3752
2025-10-24 01:45:00,4125.445,4126.305,4111.815,4118.465,4630
2025-10-24 02:00:00,4118.465,4118.795,4111.425,4114.225,3690
2025-10-24 02:15:00,4114.225,4116.905,4109.275,4111.625,3105
2025-10-24 02:30:00,4111.575,4117.105,4110.835,4114.155,2792
2025-10-24 02:45:00,4114.175,4116.385,4109.148,4109.348,2482
2025-10-24 03:00:00,4109.348,4117.855,4107.255,4117.615,3041
2025-10-24 03:15:00,4117.775,4119.485,4111.275,4116.885,2622
2025-10-24 03:30:00,4116.825,4117.458,4113.535,4116.635,1461
2025-10-24 03:45:00,4116.665,4123.265,4116.015,4122.125,1885
2025-10-24 04:00:00,4122.085,4123.045,4115.355,4116.175,2003
2025-10-24 04:15:00,4116.225,4116.385,4104.915,4106.625,3079
2025-10-24 04:30:00,4106.665,4107.355,4102.548,4106.335,2751
2025-10-24 04:45:00,4106.365,4113.445,4106.155,4111.315,2278
2025-10-24 05:00:00,4111.525,4117.675,4111.048,4114.725,1867
2025-10-24 05:15:00,4114.705,4117.645,4110.195,4112.465,1634
2025-10-24 05:30:00,4112.435,4113.185,4104.755,4108.275,2815
2025-10-24 05:45:00,4108.235,4113.105,4102.305,4104.048,2820
2025-10-24 06:00:00,4104.048,4104.498,4081.505,4083.148,6041
2025-10-24 06:15:00,4083.148,4090.855,4081.048,4089.265,5566
2025-10-24 06:30:00,4089.375,4096.068,4083.005,4093.035,4413
2025-10-24 06:45:00,4093.035,4097.038,4090.235,4091.708,2787
2025-10-24 07:00:00,4091.708,4095.648,4090.115,4094.575,4443
2025-10-24 07:15:00,4094.575,4095.065,4086.295,4088.208,3726
2025-10-24 07:30:00,4088.756,4090.995,4081.915,4086.715,4425
2025-10-24 07:45:00,4086.675,4087.988,4069.305,4073.948,5950
2025-10-24 08:00:00,4073.965,4077.425,4051.515,4054.015,8024
2025-10-24 08:15:00,4053.925,4057.675,4047.315,4053.525,6886
2025-10-24 08:30:00,4053.329,4063.895,4050.135,4056.255,4907
2025-10-24 08:45:00,4056.535,4069.225,4055.695,4065.115,3870
2025-10-24 09:00:00,4065.085,4072.245,4062.105,4071.325,4045
2025-10-24 09:15:00,4071.385,4073.155,4068.615,4069.595,2806
2025-10-24 09:30:00,4069.615,4073.385,4065.045,4069.415,4249
2025-10-24 09:45:00,4069.425,4071.905,4054.029,4060.625,4121
2025-10-24 10:00:00,4060.655,4070.645,4059.178,4066.745,3867
2025-10-24 10:15:00,4066.755,4067.415,4058.305,4059.005,1950
2025-10-24 10:30:00,4058.985,4062.705,4054.105,4058.235,3311
2025-10-24 10:45:00,4058.195,4060.235,4053.355,4054.585,2811
2025-10-24 11:00:00,4054.475,4061.595,4043.618,4058.645,6476
2025-10-24 11:15:00,4058.645,4061.115,4054.518,4056.465,3749
2025-10-24 11:30:00,4056.435,4060.125,4054.435,4058.285,2529
2025-10-24 11:45:00,4058.195,4065.415,4057.585,4061.255,3833
2025-10-24 12:00:00,4061.205,4065.155,4059.675,4061.945,4942
2025-10-24 12:15:00,4061.955,4064.345,4059.615,4060.835,3871
2025-10-24 12:30:00,4060.825,4092.705,4060.275,4082.825,8823
2025-10-24 12:45:00,4083.105,4084.245,4073.839,4081.865,6688
2025-10-24 13:00:00,4081.905,4115.115,4078.718,4111.489,9123
2025-10-24 13:15:00,4111.589,4121.845,4109.205,4113.925,7715
2025-10-24 13:30:00,4113.695,4119.825,4098.215,4104.995,8976
2025-10-24 13:45:00,4104.688,4109.555,4097.475,4104.725,8527
2025-10-24 14:00:00,4105.425,4134.745,4101.725,4132.035,8443
2025-10-24 14:15:00,4130.748,4134.675,4119.205,4123.525,7807
2025-10-24 14:30:00,4123.675,4131.245,4120.975,4129.275,6605
2025-10-24 14:45:00,4129.295,4130.935,4112.035,4117.285,6742
2025-10-24 15:00:00,4117.255,4123.275,4114.945,4118.695,5490
2025-10-24 15:15:00,4118.675,4128.525,4113.035,4125.275,5065
2025-10-24 15:30:00,4125.275,4130.125,4122.348,4126.625,3967
2025-10-24 15:45:00,4126.655,4131.635,4120.535,4130.195,5373
2025-10-24 16:00:00,4130.235,4136.485,4127.045,4132.855,4867
2025-10-24 16:15:00,4132.639,4138.325,4129.845,4136.135,4194
2025-10-24 16:30:00,4136.185,4136.825,4121.535,4130.565,4410
2025-10-24 16:45:00,4130.535,4132.875,4125.755,4129.135,4203
2025-10-24 17:00:00,4129.165,4134.065,4125.985,4126.255,3894
2025-10-24 17:15:00,4126.215,4127.245,4120.095,4120.795,4922
2025-10-24 17:30:00,4121.075,4123.915,4111.335,4111.965,4356
2025-10-24 17:45:00,4111.985,4116.705,4105.545,4107.405,4442
2025-10-24 18:00:00,4107.435,4109.305,4101.735,4104.335,4904
2025-10-24 18:15:00,4104.315,4110.535,4101.755,4105.825,4234
2025-10-24 18:30:00,4105.855,4113.395,4103.725,4106.815,3660
2025-10-24 18:45:00,4106.865,4111.225,4105.155,4110.075,3647
2025-10-24 19:00:00,4110.125,4117.275,4109.655,4114.355,3681
2025-10-24 19:15:00,4114.615,4116.835,4110.635,4112.725,2804
2025-10-24 19:30:00,4112.775,4113.615,4108.575,4109.165,2757
2025-10-24 19:45:00,4109.185,4109.445,4102.005,4103.865,5019
2025-10-24 20:00:00,4103.945,4104.075,4096.515,4100.135,2164
2025-10-24 20:15:00,4100.205,4102.075,4097.885,4099.745,1475
2025-10-24 20:30:00,4099.855,4109.575,4099.475,4108.585,1840
2025-10-24 20:45:00,4108.545,4113.655,4107.135,4111.555,1969
2025-10-27 00:00:00,4064.275,4072.305,4057.845,4069.115,4168
2025-10-27 00:15:00,4069.325,4071.485,4061.925,4067.485,3110
2025-10-27 00:30:00,4067.255,4076.825,4067.175,4074.775,3360
2025-10-27 00:45:00,4074.745,4084.015,4074.115,4080.935,3367
2025-10-27 01:00:00,4081.005,4096.115,4074.725,4089.965,7208
2025-10-27 01:15:00,4089.965,4097.545,4088.655,4093.215,4240
2025-10-27 01:30:00,4093.245,4093.695,4081.065,4087.695,5509
2025-10-27 01:45:00,4087.855,4090.325,4081.125,4081.705,4323
2025-10-27 02:00:00,4081.625,4081.895,4071.335,4078.245,4479
2025-10-27 02:15:00,4078.295,4081.165,4070.875,4072.775,3254
2025-10-27 02:30:00,4072.755,4079.095,4071.635,4077.825,3712
2025-10-27 02:45:00,4077.835,4077.835,4070.015,4071.325,2851
2025-10-27 03:00:00,4071.305,4076.395,4065.075,4075.228,3828
2025-10-27 03:15:00,4075.178,4079.148,4069.935,4077.009,3264
2025-10-27 03:30:00,4077.109,4081.615,4074.955,4079.995,2814
2025-10-27 03:45:00,4079.955,4080.095,4068.555,4069.465,2534
2025-10-27 04:00:00,4069.405,4069.405,4053.505,4057.218,5125
2025-10-27 04:15:00,4057.235,4065.065,4054.295,4062.375,4068
2025-10-27 04:30:00,4062.415,4064.725,4057.815,4060.415,3524
2025-10-27 04:45:00,4060.415,4071.348,4059.725,4068.525,3688
2025-10-27 05:00:00,4068.565,4074.725,4068.455,4073.415,2454
2025-10-27 05:15:00,4073.265,4084.295,4072.778,4081.515,2506
2025-10-27 05:30:00,4081.545,4083.685,4077.795,4079.585,4518
2025-10-27 05:45:00,4079.665,4083.595,4076.098,4079.455,3078
2025-10-27 06:00:00,4079.395,4084.735,4077.118,4079.518,4075
2025-10-27 06:15:00,4079.375,4083.645,4077.965,4081.748,3852
2025-10-27 06:30:00,4081.748,4083.225,4078.545,4079.645,2622
2025-10-27 06:45:00,4079.885,4082.765,4073.615,4077.975,3628
2025-10-27 07:00:00,4078.015,4079.525,4069.725,4071.335,3941
2025-10-27 07:15:00,4071.425,4074.285,4065.698,4068.125,3228
2025-10-27 07:30:00,4068.175,4071.125,4066.355,4070.295,2538
2025-10-27 07:45:00,4070.295,4070.635,4063.738,4068.515,2859
2025-10-27 08:00:00,4068.365,4068.475,4063.485,4066.475,4482
2025-10-27 08:15:00,4066.485,4070.235,4055.915,4058.435,4626
2025-10-27 08:30:00,4058.425,4062.255,4058.075,4058.948,3622
2025-10-27 08:45:00,4058.948,4061.475,4024.475,4043.045,6525
2025-10-27 09:00:00,4043.135,4049.915,4029.535,4036.135,7335
2025-10-27 09:15:00,4036.115,4042.865,4033.365,4037.245,5716
2025-10-27 09:30:00,4036.895,4049.365,4036.305,4042.575,4752
2025-10-27 09:45:00,4042.565,4047.945,4038.605,4039.565,4243
2025-10-27 10:00:00,4039.595,4047.575,4037.339,4043.295,4222
2025-10-27 10:15:00,4043.315,4044.985,4034.695,4035.825,3502
2025-10-27 10:30:00,4035.975,4045.485,4028.655,4041.185,4049
2025-10-27 10:45:00,4041.215,4042.258,4035.145,4037.205,3144
2025-10-27 11:00:00,4037.225,4041.215,4020.369,4030.235,5489
2025-10-27 11:15:00,4030.215,4032.405,4027.648,4029.998,3826
2025-10-27 11:30:00,4030.098,4030.705,4015.055,4020.235,5434
2025-10-27 11:45:00,4020.225,4031.598,4019.075,4023.825,4578
2025-10-27 12:00:00,4023.855,4037.665,4022.175,4032.415,6272
2025-10-27 12:15:00,4032.415,4041.675,4032.015,4034.249,5859
2025-10-27 12:30:00,4034.189,4037.685,4029.935,4034.655,4862
2025-10-27 12:45:00,4034.675,4046.215,4034.345,4045.625,5054
2025-10-27 13:00:00,4045.815,4050.095,4038.575,4039.308,5668
2025-10-27 13:15:00,4039.208,4043.485,4031.195,4033.595,5148
2025-10-27 13:30:00,4033.515,4038.635,4018.0,4025.215,9901
2025-10-27 13:45:00,4025.205,4027.055,4013.055,4021.758,9648
2025-10-27 14:00:00,4021.905,4023.115,3999.975,4004.445,10800
2025-10-27 14:15:00,4004.385,4007.205,3985.225,3998.415,10432
2025-10-27 14:30:00,3998.448,3999.855,3982.635,3994.265,9585
2025-10-27 14:45:00,3994.315,3999.065,3983.785,3987.695,8349
2025-10-27 15:00:00,3987.755,3988.085,3971.068,3978.415,9292
2025-10-27 15:15:00,3978.499,3987.805,3975.375,3986.675,7607
2025-10-27 15:30:00,3986.685,3993.205,3979.135,3981.215,7240
2025-10-27 15:45:00,3981.215,3990.138,3980.865,3989.748,6070
2025-10-27 16:00:00,3989.698,3994.478,3986.035,3993.285,5632
2025-10-27 16:15:00,3993.415,3997.768,3986.725,3986.765,5660
2025-10-27 16:30:00,3986.795,3994.925,3983.728,3993.015,5427
2025-10-27 16:45:00,3993.065,4000.165,3991.365,3999.125,5415
2025-10-27 17:00:00,3999.095,4003.895,3996.868,3998.285,5438
2025-10-27 17:15:00,3998.265,4005.998,3990.395,4004.898,6293
2025-10-27 17:30:00,4004.895,4006.485,3998.745,4002.185,4751
2025-10-27 17:45:00,4002.185,4008.605,4002.148,4006.255,4348
2025-10-27 18:00:00,4006.255,4009.845,4002.419,4009.155,4486
2025-10-27 18:15:00,4009.185,4009.719,4005.308,4007.975,4471
2025-10-27 18:30:00,4007.945,4009.275,4000.595,4003.295,4939
2025-10-27 18:45:00,4003.335,4007.889,3997.675,3999.025,5551
2025-10-27 19:00:00,3999.355,4005.305,3995.165,4000.905,5752
2025-10-27 19:15:00,4000.875,4002.595,3988.585,3988.945,4971
2025-10-27 19:30:00,3989.175,3992.185,3986.755,3987.555,5700
2025-10-27 19:45:00,3987.585,3991.375,3985.375,3989.965,5755
2025-10-27 20:00:00,3989.975,3993.635,3987.175,3992.415,3817
2025-10-27 20:15:00,3992.415,3999.985,3992.375,3999.685,2369
2025-10-27 20:30:00,3999.685,3999.795,3987.535,3987.585,2877
2025-10-27 20:45:00,3987.565,3987.645,3978.885,3981.095,3366
2025-10-27 22:00:00,3983.915,3996.015,3979.105,3985.205,2542
2025-10-27 22:15:00,3985.205,3994.285,3983.985,3991.935,2012
2025-10-27 22:30:00,3991.935,3993.978,3988.315,3992.058,1276
2025-10-27 22:45:00,3992.058,3992.228,3988.205,3989.468,1260
2025-10-27 23:00:00,3989.568,3991.288,3982.475,3982.805,2069
2025-10-27 23:15:00,3982.785,3994.895,3982.755,3994.825,2028
2025-10-27 23:30:00,3994.835,4004.295,3994.595,4000.335,2586
2025-10-27 23:45:00,4000.325,4000.975,3993.875,3998.205,3041
2025-10-28 00:00:00,3998.175,3998.635,3984.995,3986.085,3160
2025-10-28 00:15:00,3986.025,3988.455,3972.445,3984.085,3750
2025-10-28 00:30:00,3984.095,4000.898,3983.178,3999.205,3996
2025-10-28 00:45:00,3999.175,4009.345,3996.385,4006.278,3306
2025-10-28 01:00:00,4006.435,4019.068,4003.948,4017.555,6015
2025-10-28 01:15:00,4017.585,4019.405,4009.095,4009.425,4634
2025-10-28 01:30:00,4009.375,4012.215,4004.305,4010.105,4237
2025-10-28 01:45:00,4010.135,4015.175,4009.705,4010.655,3292
2025-10-28 02:00:00,4010.638,4013.545,4004.048,4004.785,4267
2025-10-28 02:15:00,4004.768,4005.205,3996.965,4000.485,2826
2025-10-28 02:30:00,4000.555,4001.715,3986.0,3994.175,4717
2025-10-28 02:45:00,3994.185,3994.345,3980.405,3983.655,4760
2025-10-28 03:00:00,3983.605,3989.365,3982.985,3989.155,3519
2025-10-28 03:15:00,3989.145,3994.215,3986.355,3989.985,3085
2025-10-28 03:30:00,3989.945,3990.725,3984.945,3986.805,1843
2025-10-28 03:45:00,3986.855,3993.465,3986.745,3992.635,1561
2025-10-28 04:00:00,3992.685,3994.005,3985.435,3987.365,2574
2025-10-28 04:15:00,3987.355,3988.185,3963.288,3971.285,4716
2025-10-28 04:30:00,3971.275,3980.165,3966.755,3976.705,4117
2025-10-28 04:45:00,3976.915,3978.205,3970.915,3973.355,3046
2025-10-28 05:00:00,3974.095,3978.998,3970.485,3976.555,3136
2025-10-28 05:15:00,3976.385,3979.765,3968.418,3975.085,2919
2025-10-28 05:30:00,3975.095,3975.665,3958.895,3960.145,5918
2025-10-28 05:45:00,3960.185,3967.895,3959.738,3966.135,3743
2025-10-28 06:00:00,3966.315,3968.285,3952.945,3955.265,4491
2025-10-28 06:15:00,3955.235,3959.245,3952.0,3952.565,3341
2025-10-28 06:30:00,3952.325,3957.085,3943.285,3943.355,4633
2025-10-28 06:45:00,3943.405,3946.448,3938.015,3942.235,4853
2025-10-28 07:00:00,3942.225,3948.385,3935.985,3946.195,4556
2025-10-28 07:15:00,3946.069,3947.145,3930.335,3930.808,5304
2025-10-28 07:30:00,3930.755,3933.825,3921.248,3930.695,4445
2025-10-28 07:45:00,3930.715,3936.095,3927.565,3932.115,4182
2025-10-28 08:00:00,3932.145,3935.555,3921.485,3921.518,5473
2025-10-28 08:15:00,3921.518,3924.315,3910.595,3914.485,7319
2025-10-28 08:30:00,3914.505,3916.525,3900.485,3905.225,6206
2025-10-28 08:45:00,3905.238,3909.735,3896.125,3896.948,5568
2025-10-28 09:00:00,3896.908,3904.005,3886.199,3896.975,6348
2025-10-28 09:15:00,3897.055,3907.665,3895.135,3904.509,5079
2025-10-28 09:30:00,3904.535,3910.815,3898.865,3909.725,3837
2025-10-28 09:45:00,3909.685,3910.465,3897.388,3904.375,3896
2025-10-28 10:00:00,3904.405,3908.898,3900.975,3901.735,3299
2025-10-28 10:15:00,3901.815,3908.925,3899.748,3905.005,3125
2025-10-28 10:30:00,3904.985,3922.545,3904.415,3915.215,5143
2025-10-28 10:45:00,3915.245,3930.735,3914.745,3926.265,4987
2025-10-28 11:00:00,3926.295,3926.945,3911.835,3915.905,4594
2025-10-28 11:15:00,3915.905,3920.315,3910.625,3917.875,3805
2025-10-28 11:30:00,3917.805,3928.465,3917.445,3927.695,3767
2025-10-28 11:45:00,3927.625,3929.775,3921.625,3923.055,4130
2025-10-28 12:00:00,3923.375,3928.648,3921.525,3925.948,3569
2025-10-28 12:15:00,3925.885,3929.648,3921.335,3921.605,4071
2025-10-28 12:30:00,3921.475,3925.885,3915.255,3915.915,5107
2025-10-28 12:45:00,3915.825,3916.448,3905.335,3912.448,5137
2025-10-28 13:00:00,3912.448,3928.815,3911.915,3922.725,6535
2025-10-28 13:15:00,3922.715,3933.675,3922.465,3932.285,5216
2025-10-28 13:30:00,3932.585,3933.185,3914.675,3922.455,8314
2025-10-28 13:45:00,3922.435,3940.115,3919.445,3938.425,7846
2025-10-28 14:00:00,3938.365,3944.395,3934.675,3938.815,7173
2025-10-28 14:15:00,3938.875,3949.948,3938.068,3949.648,6592
2025-10-28 14:30:00,3949.648,3950.048,3939.435,3945.745,5888
2025-10-28 14:45:00,3945.775,3953.675,3942.305,3949.565,5176
2025-10-28 15:00:00,3949.525,3959.845,3946.865,3958.925,6282
2025-10-28 15:15:00,3958.885,3960.325,3956.385,3958.365,4541
2025-10-28 15:30:00,3958.315,3964.535,3957.355,3963.285,4495
2025-10-28 15:45:00,3963.265,3969.405,3963.145,3964.585,4330
2025-10-28 16:00:00,3964.595,3965.325,3954.535,3963.265,5783
2025-10-28 16:15:00,3963.285,3964.865,3960.745,3963.045,4116
2025-10-28 16:30:00,3963.065,3964.635,3950.758,3955.365,6607
2025-10-28 16:45:00,3955.335,3959.575,3952.615,3958.355,3906
2025-10-28 17:00:00,3958.345,3969.725,3956.288,3969.355,4223
2025-10-28 17:15:00,3969.455,3970.205,3964.075,3967.085,3819
2025-10-28 17:30:00,3967.638,3969.035,3961.365,3963.835,3780
2025-10-28 17:45:00,3963.895,3965.145,3954.985,3962.175,4037
2025-10-28 18:00:00,3962.185,3964.005,3955.015,3959.385,3336
2025-10-28 18:15:00,3959.365,3960.455,3952.385,3954.395,2653
2025-10-28 18:30:00,3954.425,3955.045,3944.935,3951.775,4250
2025-10-28 18:45:00,3951.805,3957.305,3949.285,3956.298,3089
2025-10-28 19:00:00,3956.298,3958.455,3950.745,3953.355,3795
2025-10-28 19:15:00,3953.375,3958.555,3951.815,3955.505,3382
2025-10-28 19:30:00,3955.575,3957.475,3950.595,3956.225,3035
2025-10-28 19:45:00,3956.265,3962.555,3954.865,3960.275,3996
2025-10-28 20:00:00,3960.125,3960.785,3951.415,3954.125,1891
2025-10-28 20:15:00,3954.095,3957.365,3949.365,3950.975,1653
2025-10-28 20:30:00,3950.975,3956.165,3950.975,3954.945,1599
2025-10-28 20:45:00,3954.965,3955.145,3949.945,3951.945,1535
2025-10-28 22:00:00,3952.598,3960.475,3914.548,3936.205,2889
2025-10-28 22:15:00,3936.195,3949.805,3926.708,3945.845,2719
2025-10-28 22:30:00,3945.865,3947.265,3938.805,3943.085,1915
2025-10-28 22:45:00,3943.045,3943.045,3933.248,3933.348,2254
2025-10-28 23:00:00,3933.135,3948.805,3933.135,3947.125,2275
2025-10-28 23:15:00,3947.095,3953.815,3946.695,3950.625,1608
2025-10-28 23:30:00,3950.685,3959.505,3947.065,3959.505,1781
2025-10-28 23:45:00,3959.395,3967.515,3954.815,3964.535,3170
2025-10-29 00:00:00,3964.535,3968.695,3958.835,3961.665,4082
2025-10-29 00:15:00,3961.675,3971.905,3959.355,3970.675,2871
2025-10-29 00:30:00,3970.639,3982.075,3966.605,3981.345,3873
2025-10-29 00:45:00,3981.315,3981.945,3972.048,3975.015,4032
2025-10-29 01:00:00,3975.045,3979.545,3968.395,3976.745,5435
2025-10-29 01:15:00,3976.785,3978.925,3972.235,3972.995,3567
2025-10-29 01:30:00,3972.975,3974.335,3965.815,3967.305,4645
2025-10-29 01:45:00,3967.325,3976.855,3966.795,3973.365,3748
2025-10-29 02:00:00,3973.315,3974.015,3965.005,3966.365,3498
2025-10-29 02:15:00,3966.355,3969.845,3961.975,3963.205,3192
2025-10-29 02:30:00,3963.225,3964.575,3943.605,3953.925,5568
2025-10-29 02:45:00,3953.985,3961.105,3951.095,3960.825,3823
2025-10-29 03:00:00,3960.845,3963.835,3958.465,3958.935,2940
2025-10-29 03:15:00,3958.895,3970.095,3958.255,3964.315,3823
2025-10-29 03:30:00,3964.148,3971.745,3962.635,3969.365,2703
2025-10-29 03:45:00,3969.365,3970.255,3962.125,3962.958,2321
2025-10-29 04:00:00,3963.005,3964.675,3955.398,3955.515,2734
2025-10-29 04:15:00,3955.548,3961.525,3950.668,3952.995,3476
2025-10-29 04:30:00,3953.035,3959.775,3951.965,3958.715,2511
2025-10-29 04:45:00,3958.825,3959.055,3951.415,3951.755,2313
2025-10-29 05:00:00,3951.775,3963.075,3950.825,3955.575,3500
2025-10-29 05:15:00,3955.755,3960.465,3953.145,3957.615,2709
2025-10-29 05:30:00,3957.615,3966.065,3953.815,3964.705,3580
2025-10-29 05:45:00,3964.715,3965.395,3957.455,3962.305,3051
2025-10-29 06:00:00,3962.275,3970.405,3959.635,3968.338,3619
2025-10-29 06:15:00,3968.338,3973.925,3965.925,3970.405,3112
2025-10-29 06:30:00,3970.425,3981.435,3969.948,3980.745,3166
2025-10-29 06:45:00,3980.925,3984.595,3974.535,3978.045,3322
2025-10-29 07:00:00,3978.035,3996.785,3974.565,3994.735,5261
2025-10-29 07:15:00,3994.765,3998.375,3992.935,3996.175,4989
2025-10-29 07:30:00,3996.375,3996.975,3989.575,3994.565,4014
2025-10-29 07:45:00,3994.585,4001.385,3991.055,4001.385,3203
2025-10-29 08:00:00,4001.385,4009.905,4000.278,4007.005,4454
2025-10-29 08:15:00,4006.985,4011.005,4003.315,4010.135,3243
2025-10-29 08:30:00,4010.125,4013.645,4006.955,4010.775,2973
2025-10-29 08:45:00,4010.705,4018.335,4009.875,4016.705,3864
2025-10-29 09:00:00,4016.695,4021.355,4014.885,4015.998,3903
2025-10-29 09:15:00,4015.965,4019.758,4013.165,4016.905,2830
2025-10-29 09:30:00,4016.925,4020.435,4015.485,4019.155,3256
2025-10-29 09:45:00,4019.235,4029.358,4018.975,4023.648,4324
2025-10-29 10:00:00,4023.675,4025.648,4016.878,4021.825,3836
2025-10-29 10:15:00,4021.835,4029.268,4021.095,4024.295,3035
2025-10-29 10:30:00,4024.175,4029.115,4020.935,4025.965,3529
2025-10-29 10:45:00,4025.965,4029.525,4022.505,4023.195,2802
2025-10-29 11:00:00,4023.215,4028.135,4021.815,4021.825,2252
2025-10-29 11:15:00,4021.795,4025.345,4017.849,4018.115,4196
2025-10-29 11:30:00,4018.155,4020.725,4014.305,4017.825,3775
2025-10-29 11:45:00,4017.805,4019.215,4013.135,4016.395,3423
2025-10-29 12:00:00,4016.365,4028.865,4013.315,4028.185,4442
2025-10-29 12:15:00,4028.095,4029.955,4022.785,4025.895,4674
2025-10-29 12:30:00,4025.945,4028.495,4021.485,4025.858,3735
2025-10-29 12:45:00,4025.848,4027.785,4022.905,4025.205,4605
2025-10-29 13:00:00,4025.235,4025.375,4009.775,4012.305,5883
2025-10-29 13:15:00,4012.325,4019.448,4012.305,4018.315,3946
2025-10-29 13:30:00,4018.765,4019.115,4002.085,4006.765,8183
2025-10-29 13:45:00,4006.515,4013.665,4002.388,4011.985,6346
2025-10-29 14:00:00,4011.985,4022.085,4011.325,4016.715,6781
2025-10-29 14:15:00,4016.745,4019.755,4014.055,4016.435,5133
2025-10-29 14:30:00,4016.465,4020.675,4008.805,4010.025,4620
2025-10-29 14:45:00,4009.975,4014.795,4007.135,4008.005,5053
2025-10-29 15:00:00,4008.015,4011.648,4004.235,4009.215,5433
2025-10-29 15:15:00,4009.185,4009.695,4001.165,4006.365,5909
2025-10-29 15:30:00,4006.345,4008.575,4002.585,4003.778,4965
2025-10-29 15:45:00,4003.778,4003.778,3989.165,3992.695,6624
2025-10-29 16:00:00,3992.725,3999.415,3991.115,3997.075,5283
2025-10-29 16:15:00,3997.055,4000.978,3995.755,3998.225,4834
2025-10-29 16:30:00,3998.175,3998.395,3992.815,3994.878,2815
2025-10-29 16:45:00,3994.878,3999.685,3991.865,3992.545,2995
2025-10-29 17:00:00,3992.398,3997.525,3989.105,3997.525,3358
2025-10-29 17:15:00,3997.465,3997.545,3985.495,3986.715,4208
2025-10-29 17:30:00,3986.615,3995.055,3985.945,3991.705,3270
2025-10-29 17:45:00,3991.565,3995.605,3991.165,3993.958,2371
2025-10-29 18:00:00,3993.965,4007.025,3978.085,3983.025,10004
2025-10-29 18:15:00,3983.055,3989.265,3977.025,3980.785,6869
2025-10-29 18:30:00,3980.805,3989.285,3941.988,3953.898,11478
2025-10-29 18:45:00,3954.098,3972.265,3947.348,3969.035,10757
2025-10-29 19:00:00,3968.805,3979.675,3953.195,3970.355,9947
2025-10-29 19:15:00,3970.465,3974.445,3951.085,3953.105,8765
2025-10-29 19:30:00,3953.275,3954.175,3927.585,3928.878,8905
2025-10-29 19:45:00,3928.908,3949.225,3928.908,3945.475,8943
2025-10-29 20:00:00,3945.435,3949.085,3932.085,3940.765,4899
2025-10-29 20:15:00,3940.785,3953.735,3936.835,3948.325,3924
2025-10-29 20:30:00,3948.375,3950.025,3935.005,3936.095,3779
2025-10-29 20:45:00,3936.105,3940.985,3927.615,3928.435,3119
2025-10-29 22:00:00,3921.725,3939.498,3916.348,3937.448,3012
2025-10-29 22:15:00,3937.305,3944.448,3924.435,3936.975,3084
2025-10-29 22:30:00,3936.975,3942.055,3930.765,3941.095,2398
2025-10-29 22:45:00,3941.105,3948.125,3940.115,3940.688,1907
2025-10-29 23:00:00,3940.698,3947.648,3938.948,3945.765,2208
2025-10-29 23:15:00,3945.795,3950.985,3943.635,3950.065,1532
2025-10-29 23:30:00,3950.065,3950.475,3943.775,3944.755,1626
2025-10-29 23:45:00,3944.775,3953.685,3940.805,3952.465,2129
2025-10-30 00:00:00,3952.495,3962.965,3951.705,3956.445,3616
2025-10-30 00:15:00,3956.295,3964.145,3954.795,3959.355,2486
2025-10-30 00:30:00,3959.365,3959.505,3940.968,3941.718,2995
2025-10-30 00:45:00,3941.585,3953.025,3937.305,3949.915,3499
2025-10-30 01:00:00,3949.835,3966.215,3945.115,3950.115,5990
2025-10-30 01:15:00,3950.145,3957.025,3944.845,3950.105,5929
2025-10-30 01:30:00,3950.085,3959.665,3947.405,3957.435,4370
2025-10-30 01:45:00,3957.435,3958.245,3945.535,3947.575,3627
2025-10-30 02:00:00,3947.605,3947.935,3925.955,3936.265,5957
2025-10-30 02:15:00,3936.285,3938.155,3932.305,3933.645,3137
2025-10-30 02:30:00,3933.685,3941.615,3930.495,3936.675,4630
2025-10-30 02:45:00,3936.685,3938.295,3921.575,3921.695,4698
2025-10-30 03:00:00,3921.785,3929.225,3915.065,3928.565,4446
2025-10-30 03:15:00,3928.615,3934.545,3925.635,3932.638,3852
2025-10-30 03:30:00,3932.655,3937.325,3931.305,3932.345,2801
2025-10-30 03:45:00,3932.305,3937.935,3929.735,3937.805,2403
2025-10-30 04:00:00,3937.835,3943.535,3934.505,3943.095,3962
2025-10-30 04:15:00,3942.645,3959.165,3941.285,3959.155,4446
2025-10-30 04:30:00,3959.215,3982.295,3958.315,3978.605,6390
2025-10-30 04:45:00,3978.645,3981.575,3971.245,3972.115,4480
2025-10-30 05:00:00,3972.135,3977.888,3961.225,3962.615,4866
2025-10-30 05:15:00,3962.645,3964.605,3948.495,3950.155,4744
2025-10-30 05:30:00,3950.165,3963.275,3946.958,3962.345,5851
2025-10-30 05:45:00,3962.315,3973.525,3960.615,3963.515,4996
2025-10-30 06:00:00,3963.435,3970.685,3956.065,3962.015,4757
2025-10-30 06:15:00,3962.015,3970.385,3958.285,3964.505,4821
2025-10-30 06:30:00,3964.495,3967.955,3956.415,3965.345,4459
2025-10-30 06:45:00,3965.335,3976.925,3961.555,3976.595,3945
2025-10-30 07:00:00,3976.605,3977.025,3969.008,3970.065,4388
2025-10-30 07:15:00,3970.065,3972.325,3960.065,3968.025,4044
2025-10-30 07:30:00,3968.305,3969.365,3958.255,3961.825,3968
2025-10-30 07:45:00,3961.835,3961.835,3955.645,3961.005,3344
2025-10-30 08:00:00,3960.995,3969.255,3959.895,3965.575,4680
2025-10-30 08:15:00,3965.525,3974.255,3964.158,3972.735,3190
2025-10-30 08:30:00,3972.695,3974.715,3968.115,3973.665,2717
2025-10-30 08:45:00,3973.675,3976.545,3971.388,3976.235,2393
2025-10-30 09:00:00,3976.215,4006.485,3975.798,4004.865,5587
2025-10-30 09:15:00,4004.865,4011.498,3999.625,4004.178,4209
2025-10-30 09:30:00,4004.135,4007.085,3999.878,4005.335,4039
2025-10-30 09:45:00,4005.355,4006.035,3992.205,3998.335,3852
2025-10-30 10:00:00,3998.275,4000.598,3995.825,3997.965,2652
2025-10-30 10:15:00,3997.995,3998.925,3982.255,3986.785,3604
2025-10-30 10:30:00,3986.765,3987.895,3973.345,3982.075,4941
2025-10-30 10:45:00,3982.035,3986.645,3979.365,3983.915,3009
2025-10-30 11:00:00,3983.905,3984.795,3976.375,3976.875,3584
2025-10-30 11:15:00,3976.845,3977.365,3963.625,3965.865,4589
2025-10-30 11:30:00,3965.675,3976.235,3964.925,3973.165,3372
2025-10-30 11:45:00,3973.125,3976.435,3970.785,3974.225,2451
2025-10-30 12:00:00,3974.245,3982.695,3973.275,3982.048,4352
2025-10-30 12:15:00,3982.148,3985.315,3970.395,3970.575,4485
2025-10-30 12:30:00,3970.569,3979.955,3966.155,3976.545,5697
2025-10-30 12:45:00,3976.525,3978.635,3960.745,3960.965,5716
2025-10-30 13:00:00,3960.855,3977.298,3959.955,3975.265,7029
2025-10-30 13:15:00,3975.598,3975.998,3969.018,3969.255,5805
2025-10-30 13:30:00,3969.345,3978.665,3962.895,3974.955,9039
2025-10-30 13:45:00,3974.955,3995.048,3973.695,3995.048,8232
2025-10-30 14:00:00,3995.048,4014.635,3991.558,4010.815,9532
2025-10-30 14:15:00,4010.815,4013.055,3995.365,3997.935,9423
2025-10-30 14:30:00,3998.025,4000.805,3986.515,3993.105,7928
2025-10-30 14:45:00,3993.085,4002.055,3989.015,3996.245,6696
2025-10-30 15:00:00,3996.225,4003.415,3987.848,4000.095,7287
2025-10-30 15:15:00,4000.135,4002.705,3994.335,3998.705,5131
2025-10-30 15:30:00,3998.665,4005.155,3997.625,4004.595,4305
2025-10-30 15:45:00,4004.625,4008.505,4000.555,4001.585,4389
2025-10-30 16:00:00,4001.565,4003.865,3994.015,3994.915,4270
2025-10-30 16:15:00,3994.945,3998.435,3990.905,3995.325,4709
2025-10-30 16:30:00,3995.295,4002.585,3994.695,4002.585,3490
2025-10-30 16:45:00,4002.555,4002.925,3996.835,4001.275,2757
2025-10-30 17:00:00,4001.275,4003.845,3995.315,3995.335,3045
2025-10-30 17:15:00,3995.305,4003.415,3994.265,4002.295,3203
2025-10-30 17:30:00,4002.265,4010.698,4001.845,4010.098,3263
2025-10-30 17:45:00,4010.098,4017.775,4003.068,4004.325,4226
2025-10-30 18:00:00,4004.345,4007.298,3999.885,4005.198,4183
2025-10-30 18:15:00,4005.198,4012.885,4003.198,4012.865,3919
2025-10-30 18:30:00,4012.835,4017.345,4006.998,4010.705,4612
2025-10-30 18:45:00,4010.765,4017.498,4009.448,4015.898,3688
2025-10-30 19:00:00,4015.898,4025.548,4015.098,4024.725,4609
2025-10-30 19:15:00,4024.725,4025.705,4018.189,4019.698,6087
2025-10-30 19:30:00,4019.698,4025.548,4019.698,4024.348,5184
2025-10-30 19:45:00,4024.448,4025.498,4019.798,4023.205,6507
2025-10-30 20:00:00,4023.155,4026.948,4021.645,4023.285,2370
2025-10-30 20:15:00,4023.285,4023.725,4017.695,4018.915,1638
2025-10-30 20:30:00,4019.345,4020.055,4016.098,4019.935,1652
2025-10-30 20:45:00,4019.965,4026.885,4019.695,4024.305,1457
2025-10-30 22:00:00,4023.075,4023.595,4015.955,4021.875,1613
2025-10-30 22:15:00,4021.895,4021.995,4016.405,4020.455,1582
2025-10-30 22:30:00,4020.645,4027.055,4020.615,4023.898,1950
2025-10-30 22:45:00,4024.095,4045.925,4022.945,4037.348,3195
2025-10-30 23:00:00,4037.448,4038.148,4018.415,4027.025,3561
2025-10-30 23:15:00,4027.065,4031.845,4022.955,4027.925,2427
2025-10-30 23:30:00,4028.045,4034.938,4026.248,4031.785,2215
2025-10-30 23:45:00,4031.815,4042.835,4031.805,4036.345,2630
2025-10-31 00:00:00,4036.225,4036.625,4028.675,4031.665,3318
2025-10-31 00:15:00,4031.665,4033.735,4026.005,4027.155,2684
2025-10-31 00:30:00,4027.135,4030.855,4025.995,4027.465,2523
2025-10-31 00:45:00,4027.485,4031.155,4023.615,4024.845,3307
2025-10-31 01:00:00,4024.675,4039.135,4019.375,4032.485,5618
2025-10-31 01:15:00,4032.505,4035.655,4027.775,4030.405,4610
2025-10-31 01:30:00,4030.495,4030.645,4023.055,4023.595,3591
2025-10-31 01:45:00,4023.615,4025.235,4012.458,4018.595,4670
2025-10-31 02:00:00,4018.365,4018.995,4008.915,4009.495,4973
2025-10-31 02:15:00,4009.525,4017.665,4008.205,4013.065,3288
2025-10-31 02:30:00,4013.125,4014.655,4001.245,4002.745,5511
2025-10-31 02:45:00,4002.725,4016.965,4002.725,4010.795,4530
2025-10-31 03:00:00,4010.765,4013.635,3990.938,3993.935,5552
2025-10-31 03:15:00,3993.955,4001.305,3992.695,4000.068,4916
2025-10-31 03:30:00,4000.145,4003.425,3997.415,3997.605,2574
2025-10-31 03:45:00,3997.445,3998.385,3993.605,3995.955,2564
2025-10-31 04:00:00,3995.995,3996.948,3988.765,3991.245,2936
2025-10-31 04:15:00,3991.215,4000.835,3990.795,4000.655,2225
2025-10-31 04:30:00,4000.655,4005.915,3998.355,3999.985,2447
2025-10-31 04:45:00,4000.005,4010.295,3999.625,4005.505,2937
2025-10-31 05:00:00,4005.275,4006.055,3995.905,3996.815,2952
2025-10-31 05:15:00,3996.845,4002.865,3993.785,4001.695,2449
2025-10-31 05:30:00,4001.645,4006.555,3998.035,4006.315,4707
2025-10-31 05:45:00,4006.445,4010.965,4003.035,4004.775,4405
2025-10-31 06:00:00,4004.825,4013.105,4001.785,4009.285,4210
2025-10-31 06:15:00,4009.315,4014.525,4006.345,4008.995,4202
2025-10-31 06:30:00,4008.975,4011.875,4006.985,4010.055,3086
2025-10-31 06:45:00,4010.025,4014.335,4005.095,4012.845,3175
2025-10-31 07:00:00,4012.865,4016.548,4007.305,4015.515,3949
2025-10-31 07:15:00,4015.545,4023.275,4014.535,4022.975,3911
2025-10-31 07:30:00,4022.925,4025.305,4011.798,4012.225,4123
2025-10-31 07:45:00,4012.205,4023.695,4012.045,4020.755,3554
2025-10-31 08:00:00,4020.785,4026.808,4019.15,4022.838,3545
2025-10-31 08:15:00,4022.838,4023.875,4018.165,4021.125,3195
2025-10-31 08:30:00,4021.105,4025.698,4018.445,4019.635,2962
2025-10-31 08:45:00,4019.715,4020.715,4006.455,4010.205,3586
2025-10-31 09:00:00,4009.995,4014.048,4006.245,4006.355,3844
2025-10-31 09:15:00,4006.315,4007.955,3998.515,4002.125,3960
2025-10-31 09:30:00,4002.115,4006.648,3999.415,4003.925,2991
2025-10-31 09:45:00,4003.885,4009.395,3999.965,4008.178,3860
2025-10-31 10:00:00,4008.285,4016.505,4008.178,4015.685,3984
2025-10-31 10:15:00,4015.715,4016.285,4010.135,4012.925,3388
2025-10-31 10:30:00,4012.925,4013.825,4008.075,4009.925,2324
2025-10-31 10:45:00,4009.885,4010.245,4003.375,4007.175,3146
2025-10-31 11:00:00,4007.075,4009.205,4003.745,4005.698,3259
2025-10-31 11:15:00,4005.698,4007.785,4001.435,4005.155,3166
2025-10-31 11:30:00,4005.195,4008.535,4001.635,4008.495,2653
2025-10-31 11:45:00,4008.495,4010.895,4006.105,4010.145,2844
2025-10-31 12:00:00,4010.335,4012.998,4008.805,4012.228,2593
2025-10-31 12:15:00,4012.228,4024.835,4011.465,4018.939,4269
2025-10-31 12:30:00,4018.945,4032.855,4016.165,4029.248,6139
2025-10-31 12:45:00,4029.195,4036.035,4020.455,4022.758,5514
2025-10-31 13:00:00,4022.758,4035.425,4020.045,4031.005,6797
2025-10-31 13:15:00,4031.005,4031.805,4025.265,4026.405,4968
2025-10-31 13:30:00,4026.756,4028.505,4012.805,4015.655,7340
2025-10-31 13:45:00,4015.615,4022.455,4009.985,4016.125,6621
2025-10-31 14:00:00,4016.285,4027.025,4016.095,4019.625,6118
2025-10-31 14:15:00,4019.575,4025.715,4014.515,4015.105,5542
2025-10-31 14:30:00,4015.055,4021.385,4012.575,4016.735,5221
2025-10-31 14:45:00,4016.865,4022.345,4010.825,4020.465,5086
2025-10-31 15:00:00,4020.575,4020.735,4009.375,4016.875,5603
2025-10-31 15:15:00,4016.825,4019.285,4014.545,4017.765,3929
2025-10-31 15:30:00,4017.805,4022.715,4015.875,4020.575,4686
2025-10-31 15:45:00,4020.645,4022.035,4011.375,4012.485,5725
2025-10-31 16:00:00,4012.445,4014.945,3978.195,3978.618,7198
2025-10-31 16:15:00,3978.625,3989.895,3971.965,3985.695,8919
2025-10-31 16:30:00,3985.715,3990.165,3981.625,3984.295,6808
2025-10-31 16:45:00,3984.265,3986.575,3978.635,3980.465,6353
2025-10-31 17:00:00,3980.595,3990.205,3980.405,3982.805,5185
2025-10-31 17:15:00,3982.699,3987.585,3981.095,3984.365,4746
2025-10-31 17:30:00,3984.308,3999.255,3980.165,3998.345,5289
2025-10-31 17:45:00,3998.345,4003.445,3996.265,3997.345,5277
2025-10-31 18:00:00,3997.345,4007.225,3995.185,4006.545,4291
2025-10-31 18:15:00,4006.585,4009.765,4005.085,4008.385,3796
2025-10-31 18:30:00,4008.315,4008.855,4002.475,4003.675,3110
2025-10-31 18:45:00,4003.645,4005.998,3999.265,3999.748,3461
2025-10-31 19:00:00,3999.748,4005.298,3998.748,4000.025,3335
2025-10-31 19:15:00,3999.985,4001.915,3990.918,4001.265,4115
2025-10-31 19:30:00,4001.375,4001.375,3994.525,3998.925,3195
2025-10-31 19:45:00,3998.905,4001.975,3995.755,4001.075,4081
2025-10-31 20:00:00,4001.045,4001.195,3995.955,3998.265,1248
2025-10-31 20:15:00,3998.295,4002.098,3996.975,4001.598,962
2025-10-31 20:30:00,4001.498,4006.248,4001.398,4003.348,1328
2025-10-31 20:45:00,4003.448,4004.225,4000.715,4001.505,1757
2025-11-03 00:00:00,3979.285,3987.545,3966.089,3967.975,2753
2025-11-03 00:15:00,3967.955,3972.915,3962.325,3970.485,3501
2025-11-03 00:30:00,3970.465,3977.495,3962.918,3972.455,3248
2025-11-03 00:45:00,3972.425,3976.585,3967.428,3970.405,3396
2025-11-03 01:00:00,3970.395,3988.745,3965.305,3986.245,6583
2025-11-03 01:15:00,3986.275,3999.305,3986.175,3998.585,4718
2025-11-03 01:30:00,3998.445,4001.555,3989.965,3991.785,3719
2025-11-03 01:45:00,3991.785,3999.885,3989.935,3995.705,3457
2025-11-03 02:00:00,3995.685,3998.475,3990.035,3994.715,3076
2025-11-03 02:15:00,3994.695,4006.255,3994.565,3995.405,3521
2025-11-03 02:30:00,3995.345,4005.965,3994.815,4001.285,3658
2025-11-03 02:45:00,4001.525,4006.015,3997.595,4003.795,2853
2025-11-03 03:00:00,4003.865,4011.235,4001.925,4007.365,4071
2025-11-03 03:15:00,4007.395,4010.105,4005.325,4005.905,2737
2025-11-03 03:30:00,4005.915,4012.995,4005.285,4010.545,2095
2025-11-03 03:45:00,4010.575,4015.145,4010.575,4011.065,1767
2025-11-03 04:00:00,4011.055,4014.115,4006.575,4009.435,2659
2025-11-03 04:15:00,4009.385,4009.575,4001.615,4005.235,2300
2025-11-03 04:30:00,4005.205,4007.405,4002.345,4006.605,1855
2025-11-03 04:45:00,4006.575,4007.288,4002.448,4003.368,2071
2025-11-03 05:00:00,4003.378,4009.825,3997.479,4006.665,3219
2025-11-03 05:15:00,4006.705,4012.565,4004.665,4011.735,1744
2025-11-03 05:30:00,4011.715,4018.075,4011.625,4014.545,3475
2025-11-03 05:45:00,4014.685,4016.555,4010.998,4013.615,2863
2025-11-03 06:00:00,4013.698,4016.498,4009.825,4014.348,3130
2025-11-03 06:15:00,4014.338,4018.335,4013.068,4016.135,2699
2025-11-03 06:30:00,4016.148,4017.695,4012.835,4015.255,2425
2025-11-03 06:45:00,4015.235,4018.305,4013.585,4017.205,2316
2025-11-03 07:00:00,4017.225,4023.255,4014.795,4014.895,3609
2025-11-03 07:15:00,4014.925,4020.275,4013.275,4018.795,2626
2025-11-03 07:30:00,4018.578,4023.005,4015.685,4021.935,2854
2025-11-03 07:45:00,4021.925,4025.625,4020.259,4025.078,3409
2025-11-03 08:00:00,4025.078,4027.865,4020.355,4021.345,3338
2025-11-03 08:15:00,4021.335,4023.315,4010.905,4014.198,3231
2025-11-03 08:30:00,4014.205,4017.305,4011.745,4016.395,3510
2025-11-03 08:45:00,4016.385,4020.515,4012.625,4019.395,3737
2025-11-03 09:00:00,4019.645,4025.755,4016.365,4021.338,4086
2025-11-03 09:15:00,4021.348,4021.838,4004.898,4006.875,4114
2025-11-03 09:30:00,4006.865,4007.745,3996.085,3996.935,4540
2025-11-03 09:45:00,3996.865,4004.975,3992.875,4000.165,4074
2025-11-03 10:00:00,4000.355,4004.615,3994.185,3997.205,3590
2025-11-03 10:15:00,3996.915,4000.448,3995.418,3997.575,2896
2025-11-03 10:30:00,3997.535,4000.948,3994.155,3997.715,3059
2025-11-03 10:45:00,3997.695,3998.925,3994.435,3998.375,2797
2025-11-03 11:00:00,3998.358,4002.115,3994.098,4000.245,2944
2025-11-03 11:15:00,4000.225,4006.735,3998.615,4006.345,3337
2025-11-03 11:30:00,4006.345,4006.805,4002.735,4005.015,3143
2025-11-03 11:45:00,4005.035,4008.405,4004.185,4007.365,2732
2025-11-03 12:00:00,4007.405,4008.445,4004.495,4006.855,2888
2025-11-03 12:15:00,4006.815,4007.435,4001.565,4004.925,2393
2025-11-03 12:30:00,4004.905,4010.735,4003.525,4007.965,3183
2025-11-03 12:45:00,4007.985,4013.365,4007.735,4013.235,3565
2025-11-03 13:00:00,4013.235,4018.165,4011.865,4015.385,5481
2025-11-03 13:15:00,4015.405,4019.405,4013.745,4014.185,5506
2025-11-03 13:30:00,4014.155,4020.195,4010.525,4017.095,5008
2025-11-03 13:45:00,4017.095,4017.915,4014.385,4015.745,3849
2025-11-03 14:00:00,4015.765,4020.535,4012.385,4015.835,5022
2025-11-03 14:15:00,4015.825,4020.218,4009.068,4009.855,4761
2025-11-03 14:30:00,4009.855,4013.305,4001.415,4012.165,7024
2025-11-03 14:45:00,4012.165,4025.825,4012.035,4022.085,6829
2025-11-03 15:00:00,4023.726,4030.385,4023.085,4026.288,6699
2025-11-03 15:15:00,4026.288,4028.555,4008.295,4011.155,7862
2025-11-03 15:30:00,4011.229,4022.229,4005.115,4021.498,8350
2025-11-03 15:45:00,4021.498,4023.499,4002.945,4008.305,7296
2025-11-03 16:00:00,4008.179,4013.209,4001.545,4004.399,6685
2025-11-03 16:15:00,4004.399,4004.939,3994.989,3997.815,7033
2025-11-03 16:30:00,3997.815,4004.195,3995.955,4003.429,5820
2025-11-03 16:45:00,4003.375,4009.475,4001.595,4008.095,5291
2025-11-03 17:00:00,4008.115,4009.615,4003.215,4008.189,4941
2025-11-03 17:15:00,4008.179,4011.915,4006.255,4006.735,5422
2025-11-03 17:30:00,4006.695,4007.135,4004.155,4005.575,3961
2025-11-03 17:45:00,4005.535,4007.375,4004.865,4005.849,3444
2025-11-03 18:00:00,4005.889,4006.609,4001.449,4002.569,4129
2025-11-03 18:15:00,4002.549,4003.629,3999.215,4001.125,4726
2025-11-03 18:30:00,4001.135,4009.335,4000.825,4008.005,3590
2025-11-03 18:45:00,4008.159,4008.219,4003.209,4006.125,3486
2025-11-03 19:00:00,4006.089,4007.965,3995.075,4003.139,4980
2025-11-03 19:15:00,4003.129,4005.715,4001.425,4003.895,4683
2025-11-03 19:30:00,4003.885,4004.819,4000.355,4000.355,3599
2025-11-03 19:45:00,4000.335,4007.315,3999.435,4004.395,3918
2025-11-03 20:00:00,4004.395,4012.098,4004.335,4009.945,3446
2025-11-03 20:15:00,4010.055,4014.695,4009.345,4011.305,4051
2025-11-03 20:30:00,4011.285,4011.865,4006.915,4008.895,3414
2025-11-03 20:45:00,4008.935,4011.965,4007.745,4010.105,3658
2025-11-03 21:00:00,4010.105,4010.105,4004.225,4004.575,1383
2025-11-03 21:15:00,4004.785,4005.465,4000.835,4001.655,1205
2025-11-03 21:30:00,4001.635,4002.595,3999.955,4000.975,1077
2025-11-03 21:45:00,4000.995,4002.075,3999.695,4001.065,873
2025-11-03 23:00:00,4000.898,4005.195,3980.625,3987.775,2114
2025-11-03 23:15:00,3987.545,3996.795,3987.485,3995.505,2243
2025-11-03 23:30:00,3995.495,3999.395,3994.175,3997.595,1778
2025-11-03 23:45:00,3997.565,3999.235,3992.348,3996.925,1560
2025-11-04 00:00:00,3996.975,3998.545,3990.045,3994.485,2439
2025-11-04 00:15:00,3994.465,3999.045,3992.165,3992.895,2036
2025-11-04 00:30:00,3992.875,3993.615,3978.245,3979.655,3650
2025-11-04 00:45:00,3979.515,3988.985,3979.485,3986.125,3686
2025-11-04 01:00:00,3986.155,3992.415,3984.249,3989.785,4452
2025-11-04 01:15:00,3989.805,3994.225,3980.605,3985.225,3907
2025-11-04 01:30:00,3985.185,3987.755,3979.198,3987.085,3878
2025-11-04 01:45:00,3987.105,3990.205,3984.715,3987.205,2821
2025-11-04 02:00:00,3987.195,3987.195,3975.435,3977.015,4222
2025-11-04 02:15:00,3976.985,3983.875,3976.985,3983.755,2489
2025-11-04 02:30:00,3983.775,3985.005,3976.935,3983.135,3871
2025-11-04 02:45:00,3982.705,3986.595,3975.505,3986.475,4052
2025-11-04 03:00:00,3986.515,3990.365,3981.485,3988.085,3204
2025-11-04 03:15:00,3988.045,3993.665,3984.635,3992.675,2401
2025-11-04 03:30:00,3992.525,3999.155,3990.705,3992.115,3289
2025-11-04 03:45:00,3992.085,3995.285,3990.865,3994.345,2370
2025-11-04 04:00:00,3994.335,3994.965,3987.825,3988.575,2417
2025-11-04 04:15:00,3988.565,3992.885,3987.735,3991.715,1760
2025-11-04 04:30:00,3991.695,3993.245,3987.875,3988.165,2064
2025-11-04 04:45:00,3988.095,3991.305,3983.865,3985.375,2880
2025-11-04 05:00:00,3985.335,3986.575,3981.135,3983.735,2700
2025-11-04 05:15:00,3983.725,3986.895,3982.665,3982.795,2426
2025-11-04 05:30:00,3982.785,3985.425,3975.345,3976.105,4911
2025-11-04 05:45:00,3975.695,3981.205,3972.475,3973.025,4767
2025-11-04 06:00:00,3973.045,3975.305,3966.395,3974.355,4611
2025-11-04 06:15:00,3974.375,3975.925,3968.245,3975.335,3452
2025-11-04 06:30:00,3975.375,3980.785,3973.595,3979.405,3830
2025-11-04 06:45:00,3979.835,3987.905,3977.375,3984.865,3783
2025-11-04 07:00:00,3984.885,3990.065,3982.075,3986.785,3989
2025-11-04 07:15:00,3987.005,3996.215,3985.695,3993.815,3581
2025-11-04 07:30:00,3993.825,3995.848,3990.165,3991.365,2259
2025-11-04 07:45:00,3991.335,3996.055,3991.055,3993.645,2061
2025-11-04 08:00:00,3993.985,3999.225,3991.358,3991.465,3646
2025-11-04 08:15:00,3991.405,4000.475,3990.445,3999.635,3437
2025-11-04 08:30:00,3999.655,4000.385,3994.675,3998.905,2658
2025-11-04 08:45:00,3999.205,4000.145,3995.515,3995.895,2839
2025-11-04 09:00:00,3995.915,3997.515,3991.008,3991.445,2922
2025-11-04 09:15:00,3991.405,3994.635,3991.045,3991.755,2351
2025-11-04 09:30:00,3991.725,3999.295,3991.485,3997.035,2855
2025-11-04 09:45:00,3997.075,3997.735,3990.235,3991.025,3102
2025-11-04 10:00:00,3991.005,3994.585,3985.765,3994.395,3461
2025-11-04 10:15:00,3994.335,3996.705,3991.145,3991.885,2550
2025-11-04 10:30:00,3991.925,3997.415,3990.435,3995.325,2823
2025-11-04 10:45:00,3995.345,3996.025,3990.945,3993.635,2326
2025-11-04 11:00:00,3993.805,3995.625,3991.465,3993.695,1456
2025-11-04 11:15:00,3993.745,3995.565,3992.515,3993.945,1477
2025-11-04 11:30:00,3993.965,3995.515,3992.098,3992.198,2547
2025-11-04 11:45:00,3992.198,3999.948,3991.598,3994.685,2999
2025-11-04 12:00:00,3994.735,3996.535,3993.245,3996.445,2452
2025-11-04 12:15:00,3996.425,3997.295,3989.615,3990.045,2003
2025-11-04 12:30:00,3990.115,3990.555,3983.895,3990.435,3452
2025-11-04 12:45:00,3990.375,3992.325,3983.465,3984.455,3370
2025-11-04 13:00:00,3984.475,3995.205,3983.495,3992.925,4562
2025-11-04 13:15:00,3992.965,3995.765,3982.705,3983.615,4341
2025-11-04 13:30:00,3983.615,3987.955,3975.265,3980.055,4757
2025-11-04 13:45:00,3980.035,3982.125,3971.648,3975.475,4650
2025-11-04 14:00:00,3975.485,3976.465,3963.965,3975.585,5050
2025-11-04 14:15:00,3975.595,3977.495,3951.035,3951.135,4940
2025-11-04 14:30:00,3951.105,3956.485,3928.475,3930.945,10568
2025-11-04 14:45:00,3930.985,3959.528,3930.738,3956.708,7810
2025-11-04 15:00:00,3956.728,3958.498,3944.195,3947.045,6850
2025-11-04 15:15:00,3947.075,3952.795,3941.005,3948.855,6191
2025-11-04 15:30:00,3948.825,3967.955,3947.945,3965.035,5836
2025-11-04 15:45:00,3965.055,3965.725,3956.235,3956.625,4293
2025-11-04 16:00:00,3956.665,3965.535,3956.515,3963.405,4369
2025-11-04 16:15:00,3963.435,3975.405,3963.435,3972.165,4997
2025-11-04 16:30:00,3972.155,3973.835,3965.435,3969.395,4305
2025-11-04 16:45:00,3969.415,3970.195,3963.745,3968.855,3774
2025-11-04 17:00:00,3968.945,3970.805,3961.565,3963.895,3871
2025-11-04 17:15:00,3963.965,3965.025,3958.455,3959.155,4017
2025-11-04 17:30:00,3959.185,3964.955,3958.915,3960.985,3677
2025-11-04 17:45:00,3960.965,3964.085,3952.148,3954.815,4385
2025-11-04 18:00:00,3954.659,3956.585,3949.375,3950.325,3649
2025-11-04 18:15:00,3950.365,3952.485,3945.285,3950.485,4462
2025-11-04 18:30:00,3950.525,3951.255,3931.855,3938.295,5166
2025-11-04 18:45:00,3938.265,3940.945,3935.435,3937.605,4416
2025-11-04 19:00:00,3937.635,3944.005,3934.405,3940.045,4405
2025-11-04 19:15:00,3940.025,3943.895,3939.945,3941.735,3444
2025-11-04 19:30:00,3941.735,3942.825,3935.325,3937.735,3559
2025-11-04 19:45:00,3937.695,3939.735,3935.755,3937.145,2871
2025-11-04 20:00:00,3937.195,3939.155,3931.255,3934.015,3919
2025-11-04 20:15:00,3934.185,3937.705,3931.665,3937.265,3450
2025-11-04 20:30:00,3937.265,3941.925,3935.775,3940.685,3834
2025-11-04 20:45:00,3940.775,3941.015,3936.145,3938.505,3905
2025-11-04 21:00:00,3938.655,3938.759,3933.455,3934.005,1180
2025-11-04 21:15:00,3934.025,3935.115,3930.745,3933.725,1172
2025-11-04 21:30:00,3933.735,3934.825,3930.565,3930.805,1240
2025-11-04 21:45:00,3930.835,3933.895,3930.275,3931.635,1055
2025-11-04 23:00:00,3932.765,3939.985,3930.695,3935.365,1308
2025-11-04 23:15:00,3935.345,3939.375,3934.775,3937.535,1150
2025-11-04 23:30:00,3937.575,3938.385,3933.185,3937.815,1034
2025-11-04 23:45:00,3937.558,3937.558,3930.695,3934.328,1668
2025-11-05 00:00:00,3934.325,3942.705,3932.745,3939.755,2316
2025-11-05 00:15:00,3939.775,3942.255,3934.215,3938.485,2406
2025-11-05 00:30:00,3938.525,3939.465,3929.925,3931.385,3321
2025-11-05 00:45:00,3931.405,3939.455,3929.648,3939.455,3082
2025-11-05 01:00:00,3939.635,3944.885,3936.935,3942.915,4188
2025-11-05 01:15:00,3942.935,3948.345,3938.185,3946.125,3574
2025-11-05 01:30:00,3946.005,3949.245,3942.915,3943.175,3972
2025-11-05 01:45:00,3942.965,3943.255,3934.255,3936.815,3290
2025-11-05 02:00:00,3936.785,3945.045,3935.385,3941.915,3008
2025-11-05 02:15:00,3941.905,3941.965,3936.115,3937.875,2699
2025-11-05 02:30:00,3937.875,3948.735,3937.875,3944.815,4033
2025-11-05 02:45:00,3944.848,3950.775,3944.775,3948.345,3161
2025-11-05 03:00:00,3948.315,3955.555,3947.335,3952.745,2717
2025-11-05 03:15:00,3952.725,3956.085,3952.575,3952.915,2031
2025-11-05 03:30:00,3952.935,3959.345,3951.765,3958.845,1837
2025-11-05 03:45:00,3958.998,3964.995,3958.995,3960.565,2281
2025-11-05 04:00:00,3960.459,3964.555,3959.585,3961.555,1491
2025-11-05 04:15:00,3961.585,3964.095,3959.885,3963.285,1527
2025-11-05 04:30:00,3963.509,3971.815,3963.235,3971.055,2523
2025-11-05 04:45:00,3971.025,3973.475,3967.278,3970.065,2126
2025-11-05 05:00:00,3970.085,3971.965,3966.785,3970.855,1981
2025-11-05 05:15:00,3970.885,3978.345,3970.125,3975.485,1885
2025-11-05 05:30:00,3975.258,3975.675,3968.848,3969.645,3202
2025-11-05 05:45:00,3969.615,3969.635,3961.648,3964.655,3231
2025-11-05 06:00:00,3964.675,3968.615,3961.715,3964.415,2886
2025-11-05 06:15:00,3964.445,3970.225,3963.435,3967.165,2451
2025-11-05 06:30:00,3967.205,3973.415,3965.165,3971.115,2782
2025-11-05 06:45:00,3971.085,3971.745,3964.835,3966.045,2232
2025-11-05 07:00:00,3966.095,3967.615,3963.705,3966.125,2712
2025-11-05 07:15:00,3966.115,3969.275,3963.485,3965.885,2113
2025-11-05 07:30:00,3965.895,3971.085,3965.165,3970.065,2129
2025-11-05 07:45:00,3969.955,3974.568,3968.345,3972.305,2018
2025-11-05 08:00:00,3972.285,3986.915,3972.285,3981.905,4344
2025-11-05 08:15:00,3981.865,3983.945,3978.215,3979.805,2838
2025-11-05 08:30:00,3979.825,3985.975,3979.775,3981.615,2438
2025-11-05 08:45:00,3981.655,3983.485,3979.325,3979.805,1823
2025-11-05 09:00:00,3979.685,3981.105,3974.915,3975.315,2713
2025-11-05 09:15:00,3975.295,3975.515,3963.375,3964.945,3031
2025-11-05 09:30:00,3964.875,3971.525,3963.305,3969.665,2310
2025-11-05 09:45:00,3969.645,3972.435,3968.815,3971.645,1706
2025-11-05 10:00:00,3971.615,3971.645,3955.825,3963.645,3457
2025-11-05 10:15:00,3963.675,3967.105,3960.135,3964.335,1724
2025-11-05 10:30:00,3964.455,3967.175,3963.925,3966.875,1747
2025-11-05 10:45:00,3966.855,3969.895,3960.155,3964.275,3788
2025-11-05 11:00:00,3964.285,3968.755,3960.199,3960.685,2507
2025-11-05 11:15:00,3960.655,3961.615,3957.195,3957.965,2039
2025-11-05 11:30:00,3957.985,3963.975,3957.455,3963.025,1826
2025-11-05 11:45:00,3963.055,3968.055,3962.325,3966.685,2344
2025-11-05 12:00:00,3966.655,3966.855,3961.945,3964.035,1967
2025-11-05 12:15:00,3964.075,3969.695,3963.398,3967.375,1988
2025-11-05 12:30:00,3967.255,3967.885,3962.945,3964.405,1833
2025-11-05 12:45:00,3964.385,3969.485,3963.505,3969.485,2005
2025-11-05 13:00:00,3969.505,3974.335,3966.615,3971.785,3362
2025-11-05 13:15:00,3971.685,3977.245,3964.645,3975.785,4458
2025-11-05 13:30:00,3975.765,3976.865,3970.675,3974.165,3900
2025-11-05 13:45:00,3974.495,3979.275,3970.875,3975.675,3152
2025-11-05 14:00:00,3975.725,3980.475,3973.575,3979.315,3465
2025-11-05 14:15:00,3979.385,3985.225,3978.225,3983.605,3053
2025-11-05 14:30:00,3983.655,3985.425,3975.465,3975.895,6776
2025-11-05 14:45:00,3975.905,3978.315,3969.385,3973.005,6192
2025-11-05 15:00:00,3972.945,3977.575,3963.695,3970.385,7588
2025-11-05 15:15:00,3970.415,3979.985,3966.425,3978.925,5497
2025-11-05 15:30:00,3979.025,3984.298,3977.925,3982.855,5056
2025-11-05 15:45:00,3982.835,3984.065,3976.978,3978.075,4168
2025-11-05 16:00:00,3978.175,3981.725,3975.488,3976.435,3852
2025-11-05 16:15:00,3976.415,3981.205,3974.745,3981.135,3391
2025-11-05 16:30:00,3981.055,3984.275,3977.275,3982.515,3380
2025-11-05 16:45:00,3982.555,3990.235,3982.555,3986.675,3870
2025-11-05 17:00:00,3986.665,3989.445,3982.045,3983.995,2950
2025-11-05 17:15:00,3983.975,3985.215,3978.395,3982.145,2766
2025-11-05 17:30:00,3982.135,3984.145,3979.495,3983.015,2264
2025-11-05 17:45:00,3982.995,3983.185,3979.425,3981.875,2334
2025-11-05 18:00:00,3981.845,3983.545,3979.255,3983.435,2165
2025-11-05 18:15:00,3983.425,3985.815,3981.795,3983.465,2841
2025-11-05 18:30:00,3983.825,3984.925,3978.735,3979.375,2115
2025-11-05 18:45:00,3979.575,3983.045,3979.505,3982.215,2575
2025-11-05 19:00:00,3982.285,3985.698,3979.315,3979.625,2686
2025-11-05 19:15:00,3979.595,3984.295,3978.985,3984.065,2991
2025-11-05 19:30:00,3984.065,3988.548,3982.735,3986.798,3806
2025-11-05 19:45:00,3986.798,3988.598,3986.248,3987.498,1736
2025-11-05 20:00:00,3987.598,3989.975,3986.188,3987.475,2195
2025-11-05 20:15:00,3987.475,3988.275,3985.415,3985.455,1751
2025-11-05 20:30:00,3985.435,3987.945,3983.845,3984.335,1685
2025-11-05 20:45:00,3984.295,3985.095,3981.405,3984.265,2691
2025-11-05 21:00:00,3984.255,3984.845,3981.445,3983.325,1456
2025-11-05 21:15:00,3983.305,3984.065,3981.415,3981.765,774
2025-11-05 21:30:00,3981.715,3983.075,3981.685,3981.885,547
2025-11-05 21:45:00,3981.855,3982.815,3977.775,3979.755,728
2025-11-05 23:00:00,3975.455,3979.945,3966.095,3969.348,2761
2025-11-05 23:15:00,3969.348,3971.465,3968.298,3969.985,1114
2025-11-05 23:30:00,3970.455,3975.155,3970.115,3973.225,1215
2025-11-05 23:45:00,3973.195,3977.435,3973.005,3973.515,1022
2025-11-06 00:00:00,3973.475,3975.215,3970.275,3974.775,1161
2025-11-06 00:15:00,3974.775,3974.825,3971.055,3973.455,888
2025-11-06 00:30:00,3973.435,3974.735,3969.395,3972.245,2022
2025-11-06 00:45:00,3972.195,3976.015,3970.485,3976.015,2244
2025-11-06 01:00:00,3976.045,3977.175,3964.355,3969.955,4128
2025-11-06 01:15:00,3969.975,3975.395,3968.235,3968.885,2809
2025-11-06 01:30:00,3968.915,3973.905,3967.335,3970.825,2430
2025-11-06 01:45:00,3970.905,3976.555,3970.825,3976.375,2024
2025-11-06 02:00:00,3976.395,3979.578,3974.025,3977.225,2858
2025-11-06 02:15:00,3977.205,3978.805,3976.098,3977.845,1378
2025-11-06 02:30:00,3977.875,3984.915,3977.875,3979.955,3125
2025-11-06 02:45:00,3980.055,3984.165,3979.435,3983.145,2012
2025-11-06 03:00:00,3983.175,3985.045,3979.295,3984.645,2219
2025-11-06 03:15:00,3984.715,3986.645,3982.265,3985.925,2293
2025-11-06 03:30:00,3985.945,3990.205,3985.755,3987.295,1840
2025-11-06 03:45:00,3987.345,3987.595,3985.438,3987.315,1313
2025-11-06 04:00:00,3987.345,3987.805,3984.448,3985.355,1397
2025-11-06 04:15:00,3985.375,3987.245,3984.745,3986.555,768
2025-11-06 04:30:00,3986.525,3989.055,3985.785,3986.718,1115
2025-11-06 04:45:00,3986.718,3989.565,3985.055,3988.595,1289
2025-11-06 05:00:00,3988.545,3990.135,3985.885,3987.875,1576
2025-11-06 05:15:00,3988.005,3990.545,3987.745,3989.855,1124
2025-11-06 05:30:00,3989.895,3990.125,3985.598,3987.655,2652
2025-11-06 05:45:00,3987.675,3990.215,3986.348,3987.375,1895
2025-11-06 06:00:00,3987.548,3989.705,3984.635,3986.785,2650
2025-11-06 06:15:00,3986.765,3988.645,3985.335,3986.915,1664
2025-11-06 06:30:00,3986.875,3987.325,3984.015,3984.015,1601
2025-11-06 06:45:00,3984.035,3992.598,3982.035,3991.265,2477
2025-11-06 07:00:00,3991.275,3998.615,3990.915,3998.205,2748
2025-11-06 07:15:00,3998.195,4008.985,3997.405,4003.555,3565
2025-11-06 07:30:00,4003.585,4009.045,4003.435,4005.115,2453
2025-11-06 07:45:00,4005.145,4008.915,4004.065,4005.445,1794
2025-11-06 08:00:00,4005.398,4009.235,4004.415,4008.815,3256
2025-11-06 08:15:00,4008.855,4015.925,4008.605,4015.565,3454
2025-11-06 08:30:00,4015.535,4016.675,4009.778,4009.828,3040
2025-11-06 08:45:00,4009.838,4015.448,4009.838,4014.548,2604
2025-11-06 09:00:00,4014.548,4014.935,4010.488,4011.708,2811
2025-11-06 09:15:00,4011.708,4014.745,4010.698,4012.385,2409
2025-11-06 09:30:00,4012.365,4012.935,4010.135,4012.055,1556
2025-11-06 09:45:00,4012.075,4012.425,4008.935,4010.695,2070
2025-11-06 10:00:00,4010.715,4010.825,4005.705,4008.355,2556
2025-11-06 10:15:00,4008.405,4008.895,4005.098,4005.715,2015
2025-11-06 10:30:00,4005.675,4008.375,4004.155,4007.615,2564
2025-11-06 10:45:00,4007.595,4009.185,4005.048,4008.115,1591
2025-11-06 11:00:00,4008.145,4010.295,4007.528,4009.638,1801
2025-11-06 11:15:00,4009.638,4010.875,4006.765,4009.205,2335
2025-11-06 11:30:00,4009.165,4016.685,4009.135,4015.575,2890
2025-11-06 11:45:00,4015.595,4019.175,4013.855,4017.785,2654
2025-11-06 12:00:00,4017.745,4019.275,4011.878,4012.458,3510
2025-11-06 12:15:00,4012.385,4014.365,4010.795,4011.298,2282
2025-11-06 12:30:00,4011.298,4012.698,4006.358,4008.855,2398
2025-11-06 12:45:00,4008.815,4009.995,4002.615,4005.005,2576
2025-11-06 13:00:00,4005.035,4012.975,4003.455,4011.665,5145
2025-11-06 13:15:00,4011.665,4015.865,4010.085,4013.045,4172
2025-11-06 13:30:00,4013.045,4015.905,4010.525,4013.485,3497
2025-11-06 13:45:00,4013.455,4015.785,4011.815,4011.955,3743
2025-11-06 14:00:00,4011.945,4013.675,4004.705,4007.958,5075
2025-11-06 14:15:00,4007.955,4007.975,3988.805,3991.645,6225
2025-11-06 14:30:00,3991.605,4002.995,3990.525,3998.065,7325
2025-11-06 14:45:00,3998.015,4000.865,3992.465,3993.065,6508
2025-11-06 15:00:00,3993.065,3993.495,3978.028,3982.305,8250
2025-11-06 15:15:00,3982.335,3990.835,3981.345,3986.435,7023
2025-11-06 15:30:00,3986.755,3987.045,3974.895,3978.215,7120
2025-11-06 15:45:00,3978.155,3984.065,3976.438,3979.945,7200
2025-11-06 16:00:00,3979.975,3986.045,3979.405,3981.655,5976
2025-11-06 16:15:00,3981.545,3983.798,3976.375,3983.535,5957
2025-11-06 16:30:00,3983.485,3983.835,3976.235,3979.005,5525
2025-11-06 16:45:00,3978.975,3984.465,3977.635,3980.695,5353
2025-11-06 17:00:00,3980.705,3985.375,3977.905,3978.535,5280
2025-11-06 17:15:00,3978.505,3978.745,3965.425,3969.485,6727
2025-11-06 17:30:00,3969.495,3982.195,3967.445,3981.555,5846
2025-11-06 17:45:00,3981.575,3987.865,3981.005,3985.945,5214
2025-11-06 18:00:00,3985.945,3986.325,3979.945,3983.665,4890
2025-11-06 18:15:00,3983.695,3989.145,3981.685,3982.985,4894
2025-11-06 18:30:00,3982.955,3990.655,3982.805,3989.135,3897
2025-11-06 18:45:00,3989.135,3990.315,3986.075,3987.525,4747
2025-11-06 19:00:00,3987.545,3994.975,3986.505,3994.795,4086
2025-11-06 19:15:00,3994.795,3994.948,3991.815,3992.038,3902
2025-11-06 19:30:00,3991.985,3992.379,3988.005,3989.235,3594
2025-11-06 19:45:00,3989.195,3989.975,3982.835,3984.998,4297
2025-11-06 20:00:00,3984.635,3986.915,3982.525,3984.235,3178
2025-11-06 20:15:00,3984.215,3984.585,3981.765,3982.415,3614
2025-11-06 20:30:00,3982.385,3986.595,3982.315,3983.645,4127
2025-11-06 20:45:00,3983.645,3983.645,3979.088,3980.388,6369
2025-11-06 21:00:00,3980.458,3981.935,3977.655,3981.005,1345
2025-11-06 21:15:00,3980.965,3981.505,3978.165,3980.345,1094
2025-11-06 21:30:00,3980.345,3980.735,3978.165,3978.675,1142
2025-11-06 21:45:00,3978.695,3978.845,3976.455,3976.525,899
2025-11-06 23:00:00,3976.195,3982.965,3973.655,3981.015,988
2025-11-06 23:15:00,3980.925,3984.935,3980.485,3983.235,725
2025-11-06 23:30:00,3983.255,3987.555,3981.615,3985.735,1054
2025-11-06 23:45:00,3985.755,3989.515,3985.755,3988.875,804
2025-11-07 00:00:00,3988.905,3989.465,3984.295,3986.945,1272
2025-11-07 00:15:00,3986.925,3992.475,3986.355,3991.248,1318
2025-11-07 00:30:00,3991.248,3994.325,3989.215,3991.105,1605
2025-11-07 00:45:00,3991.125,3991.185,3987.598,3988.305,1552
2025-11-07 01:00:00,3988.285,3999.548,3986.965,3998.548,3582
2025-11-07 01:15:00,3998.885,4001.248,3996.625,3997.185,2570
2025-11-07 01:30:00,3997.205,4002.225,3994.575,4001.705,2515
2025-11-07 01:45:00,4001.748,4002.505,3998.975,4001.465,1681
2025-11-07 02:00:00,4001.475,4003.115,3997.565,3997.635,2011
2025-11-07 02:15:00,3997.678,3997.735,3993.795,3995.295,2152
2025-11-07 02:30:00,3995.255,3998.645,3991.265,3992.665,2301
2025-11-07 02:45:00,3992.685,3997.415,3992.665,3995.165,2095
2025-11-07 03:00:00,3995.115,3996.375,3987.925,3990.775,2242
2025-11-07 03:15:00,3990.845,3993.215,3988.435,3992.385,1781
2025-11-07 03:30:00,3992.365,3995.115,3990.905,3994.495,1316
2025-11-07 03:45:00,3994.475,3994.605,3989.405,3990.155,1526
2025-11-07 04:00:00,3990.125,3992.935,3985.275,3990.995,1895
2025-11-07 04:15:00,3990.965,3997.705,3990.395,3996.125,1618
2025-11-07 04:30:00,3996.155,3997.045,3993.345,3995.215,1281
2025-11-07 04:45:00,3995.195,3998.305,3994.805,3998.085,1115
2025-11-07 05:00:00,3998.125,3998.685,3996.135,3997.485,1382
2025-11-07 05:15:00,3997.455,3997.585,3991.765,3993.945,1567
2025-11-07 05:30:00,3993.855,3997.625,3993.545,3996.365,2406
2025-11-07 05:45:00,3996.395,3997.345,3993.245,3994.748,1899
2025-11-07 06:00:00,3994.675,3996.705,3992.065,3994.965,1949
2025-11-07 06:15:00,3995.025,3999.625,3994.405,3998.205,1891
2025-11-07 06:30:00,3997.895,4002.885,3996.235,4001.245,2019
2025-11-07 06:45:00,4001.295,4008.335,4001.185,4006.545,2704
2025-11-07 07:00:00,4006.565,4009.595,4005.335,4007.675,2354
2025-11-07 07:15:00,4007.665,4009.575,4002.975,4003.435,2607
2025-11-07 07:30:00,4003.455,4006.425,4003.435,4005.215,1315
2025-11-07 07:45:00,4005.255,4007.915,4002.545,4007.615,1719
2025-11-07 08:00:00,4007.708,4010.275,4004.835,4009.495,2917
2025-11-07 08:15:00,4009.525,4009.625,4003.745,4005.435,1544
2025-11-07 08:30:00,4005.475,4008.675,4003.445,4005.698,1756
2025-11-07 08:45:00,4005.625,4010.145,4004.845,4009.445,2262
2025-11-07 09:00:00,4009.495,4011.298,4008.358,4010.575,1950
2025-11-07 09:15:00,4010.615,4013.975,4009.415,4009.985,2391
2025-11-07 09:30:00,4009.965,4011.265,4003.995,4006.075,2040
2025-11-07 09:45:00,4006.055,4009.445,4005.255,4006.495,1857
2025-11-07 10:00:00,4006.535,4008.665,4005.645,4005.925,1417
2025-11-07 10:15:00,4005.875,4009.385,4002.995,4005.825,2181
2025-11-07 10:30:00,4005.785,4006.675,4003.025,4004.055,1592
2025-11-07 10:45:00,4004.145,4009.035,4004.125,4007.715,1767
2025-11-07 11:00:00,4007.715,4011.685,4002.415,4003.375,2038
2025-11-07 11:15:00,4003.395,4007.685,3997.878,3998.905,3246
2025-11-07 11:30:00,3998.915,3999.485,3993.535,3998.398,3405
2025-11-07 11:45:00,3998.298,4004.245,3998.265,4002.725,2691
2025-11-07 12:00:00,4002.745,4008.245,4001.945,4005.565,2459
2025-11-07 12:15:00,4005.645,4006.055,3998.075,3998.175,2512
2025-11-07 12:30:00,3998.135,3999.105,3994.715,3996.135,3381
2025-11-07 12:45:00,3996.155,3998.215,3991.545,3995.685,3257
2025-11-07 13:00:00,3995.825,4000.435,3991.895,3995.725,4200
2025-11-07 13:15:00,3995.635,4001.765,3994.945,3996.359,2825
2025-11-07 13:30:00,3996.299,3997.295,3991.565,3993.655,3302
2025-11-07 13:45:00,3993.638,3999.785,3992.555,3997.495,3085
2025-11-07 14:00:00,3997.465,4003.945,3995.095,4002.615,2906
2025-11-07 14:15:00,4002.595,4007.075,3999.745,4000.245,3178
2025-11-07 14:30:00,4000.265,4000.265,3984.065,3990.255,7643
2025-11-07 14:45:00,3990.385,3995.545,3985.755,3992.975,5835
2025-11-07 15:00:00,3993.025,3998.945,3990.405,3990.735,5942
2025-11-07 15:15:00,3990.775,3994.745,3987.535,3993.065,4943
2025-11-07 15:30:00,3992.805,3995.435,3985.615,3986.115,4526
2025-11-07 15:45:00,3986.165,3992.645,3983.855,3990.775,4328
2025-11-07 16:00:00,3990.775,4000.475,3989.785,3999.165,5019
2025-11-07 16:15:00,3999.205,4009.095,3995.315,4007.715,4800
2025-11-07 16:30:00,4007.725,4027.225,4007.665,4020.495,6644
2025-11-07 16:45:00,4020.535,4021.875,4005.925,4007.585,6269
2025-11-07 17:00:00,4007.625,4009.545,3994.985,3999.575,7728
2025-11-07 17:15:00,3999.595,4000.945,3992.165,3997.645,5437
2025-11-07 17:30:00,3997.605,3999.295,3993.815,3998.665,3873
2025-11-07 17:45:00,3998.595,4006.275,3996.915,4005.245,4591
2025-11-07 18:00:00,4005.385,4008.985,4002.895,4004.575,3585
2025-11-07 18:15:00,4004.615,4006.198,3999.365,4002.525,4092
2025-11-07 18:30:00,4002.495,4007.045,4001.535,4006.015,2856
2025-11-07 18:45:00,4005.945,4007.245,4003.835,4005.435,3620
2025-11-07 19:00:00,4005.395,4008.795,4003.275,4007.725,2900
2025-11-07 19:15:00,4007.725,4008.485,4005.245,4006.185,2921
2025-11-07 19:30:00,4006.185,4007.925,4001.805,4002.865,4501
2025-11-07 19:45:00,4002.825,4007.975,4001.555,4006.505,3676
2025-11-07 20:00:00,4006.429,4006.665,4003.385,4004.848,2812
2025-11-07 20:15:00,4004.855,4005.148,3994.245,3998.275,3251
2025-11-07 20:30:00,3998.255,4003.695,3997.095,4000.905,3662
2025-11-07 20:45:00,4000.865,4005.615,3998.905,4003.865,3575
2025-11-07 21:00:00,4003.645,4004.955,4002.405,4002.525,840
2025-11-07 21:15:00,4002.545,4002.785,4000.915,4001.695,505
2025-11-07 21:30:00,4001.715,4002.225,3998.875,3999.648,527
2025-11-07 21:45:00,3999.765,4001.945,3998.165,4000.289,1065
2025-11-10 00:00:00,4011.665,4016.975,4010.915,4015.565,1853
2025-11-10 00:15:00,4015.545,4016.855,4014.085,4016.165,939
2025-11-10 00:30:00,4016.145,4017.305,4011.065,4016.245,2267
2025-11-10 00:45:00,4016.285,4023.685,4016.255,4020.065,2586
2025-11-10 01:00:00,4020.045,4029.148,4018.795,4026.905,4579
2025-11-10 01:15:00,4026.935,4051.718,4026.885,4047.505,5771
2025-11-10 01:30:00,4047.535,4053.125,4045.265,4050.625,5397
2025-11-10 01:45:00,4050.575,4052.535,4041.048,4043.855,5031
2025-11-10 02:00:00,4043.825,4047.015,4037.435,4044.585,4486
2025-11-10 02:15:00,4044.635,4047.755,4039.535,4040.795,2777
2025-11-10 02:30:00,4040.815,4045.845,4038.245,4044.255,3668
2025-11-10 02:45:00,4043.825,4048.865,4043.278,4047.925,2453
2025-11-10 03:00:00,4047.905,4048.015,4044.925,4045.575,2208
2025-11-10 03:15:00,4045.595,4051.665,4044.685,4050.435,2280
2025-11-10 03:30:00,4050.415,4052.635,4049.875,4050.125,2152
2025-11-10 03:45:00,4050.155,4051.195,4047.278,4049.975,1388
2025-11-10 04:00:00,4049.835,4056.635,4049.765,4056.095,2288
2025-11-10 04:15:00,4056.045,4056.525,4052.505,4053.595,1740
2025-11-10 04:30:00,4053.545,4055.315,4052.295,4052.938,1633
2025-11-10 04:45:00,4052.87,4054.555,4049.615,4053.935,1814
2025-11-10 05:00:00,4053.965,4054.045,4049.995,4050.005,1609
2025-11-10 05:15:00,4050.025,4055.705,4050.015,4055.035,1666
2025-11-10 05:30:00,4055.075,4064.965,4054.615,4062.855,3588
2025-11-10 05:45:00,4062.865,4069.715,4061.805,4069.225,3462
2025-11-10 06:00:00,4069.295,4071.035,4066.635,4067.715,2833
2025-11-10 06:15:00,4067.735,4073.565,4067.735,4072.785,3188
2025-11-10 06:30:00,4072.675,4078.315,4070.725,4073.085,3345
2025-11-10 06:45:00,4073.115,4076.225,4069.705,4074.855,3020
2025-11-10 07:00:00,4074.875,4078.565,4072.775,4078.355,2622
2025-11-10 07:15:00,4078.375,4078.875,4072.045,4075.465,2407
2025-11-10 07:30:00,4075.425,4078.805,4073.865,4075.365,2128
2025-11-10 07:45:00,4075.395,4078.395,4073.805,4075.075,2406
2025-11-10 08:00:00,4075.105,4083.175,4074.945,4078.895,3847
2025-11-10 08:15:00,4078.935,4080.845,4074.925,4080.135,2965
2025-11-10 08:30:00,4080.095,4084.995,4078.175,4078.695,2874
2025-11-10 08:45:00,4078.725,4082.875,4077.985,4082.065,2836
2025-11-10 09:00:00,4082.095,4083.255,4074.339,4074.675,2898
2025-11-10 09:15:00,4074.645,4080.275,4071.265,4079.855,3370
2025-11-10 09:30:00,4079.825,4086.115,4078.015,4080.845,2622
2025-11-10 09:45:00,4080.865,4082.295,4075.825,4076.395,2198
2025-11-10 10:00:00,4076.415,4081.295,4076.415,4081.085,1778
2025-11-10 10:15:00,4081.105,4082.565,4077.345,4077.625,1703
2025-11-10 10:30:00,4077.405,4083.248,4077.325,4077.995,2421
2025-11-10 10:45:00,4077.965,4081.045,4075.705,4080.775,2194
2025-11-10 11:00:00,4080.835,4082.265,4075.625,4077.795,3319
2025-11-10 11:15:00,4077.835,4080.275,4077.025,4079.045,1434
2025-11-10 11:30:00,4079.055,4083.585,4078.625,4082.535,1751
2025-11-10 11:45:00,4082.565,4085.295,4080.865,4085.165,2179
2025-11-10 12:00:00,4085.205,4089.705,4084.195,4089.345,3014
2025-11-10 12:15:00,4089.325,4095.745,4087.665,4093.975,3932
2025-11-10 12:30:00,4094.015,4096.425,4093.605,4094.515,2017
2025-11-10 12:45:00,4094.495,4099.835,4093.425,4097.365,2916
2025-11-10 13:00:00,4097.435,4105.715,4096.795,4102.725,5258
2025-11-10 13:15:00,4102.755,4104.965,4098.525,4101.805,4809
2025-11-10 13:30:00,4101.785,4103.205,4095.095,4097.715,4851
2025-11-10 13:45:00,4097.715,4097.935,4090.155,4091.435,4982
2025-11-10 14:00:00,4091.405,4093.925,4083.845,4086.255,4899
2025-11-10 14:15:00,4086.215,4088.565,4081.775,4086.085,3841
2025-11-10 14:30:00,4086.105,4086.105,4074.065,4081.105,7647
2025-11-10 14:45:00,4081.105,4086.725,4078.105,4083.355,6306
2025-11-10 15:00:00,4083.255,4092.698,4083.215,4087.325,6069
2025-11-10 15:15:00,4087.285,4094.125,4086.575,4088.915,5371
2025-11-10 15:30:00,4088.885,4089.315,4082.695,4087.455,5155
2025-11-10 15:45:00,4087.435,4087.615,4077.595,4084.145,5469
2025-11-10 16:00:00,4084.125,4091.605,4081.815,4091.005,4549
2025-11-10 16:15:00,4091.025,4093.155,4089.485,4092.845,3877
2025-11-10 16:30:00,4092.865,4095.498,4089.975,4090.885,4907
2025-11-10 16:45:00,4091.015,4095.375,4088.515,4094.825,3242
2025-11-10 17:00:00,4094.845,4097.935,4093.825,4096.025,3353
2025-11-10 17:15:00,4096.065,4098.205,4093.215,4096.655,3182
2025-11-10 17:30:00,4096.635,4097.915,4093.705,4094.535,2646
2025-11-10 17:45:00,4094.555,4102.545,4094.345,4102.365,3615
2025-11-10 18:00:00,4102.385,4104.935,4101.445,4104.565,3971
2025-11-10 18:15:00,4104.625,4114.375,4104.575,4113.985,4879
2025-11-10 18:30:00,4114.015,4115.605,4107.025,4109.085,3597
2025-11-10 18:45:00,4109.045,4110.165,4105.555,4109.885,3452
2025-11-10 19:00:00,4109.885,4114.175,4107.638,4113.085,4075
2025-11-10 19:15:00,4113.105,4115.235,4109.998,4114.245,2889
2025-11-10 19:30:00,4114.285,4114.425,4110.495,4110.585,1972
2025-11-10 19:45:00,4110.605,4113.665,4109.335,4113.025,2320
2025-11-10 20:00:00,4113.045,4114.355,4110.945,4111.645,2104
2025-11-10 20:15:00,4111.675,4112.565,4106.425,4111.095,3294
2025-11-10 20:30:00,4111.115,4112.848,4107.995,4112.848,3730
2025-11-10 20:45:00,4112.848,4112.948,4107.715,4111.448,5059
2025-11-10 21:00:00,4111.448,4112.748,4110.225,4111.485,925
2025-11-10 21:15:00,4111.548,4114.455,4111.415,4112.305,724
2025-11-10 21:30:00,4112.255,4113.825,4111.475,4113.735,513
2025-11-10 21:45:00,4113.705,4116.395,4113.225,4115.615,779
2025-11-10 23:00:00,4113.098,4120.148,4112.908,4118.965,1468
2025-11-10 23:15:00,4118.805,4120.465,4115.615,4119.995,1446
2025-11-10 23:30:00,4120.225,4120.265,4118.115,4119.855,1043
2025-11-10 23:45:00,4119.895,4122.515,4116.985,4119.705,1815
2025-11-11 00:00:00,4119.995,4120.295,4116.055,4119.535,1296
2025-11-11 00:15:00,4119.515,4125.955,4119.515,4124.815,1862
2025-11-11 00:30:00,4124.805,4129.185,4124.665,4129.185,2273
2025-11-11 00:45:00,4129.215,4133.495,4127.335,4130.715,2897
2025-11-11 01:00:00,4130.695,4135.075,4127.795,4132.175,5047
2025-11-11 01:15:00,4132.115,4137.785,4130.005,4137.205,3849
2025-11-11 01:30:00,4137.175,4141.045,4135.435,4135.435,3617
2025-11-11 01:45:00,4135.255,4136.925,4130.155,4136.105,3858
2025-11-11 02:00:00,4136.085,4136.945,4130.155,4134.505,2828
2025-11-11 02:15:00,4134.485,4137.405,4131.975,4133.945,2356
2025-11-11 02:30:00,4133.985,4138.685,4129.325,4138.625,3475
2025-11-11 02:45:00,4138.645,4139.415,4134.095,4137.855,2448
2025-11-11 03:00:00,4137.875,4144.015,4136.925,4142.975,2386
2025-11-11 03:15:00,4143.005,4145.545,4142.865,4144.085,2235
2025-11-11 03:30:00,4144.065,4147.845,4143.038,4144.545,2192
2025-11-11 03:45:00,4144.515,4146.845,4144.125,4146.675,1663
2025-11-11 04:00:00,4146.655,4148.755,4142.435,4142.985,1926
2025-11-11 04:15:00,4142.995,4144.275,4142.125,4143.835,1292
2025-11-11 04:30:00,4143.805,4146.195,4141.768,4141.865,1475
2025-11-11 04:45:00,4141.935,4146.075,4141.758,4142.945,1697
2025-11-11 05:00:00,4142.905,4144.175,4134.645,4140.465,2746
2025-11-11 05:15:00,4140.445,4141.905,4134.845,4135.985,2258
2025-11-11 05:30:00,4136.065,4136.825,4124.525,4129.685,4566
2025-11-11 05:45:00,4129.655,4135.345,4128.145,4130.775,3050
2025-11-11 06:00:00,4130.745,4134.435,4126.555,4133.845,3407
2025-11-11 06:15:00,4133.805,4137.645,4132.755,4137.475,2180
2025-11-11 06:30:00,4137.515,4137.515,4128.335,4129.375,2739
2025-11-11 06:45:00,4129.735,4132.685,4126.955,4129.725,2610
2025-11-11 07:00:00,4129.745,4130.915,4125.945,4129.345,2473
2025-11-11 07:15:00,4129.385,4132.848,4128.085,4131.085,2508
2025-11-11 07:30:00,4131.065,4131.445,4126.825,4130.655,1922
2025-11-11 07:45:00,4130.665,4132.615,4124.795,4129.425,2734
2025-11-11 08:00:00,4129.305,4137.198,4128.585,4136.695,3398
2025-11-11 08:15:00,4136.725,4137.555,4131.445,4134.515,3266
2025-11-11 08:30:00,4134.515,4134.895,4128.885,4132.135,3190
2025-11-11 08:45:00,4132.115,4137.135,4130.715,4135.425,2492
2025-11-11 09:00:00,4135.405,4143.985,4134.205,4143.125,3203
2025-11-11 09:15:00,4143.125,4144.285,4140.855,4143.675,3307
2025-11-11 09:30:00,4143.675,4145.235,4142.765,4143.425,2318
2025-11-11 09:45:00,4143.465,4145.725,4141.595,4141.605,1949
2025-11-11 10:00:00,4141.655,4142.255,4137.365,4141.065,2406
2025-11-11 10:15:00,4141.065,4143.905,4140.255,4141.845,1490
2025-11-11 10:30:00,4141.865,4141.915,4136.595,4139.255,2703
2025-11-11 10:45:00,4139.275,4144.055,4139.125,4141.675,1649
2025-11-11 11:00:00,4141.805,4143.445,4139.545,4139.885,1616
2025-11-11 11:15:00,4139.915,4143.375,4138.905,4140.909,2324
2025-11-11 11:30:00,4140.909,4144.525,4138.898,4141.985,2057
2025-11-11 11:45:00,4141.945,4144.305,4140.638,4142.599,2195
2025-11-11 12:00:00,4142.599,4143.659,4137.065,4138.745,3016
2025-11-11 12:15:00,4138.775,4140.805,4136.535,4138.815,2830
2025-11-11 12:30:00,4138.815,4141.625,4137.665,4141.055,1521
2025-11-11 12:45:00,4141.025,4141.045,4132.995,4134.205,3752
2025-11-11 13:00:00,4134.245,4140.565,4133.675,4140.025,3295
2025-11-11 13:15:00,4139.975,4143.515,4138.015,4141.365,3597
2025-11-11 13:30:00,4141.345,4146.545,4138.898,4141.615,3627
2025-11-11 13:45:00,4141.645,4145.475,4140.925,4142.425,3003
2025-11-11 14:00:00,4142.385,4142.965,4136.708,4139.355,3691
2025-11-11 14:15:00,4139.335,4140.055,4128.275,4130.145,4895
2025-11-11 14:30:00,4129.889,4133.285,4123.325,4132.695,7104
2025-11-11 14:45:00,4132.735,4134.585,4119.655,4124.765,6768
2025-11-11 15:00:00,4124.439,4125.935,4117.925,4120.815,6206
2025-11-11 15:15:00,4120.835,4121.125,4096.905,4101.305,7822
2025-11-11 15:30:00,4101.265,4107.785,4096.845,4107.705,6971
2025-11-11 15:45:00,4107.705,4112.265,4104.315,4106.475,5946
2025-11-11 16:00:00,4106.465,4113.305,4105.265,4113.245,4594
2025-11-11 16:15:00,4113.215,4114.815,4107.835,4109.205,4230
2025-11-11 16:30:00,4109.195,4114.638,4105.0,4113.775,3880
2025-11-11 16:45:00,4113.755,4115.585,4111.575,4113.065,3504
2025-11-11 17:00:00,4113.035,4117.665,4112.075,4115.475,2937
2025-11-11 17:15:00,4115.455,4117.375,4111.525,4114.105,3088
2025-11-11 17:30:00,4114.125,4114.735,4110.365,4113.615,2599
2025-11-11 17:45:00,4113.515,4116.175,4111.985,4114.155,2460
2025-11-11 18:00:00,4114.185,4116.155,4109.075,4109.425,3064
2025-11-11 18:15:00,4109.415,4114.785,4108.995,4110.215,3842
2025-11-11 18:30:00,4110.275,4111.525,4106.435,4109.185,3563
2025-11-11 18:45:00,4109.205,4114.725,4108.855,4113.675,3084
2025-11-11 19:00:00,4113.665,4117.435,4111.845,4117.375,3174
2025-11-11 19:15:00,4117.415,4118.835,4116.315,4117.455,2183
2025-11-11 19:30:00,4117.475,4122.005,4117.335,4121.495,2983
2025-11-11 19:45:00,4121.505,4125.945,4120.985,4122.885,3169
2025-11-11 20:00:00,4122.985,4127.215,4122.235,4127.175,2283
2025-11-11 20:15:00,4127.175,4128.625,4124.105,4125.515,2848
2025-11-11 20:30:00,4125.495,4130.095,4124.155,4129.235,2653
2025-11-11 20:45:00,4129.265,4131.735,4128.185,4129.245,3225
2025-11-11 21:00:00,4129.365,4130.255,4127.805,4130.225,1064
2025-11-11 21:15:00,4130.175,4131.245,4127.055,4128.705,881
2025-11-11 21:30:00,4128.735,4129.115,4126.245,4128.265,732
2025-11-11 21:45:00,4128.235,4128.235,4125.395,4125.495,926
2025-11-11 23:00:00,4125.498,4132.815,4125.498,4132.775,1035
2025-11-11 23:15:00,4132.815,4139.055,4132.435,4138.175,2295
2025-11-11 23:30:00,4138.175,4143.615,4136.065,4143.135,2561
2025-11-11 23:45:00,4143.095,4144.465,4141.115,4142.405,1555
2025-11-12 00:00:00,4142.375,4145.255,4138.865,4143.705,1829
2025-11-12 00:15:00,4143.755,4144.325,4139.415,4141.505,1301
2025-11-12 00:30:00,4141.475,4144.255,4140.365,4141.348,1502
2025-11-12 00:45:00,4141.535,4142.465,4131.995,4132.825,3731
2025-11-12 01:00:00,4132.865,4136.965,4127.495,4134.695,5653
2025-11-12 01:15:00,4134.655,4134.765,4128.985,4130.795,4481
2025-11-12 01:30:00,4130.795,4133.705,4125.935,4133.515,4107
2025-11-12 01:45:00,4133.498,4135.498,4130.075,4131.248,3038
2025-11-12 02:00:00,4131.205,4135.255,4130.298,4133.765,2395
2025-11-12 02:15:00,4133.705,4134.875,4130.815,4131.415,1489
2025-11-12 02:30:00,4131.495,4131.505,4120.585,4125.055,4156
2025-11-12 02:45:00,4125.035,4126.125,4118.485,4123.865,4112
2025-11-12 03:00:00,4123.945,4125.135,4116.328,4122.755,3368
2025-11-12 03:15:00,4122.815,4123.605,4119.145,4119.285,3141
2025-11-12 03:30:00,4119.315,4121.405,4117.715,4120.075,1695
2025-11-12 03:45:00,4120.055,4121.065,4111.615,4111.785,2765
2025-11-12 04:00:00,4111.745,4113.075,4103.505,4109.425,3798
2025-11-12 04:15:00,4109.425,4111.435,4104.745,4111.345,2949
2025-11-12 04:30:00,4111.325,4112.175,4105.545,4107.375,2135
2025-11-12 04:45:00,4107.305,4112.105,4107.205,4110.375,1805
2025-11-12 05:00:00,4110.345,4110.835,4105.695,4107.718,2221
2025-11-12 05:15:00,4107.718,4109.545,4104.935,4105.255,2159
2025-11-12 05:30:00,4105.285,4107.735,4098.665,4104.875,3981
2025-11-12 05:45:00,4104.855,4107.275,4102.095,4104.465,2904
2025-11-12 06:00:00,4104.495,4109.505,4102.975,4105.985,3465
2025-11-12 06:15:00,4105.995,4115.765,4105.775,4114.695,4195
2025-11-12 06:30:00,4114.745,4118.885,4111.855,4116.615,4554
2025-11-12 06:45:00,4116.655,4118.525,4112.758,4118.325,3688
2025-11-12 07:00:00,4118.335,4124.965,4115.295,4124.725,3203
2025-11-12 07:15:00,4124.755,4125.045,4121.068,4123.755,2448
2025-11-12 07:30:00,4123.785,4123.905,4113.445,4114.225,3017
2025-11-12 07:45:00,4114.235,4118.905,4113.165,4116.925,2497
2025-11-12 08:00:00,4116.955,4119.305,4112.015,4118.575,3875
2025-11-12 08:15:00,4118.485,4130.135,4117.055,4127.815,4275
2025-11-12 08:30:00,4127.845,4132.615,4126.075,4128.355,3488
2025-11-12 08:45:00,4128.385,4132.425,4128.385,4131.145,2671
2025-11-12 09:00:00,4131.145,4133.385,4127.135,4128.345,2560
2025-11-12 09:15:00,4128.325,4132.265,4124.888,4126.985,2903
2025-11-12 09:30:00,4127.015,4129.485,4123.998,4125.935,3529
2025-11-12 09:45:00,4125.969,4126.509,4120.249,4124.475,3704
2025-11-12 10:00:00,4124.505,4126.185,4121.665,4125.365,2485
2025-11-12 10:15:00,4125.385,4128.105,4120.015,4120.475,3321
2025-11-12 10:30:00,4120.455,4127.855,4117.715,4125.465,3725
2025-11-12 10:45:00,4125.515,4129.145,4124.205,4127.565,3523
2025-11-12 11:00:00,4127.695,4130.955,4126.435,4130.955,1702
2025-11-12 11:15:00,4131.005,4131.015,4122.825,4124.085,2684
2025-11-12 11:30:00,4123.979,4128.455,4123.295,4128.225,2467
2025-11-12 11:45:00,4128.185,4128.655,4123.455,4125.765,3267
2025-11-12 12:00:00,4125.795,4130.575,4124.735,4130.355,2870
2025-11-12 12:15:00,4130.385,4137.465,4130.015,4136.155,4159
2025-11-12 12:30:00,4136.125,4139.275,4133.495,4134.165,3627
2025-11-12 12:45:00,4134.205,4136.955,4130.0,4130.0,3117
2025-11-12 13:00:00,4130.075,4131.275,4122.495,4125.505,5550
2025-11-12 13:15:00,4125.485,4130.125,4122.965,4127.259,5201
2025-11-12 13:30:00,4127.259,4132.435,4126.125,4128.855,4379
2025-11-12 13:45:00,4128.835,4131.295,4124.145,4126.975,3391
2025-11-12 14:00:00,4127.015,4137.815,4126.645,4134.955,5296
2025-11-12 14:15:00,4134.935,4136.405,4131.555,4131.645,4542
2025-11-12 14:30:00,4131.735,4138.755,4124.795,4136.035,7634
2025-11-12 14:45:00,4136.005,4139.925,4131.655,4136.395,6604
2025-11-12 15:00:00,4136.375,4161.998,4134.408,4161.698,7707
2025-11-12 15:15:00,4161.725,4172.335,4159.478,4166.355,9777
2025-11-12 15:30:00,4166.258,4180.755,4165.778,4178.515,9315
2025-11-12 15:45:00,4178.545,4185.415,4174.578,4181.109,8898
2025-11-12 16:00:00,4181.095,4189.105,4179.835,4183.705,8401
2025-11-12 16:15:00,4183.745,4187.545,4180.715,4186.775,7082
2025-11-12 16:30:00,4186.795,4196.025,4186.105,4193.195,8183
2025-11-12 16:45:00,4193.265,4197.548,4187.225,4196.165,7554
2025-11-12 17:00:00,4196.155,4202.205,4195.525,4198.579,7537
2025-11-12 17:15:00,4198.649,4199.449,4192.179,4196.225,7551
2025-11-12 17:30:00,4196.209,4206.259,4195.479,4202.398,7635
2025-11-12 17:45:00,4202.398,4204.298,4198.859,4199.299,6794
2025-11-12 18:00:00,4199.299,4201.448,4190.219,4199.585,7390
2025-11-12 18:15:00,4199.615,4211.495,4197.649,4206.465,8108
2025-11-12 18:30:00,4206.549,4210.365,4205.655,4208.275,5705
2025-11-12 18:45:00,4208.265,4210.179,4206.345,4206.639,5616
2025-11-12 19:00:00,4206.715,4209.859,4193.808,4195.469,6132
2025-11-12 19:15:00,4195.489,4200.049,4191.825,4193.955,6109
2025-11-12 19:30:00,4193.985,4200.165,4193.795,4194.798,5305
2025-11-12 19:45:00,4194.785,4199.645,4194.565,4197.229,5779
2025-11-12 20:00:00,4197.179,4197.795,4190.305,4197.335,4832
2025-11-12 20:15:00,4197.405,4199.415,4193.675,4195.175,3741
2025-11-12 20:30:00,4195.235,4197.265,4191.598,4195.365,4762
2025-11-12 20:45:00,4195.385,4199.205,4193.175,4195.715,5597
2025-11-12 21:00:00,4195.745,4196.898,4192.398,4192.498,2057
2025-11-12 21:15:00,4192.525,4198.098,4190.725,4197.345,1230
2025-11-12 21:30:00,4197.498,4201.845,4196.315,4197.165,1362
2025-11-12 21:45:00,4197.145,4199.305,4193.895,4194.605,1384
2025-11-12 23:00:00,4194.275,4208.178,4193.615,4198.335,2339
2025-11-12 23:15:00,4198.535,4199.825,4193.458,4195.695,1565
2025-11-12 23:30:00,4195.735,4195.845,4187.005,4190.725,1774
2025-11-12 23:45:00,4190.705,4193.185,4188.885,4190.975,1908
2025-11-13 00:00:00,4190.965,4191.985,4185.709,4187.905,2337
2025-11-13 00:15:00,4187.875,4193.965,4187.135,4192.605,1840
2025-11-13 00:30:00,4192.625,4205.885,4192.495,4201.775,4095
2025-11-13 00:45:00,4201.745,4208.725,4198.215,4205.715,3928
2025-11-13 01:00:00,4205.735,4209.025,4189.848,4190.798,5895
2025-11-13 01:15:00,4190.798,4190.898,4179.625,4187.605,5672
2025-11-13 01:30:00,4187.625,4190.285,4180.195,4188.185,4584
2025-11-13 01:45:00,4188.165,4193.795,4181.505,4191.995,4213
2025-11-13 02:00:00,4191.945,4195.665,4188.215,4193.865,4189
2025-11-13 02:15:00,4193.885,4194.655,4185.548,4187.535,3038
2025-11-13 02:30:00,4187.555,4194.345,4183.255,4191.755,3949
2025-11-13 02:45:00,4191.725,4193.905,4185.305,4189.885,3906
2025-11-13 03:00:00,4189.855,4203.685,4189.795,4199.505,4055
2025-11-13 03:15:00,4199.525,4205.565,4196.275,4200.485,4159
2025-11-13 03:30:00,4200.465,4207.095,4200.038,4206.985,3308
2025-11-13 03:45:00,4206.955,4212.905,4205.865,4212.565,3287
2025-11-13 04:00:00,4212.545,4219.125,4209.035,4217.335,3983
2025-11-13 04:15:00,4217.315,4217.345,4206.375,4209.395,3071
2025-11-13 04:30:00,4209.415,4210.348,4203.145,4207.575,3138
2025-11-13 04:45:00,4207.595,4210.475,4205.435,4209.165,2924
2025-11-13 05:00:00,4209.135,4217.455,4207.195,4217.235,4093
2025-11-13 05:15:00,4217.215,4217.545,4211.798,4212.148,2970
2025-11-13 05:30:00,4212.148,4216.875,4209.835,4215.105,4333
2025-11-13 05:45:00,4214.748,4216.465,4207.825,4211.749,4320
2025-11-13 06:00:00,4211.749,4211.769,4204.885,4205.785,4117
2025-11-13 06:15:00,4205.755,4211.355,4203.065,4208.899,4173
2025-11-13 06:30:00,4208.899,4209.795,4205.185,4205.615,2991
2025-11-13 06:45:00,4205.545,4212.071,4205.015,4210.265,3622
2025-11-13 07:00:00,4210.265,4211.805,4208.145,4210.345,2809
2025-11-13 07:15:00,4210.305,4218.165,4209.885,4216.145,3568
2025-11-13 07:30:00,4216.385,4218.725,4213.035,4215.295,2901
2025-11-13 07:45:00,4215.275,4219.985,4212.325,4219.965,3166
2025-11-13 08:00:00,4219.945,4230.285,4218.975,4229.565,4853
2025-11-13 08:15:00,4229.595,4238.015,4228.085,4237.225,5058
2025-11-13 08:30:00,4237.165,4239.255,4233.119,4235.855,4070
2025-11-13 08:45:00,4235.875,4238.315,4231.929,4232.509,3333
2025-11-13 09:00:00,4232.509,4234.148,4227.345,4232.725,3900
2025-11-13 09:15:00,4232.745,4239.315,4226.585,4226.705,3906
2025-11-13 09:30:00,4226.765,4233.675,4224.765,4227.515,3915
2025-11-13 09:45:00,4227.535,4233.545,4227.205,4232.925,2600
2025-11-13 10:00:00,4232.895,4238.975,4231.635,4237.255,2820
2025-11-13 10:15:00,4237.295,4239.905,4234.545,4234.735,3875
2025-11-13 10:30:00,4234.735,4236.049,4227.248,4233.279,5170
2025-11-13 10:45:00,4233.269,4234.435,4221.455,4225.325,5197
2025-11-13 11:00:00,4225.375,4231.365,4221.335,4226.975,4862
2025-11-13 11:15:00,4226.955,4227.895,4219.005,4222.775,4358
2025-11-13 11:30:00,4223.145,4231.935,4221.635,4231.695,3261
2025-11-13 11:45:00,4231.725,4232.105,4228.225,4230.315,2956
2025-11-13 12:00:00,4230.165,4235.448,4229.898,4234.225,4454
2025-11-13 12:15:00,4234.225,4236.975,4230.305,4233.195,4288
2025-11-13 12:30:00,4233.195,4237.095,4231.955,4235.255,4441
2025-11-13 12:45:00,4235.285,4244.925,4235.285,4242.395,5337
2025-11-13 13:00:00,4242.465,4243.645,4225.675,4230.405,7733
2025-11-13 13:15:00,4230.395,4237.465,4228.375,4234.895,5867
2025-11-13 13:30:00,4234.915,4235.915,4220.125,4228.225,6484
2025-11-13 13:45:00,4228.215,4232.275,4223.825,4231.498,4366
2025-11-13 14:00:00,4231.765,4232.115,4213.595,4220.345,6069
2025-11-13 14:15:00,4220.305,4220.905,4207.295,4211.045,5200
2025-11-13 14:30:00,4211.015,4219.955,4184.355,4187.605,8426
2025-11-13 14:45:00,4187.479,4200.755,4184.985,4195.165,8989
2025-11-13 15:00:00,4195.038,4204.865,4189.095,4201.405,7824
2025-11-13 15:15:00,4201.165,4204.405,4191.305,4194.505,7663
2025-11-13 15:30:00,4194.465,4200.645,4186.198,4197.395,7326
2025-11-13 15:45:00,4197.395,4203.135,4188.355,4202.275,6802
2025-11-13 16:00:00,4202.305,4210.675,4201.975,4209.765,6124
2025-11-13 16:15:00,4209.845,4210.698,4202.958,4206.275,6293
2025-11-13 16:30:00,4206.275,4208.635,4195.425,4197.455,7388
2025-11-13 16:45:00,4197.415,4206.905,4197.188,4206.585,6259
2025-11-13 17:00:00,4206.425,4208.265,4193.985,4194.745,5730
2025-11-13 17:15:00,4194.845,4204.655,4192.945,4202.465,6488
2025-11-13 17:30:00,4202.485,4206.425,4199.225,4200.365,5426
2025-11-13 17:45:00,4200.425,4205.305,4196.095,4201.545,7145
2025-11-13 18:00:00,4201.615,4203.035,4199.565,4201.855,5963
2025-11-13 18:15:00,4201.825,4202.825,4187.385,4190.145,7021
2025-11-13 18:30:00,4190.135,4190.595,4144.965,4155.559,10948
2025-11-13 18:45:00,4155.529,4161.835,4149.795,4157.639,8457
2025-11-13 19:00:00,4157.639,4157.639,4145.595,4153.575,7762
2025-11-13 19:15:00,4153.625,4160.905,4150.345,4159.595,7210
2025-11-13 19:30:00,4159.575,4169.605,4157.905,4169.465,6334
2025-11-13 19:45:00,4169.505,4170.355,4162.005,4163.655,6211
2025-11-13 20:00:00,4163.675,4166.888,4159.995,4164.919,5810
2025-11-13 20:15:00,4164.895,4170.285,4160.605,4169.065,6872
2025-11-13 20:30:00,4169.105,4170.525,4163.255,4164.535,5338
2025-11-13 20:45:00,4164.505,4166.885,4160.565,4163.735,6257
2025-11-13 21:00:00,4163.685,4180.905,4160.935,4178.075,3576
2025-11-13 21:15:00,4178.148,4178.265,4172.545,4173.908,1963
2025-11-13 21:30:00,4173.708,4175.575,4169.028,4172.785,1942
2025-11-13 21:45:00,4172.785,4173.395,4170.725,4170.865,2404
2025-11-13 23:00:00,4168.408,4181.145,4168.408,4176.215,1957
2025-11-13 23:15:00,4176.265,4184.265,4175.675,4178.795,1500
2025-11-13 23:30:00,4178.985,4181.465,4176.305,4179.025,1777
2025-11-13 23:45:00,4179.045,4186.455,4178.535,4185.725,1974
2025-11-14 00:00:00,4185.795,4186.385,4179.045,4185.385,1947
2025-11-14 00:15:00,4185.335,4189.585,4182.295,4188.065,1759
2025-11-14 00:30:00,4188.095,4189.535,4185.305,4186.465,2051
2025-11-14 00:45:00,4186.485,4186.985,4177.835,4183.505,3436
2025-11-14 01:00:00,4183.298,4188.755,4178.635,4182.675,4703
2025-11-14 01:15:00,4182.655,4186.305,4173.835,4174.375,4578
2025-11-14 01:30:00,4174.395,4183.605,4173.345,4179.725,4141
2025-11-14 01:45:00,4179.705,4193.498,4179.705,4189.645,4344
2025-11-14 02:00:00,4189.735,4194.255,4188.365,4193.695,3609
2025-11-14 02:15:00,4193.715,4202.235,4192.085,4199.235,3240
2025-11-14 02:30:00,4199.255,4204.285,4198.755,4203.615,4125
2025-11-14 02:45:00,4203.585,4210.025,4202.395,4206.855,3574
2025-11-14 03:00:00,4206.775,4208.645,4202.955,4205.415,3430
2025-11-14 03:15:00,4205.515,4210.748,4204.325,4210.498,2563
2025-11-14 03:30:00,4210.498,4211.015,4206.598,4206.895,1910
2025-11-14 03:45:00,4207.005,4207.005,4201.145,4204.115,2374
2025-11-14 04:00:00,4204.085,4205.455,4197.965,4199.855,1939
2025-11-14 04:15:00,4200.125,4201.145,4196.675,4197.395,2665
2025-11-14 04:30:00,4197.365,4203.955,4196.915,4202.115,2167
2025-11-14 04:45:00,4202.145,4203.325,4199.585,4202.935,1707
2025-11-14 05:00:00,4202.965,4203.315,4188.575,4189.005,3153
2025-11-14 05:15:00,4188.755,4189.225,4183.665,4187.885,3902
2025-11-14 05:30:00,4187.915,4196.285,4185.315,4193.695,4469
2025-11-14 05:45:00,4193.725,4195.115,4187.645,4189.598,3772
2025-11-14 06:00:00,4189.598,4193.065,4185.815,4189.475,3168
2025-11-14 06:15:00,4189.505,4189.885,4173.218,4178.005,5532
2025-11-14 06:30:00,4177.935,4183.855,4176.095,4180.185,4395
2025-11-14 06:45:00,4180.165,4180.275,4169.395,4175.045,5373
2025-11-14 07:00:00,4175.025,4177.165,4169.215,4171.315,5318
2025-11-14 07:15:00,4171.315,4173.815,4158.685,4163.065,5664
2025-11-14 07:30:00,4163.115,4174.115,4162.408,4173.675,4250
2025-11-14 07:45:00,4173.755,4182.185,4173.115,4180.955,4503
2025-11-14 08:00:00,4180.895,4181.975,4172.955,4174.235,6124
2025-11-14 08:15:00,4174.065,4184.035,4173.375,4176.705,5042
2025-11-14 08:30:00,4176.645,4186.835,4175.905,4182.505,3845
2025-11-14 08:45:00,4182.475,4183.565,4169.875,4175.855,4279
2025-11-14 09:00:00,4175.805,4180.385,4167.855,4174.405,4835
2025-11-14 09:15:00,4174.405,4177.075,4168.295,4169.955,4964
2025-11-14 09:30:00,4169.955,4171.375,4166.255,4170.695,3522
2025-11-14 09:45:00,4170.725,4171.515,4168.585,4169.145,2918
2025-11-14 10:00:00,4169.105,4170.315,4162.445,4165.285,3615
2025-11-14 10:15:00,4165.255,4170.415,4162.815,4164.865,3297
2025-11-14 10:30:00,4164.825,4168.165,4159.028,4167.165,3789
2025-11-14 10:45:00,4167.195,4170.855,4165.505,4167.695,3159
2025-11-14 11:00:00,4167.715,4169.705,4150.665,4152.685,3712
2025-11-14 11:15:00,4152.565,4152.675,4141.578,4148.515,4425
2025-11-14 11:30:00,4148.525,4157.675,4148.475,4153.405,3180
2025-11-14 11:45:00,4153.385,4153.385,4130.685,4132.725,5625
2025-11-14 12:00:00,4132.725,4140.465,4123.735,4125.795,6795
2025-11-14 12:15:00,4125.825,4128.255,4110.895,4113.065,7209
2025-11-14 12:30:00,4112.735,4119.085,4107.595,4115.195,6778
2025-11-14 12:45:00,4115.175,4119.465,4109.575,4115.885,5149
2025-11-14 13:00:00,4115.905,4118.835,4084.095,4086.155,7954
2025-11-14 13:15:00,4086.205,4091.785,4052.435,4055.385,9303
2025-11-14 13:30:00,4055.245,4063.325,4046.005,4054.485,8660
2025-11-14 13:45:00,4054.415,4057.535,4040.985,4055.535,8378
2025-11-14 14:00:00,4055.265,4055.645,4037.165,4049.995,8181
2025-11-14 14:15:00,4050.015,4060.195,4046.385,4053.225,6081
2025-11-14 14:30:00,4053.155,4072.215,4031.955,4067.529,10947
2025-11-14 14:45:00,4067.555,4083.815,4062.965,4082.585,9513
2025-11-14 15:00:00,4082.535,4082.535,4067.965,4079.175,9343
2025-11-14 15:15:00,4078.995,4082.105,4071.165,4080.815,7581
2025-11-14 15:30:00,4080.795,4083.385,4072.515,4073.275,6342
2025-11-14 15:45:00,4073.115,4096.425,4071.785,4093.405,7539
2025-11-14 16:00:00,4093.515,4095.125,4080.735,4083.845,6387
2025-11-14 16:15:00,4083.925,4103.075,4082.055,4101.948,6070
2025-11-14 16:30:00,4101.955,4110.915,4096.225,4108.105,5601
2025-11-14 16:45:00,4108.375,4109.165,4101.965,4104.975,5455
2025-11-14 17:00:00,4105.005,4110.445,4095.845,4102.265,6012
2025-11-14 17:15:00,4102.295,4103.955,4093.955,4098.705,5776
2025-11-14 17:30:00,4098.725,4110.235,4097.925,4103.185,5222
2025-11-14 17:45:00,4103.255,4104.535,4095.975,4099.715,4731
2025-11-14 18:00:00,4099.695,4100.085,4085.855,4094.695,6076
2025-11-14 18:15:00,4094.715,4095.035,4080.645,4092.915,6509
2025-11-14 18:30:00,4092.789,4103.485,4090.725,4096.675,5055
2025-11-14 18:45:00,4096.655,4102.765,4095.415,4097.865,3632
2025-11-14 19:00:00,4097.895,4099.825,4089.685,4094.965,3974
2025-11-14 19:15:00,4094.985,4097.045,4091.975,4093.395,3382
2025-11-14 19:30:00,4093.365,4095.395,4089.765,4089.985,3619
2025-11-14 19:45:00,4090.005,4095.449,4087.529,4089.785,4101
2025-11-14 20:00:00,4089.855,4092.135,4083.535,4087.285,3855
2025-11-14 20:15:00,4087.265,4088.835,4075.345,4083.585,4857
2025-11-14 20:30:00,4083.665,4092.195,4081.755,4087.415,4314
2025-11-14 20:45:00,4087.375,4091.515,4084.815,4086.989,4752
2025-11-14 21:00:00,4086.925,4086.925,4078.795,4079.535,1742
2025-11-14 21:15:00,4079.505,4084.975,4079.355,4082.615,1680
2025-11-14 21:30:00,4082.625,4083.815,4077.509,4080.265,2021
2025-11-14 21:45:00,4080.255,4085.789,4078.849,4082.019,1726
2025-11-17 00:00:00,4096.248,4098.028,4083.845,4084.705,3841
2025-11-17 00:15:00,4084.825,4091.625,4080.435,4086.145,2996
2025-11-17 00:30:00,4086.175,4091.735,4084.758,4089.705,3001
2025-11-17 00:45:00,4089.685,4091.265,4081.265,4082.935,3121
2025-11-17 01:00:00,4082.905,4095.885,4082.265,4093.435,5531
2025-11-17 01:15:00,4093.465,4096.625,4085.155,4095.545,4401
2025-11-17 01:30:00,4095.535,4101.605,4093.895,4098.495,4491
2025-11-17 01:45:00,4098.515,4099.375,4089.805,4090.915,4107
2025-11-17 02:00:00,4090.785,4092.295,4083.325,4089.145,4192
2025-11-17 02:15:00,4088.835,4092.105,4085.815,4091.605,3017
2025-11-17 02:30:00,4091.585,4093.555,4085.345,4088.055,3780
2025-11-17 02:45:00,4088.025,4089.425,4080.465,4081.458,4244
2025-11-17 03:00:00,4081.249,4082.535,4069.575,4079.485,4865
2025-11-17 03:15:00,4079.505,4085.405,4075.375,4079.935,4032
2025-11-17 03:30:00,4079.965,4082.915,4077.625,4082.625,2829
2025-11-17 03:45:00,4082.655,4085.048,4080.445,4082.655,2178
2025-11-17 04:00:00,4082.635,4087.715,4081.725,4083.555,3265
2025-11-17 04:15:00,4083.525,4084.215,4080.875,4083.045,1802
2025-11-17 04:30:00,4083.055,4085.065,4081.005,4083.245,1622
2025-11-17 04:45:00,4083.205,4083.485,4076.645,4078.375,2074
2025-11-17 05:00:00,4078.415,4078.515,4071.925,4072.225,2453
2025-11-17 05:15:00,4072.195,4072.645,4058.465,4064.125,4855
2025-11-17 05:30:00,4064.145,4064.745,4049.505,4057.205,5760
2025-11-17 05:45:00,4057.165,4060.335,4053.209,4058.105,3642
2025-11-17 06:00:00,4058.135,4066.325,4054.515,4058.425,4581
2025-11-17 06:15:00,4058.405,4064.655,4056.125,4062.935,3111
2025-11-17 06:30:00,4062.905,4071.675,4062.355,4066.565,3614
2025-11-17 06:45:00,4066.575,4069.735,4064.655,4065.805,2921
2025-11-17 07:00:00,4065.559,4073.395,4064.945,4072.565,2768
2025-11-17 07:15:00,4072.565,4079.405,4072.065,4078.655,3200
2025-11-17 07:30:00,4078.595,4083.005,4077.055,4083.005,2134
2025-11-17 07:45:00,4083.025,4088.985,4082.925,4087.895,3015
2025-11-17 08:00:00,4088.095,4095.685,4086.595,4089.755,3774
2025-11-17 08:15:00,4089.725,4090.465,4078.855,4080.795,3667
2025-11-17 08:30:00,4080.815,4083.795,4075.605,4077.505,3450
2025-11-17 08:45:00,4077.525,4079.425,4071.885,4077.195,3574
2025-11-17 09:00:00,4077.165,4082.095,4072.095,4081.885,3549
2025-11-17 09:15:00,4081.915,4085.045,4079.185,4083.325,3016
2025-11-17 09:30:00,4083.275,4088.515,4081.865,4086.025,2925
2025-11-17 09:45:00,4086.045,4086.455,4078.838,4081.915,2610
2025-11-17 10:00:00,4081.925,4089.245,4080.985,4087.055,2670
2025-11-17 10:15:00,4087.075,4089.265,4083.595,4084.165,2477
2025-11-17 10:30:00,4084.029,4086.275,4077.855,4079.175,3249
2025-11-17 10:45:00,4079.205,4080.925,4068.105,4069.965,3518
2025-11-17 11:00:00,4069.985,4073.585,4060.905,4067.845,3749
2025-11-17 11:15:00,4067.815,4072.125,4064.995,4065.445,2189
2025-11-17 11:30:00,4065.585,4082.815,4064.205,4080.065,3462
2025-11-17 11:45:00,4080.095,4085.695,4076.305,4078.255,3409
2025-11-17 12:00:00,4078.245,4080.125,4076.465,4078.245,2216
2025-11-17 12:15:00,4078.205,4080.105,4074.465,4078.115,2722
2025-11-17 12:30:00,4078.145,4085.115,4077.535,4082.435,2482
2025-11-17 12:45:00,4082.415,4083.145,4074.795,4076.995,2737
2025-11-17 13:00:00,4076.975,4092.065,4075.825,4083.135,4715
2025-11-17 13:15:00,4083.155,4086.935,4074.865,4076.195,4138
2025-11-17 13:30:00,4076.265,4079.345,4067.175,4069.155,4588
2025-11-17 13:45:00,4069.045,4071.025,4060.485,4065.155,4765
2025-11-17 14:00:00,4065.175,4074.215,4060.435,4073.325,4397
2025-11-17 14:15:00,4073.365,4074.335,4063.935,4066.235,3917
2025-11-17 14:30:00,4066.285,4081.775,4065.305,4073.775,7592
2025-11-17 14:45:00,4073.765,4080.115,4071.995,4075.995,6471
2025-11-17 15:00:00,4076.095,4077.325,4061.465,4068.725,7200
2025-11-17 15:15:00,4068.745,4075.675,4060.545,4072.295,6068
2025-11-17 15:30:00,4072.218,4077.295,4070.455,4073.485,5437
2025-11-17 15:45:00,4073.445,4073.655,4063.255,4064.075,5273
2025-11-17 16:00:00,4063.945,4065.115,4051.985,4061.205,5883
2025-11-17 16:15:00,4061.325,4068.725,4058.945,4068.715,4789
2025-11-17 16:30:00,4068.655,4073.485,4067.735,4068.545,4403
2025-11-17 16:45:00,4068.585,4070.735,4064.965,4069.765,3711
2025-11-17 17:00:00,4069.835,4075.405,4069.398,4073.825,3372
2025-11-17 17:15:00,4073.845,4080.398,4072.005,4077.025,3460
2025-11-17 17:30:00,4077.045,4080.895,4073.625,4075.315,4082
2025-11-17 17:45:00,4075.335,4075.635,4071.035,4073.098,5037
2025-11-17 18:00:00,4073.135,4075.945,4070.865,4072.425,4922
2025-11-17 18:15:00,4072.475,4075.255,4067.455,4072.775,4929
2025-11-17 18:30:00,4072.805,4072.805,4067.115,4068.445,4872
2025-11-17 18:45:00,4068.385,4071.395,4062.105,4062.445,5503
2025-11-17 19:00:00,4062.445,4064.135,4056.275,4060.365,6584
2025-11-17 19:15:00,4060.485,4064.965,4053.225,4056.375,4579
2025-11-17 19:30:00,4056.315,4058.275,4015.738,4019.285,8396
2025-11-17 19:45:00,4019.135,4025.595,4010.655,4011.015,7980
2025-11-17 20:00:00,4010.985,4022.545,4006.735,4016.205,7275
2025-11-17 20:15:00,4016.175,4027.745,4015.285,4026.785,5372
2025-11-17 20:30:00,4026.945,4031.305,4024.855,4029.615,4914
2025-11-17 20:45:00,4029.665,4043.925,4029.205,4040.805,4893
2025-11-17 21:00:00,4040.835,4045.255,4038.595,4044.125,1727
2025-11-17 21:15:00,4044.145,4045.515,4042.375,4043.348,1119
2025-11-17 21:30:00,4043.348,4044.508,4042.318,4043.218,1115
2025-11-17 21:45:00,4043.218,4045.898,4042.388,4044.505,1089
2025-11-17 23:00:00,4042.498,4054.848,4042.498,4049.648,1734
2025-11-17 23:15:00,4049.648,4052.275,4047.425,4047.955,1281
2025-11-17 23:30:00,4048.055,4049.485,4034.055,4036.985,2710
2025-11-17 23:45:00,4036.945,4042.525,4028.585,4036.345,4089
2025-11-18 00:00:00,4036.435,4040.015,4030.025,4035.915,3252
2025-11-18 00:15:00,4036.275,4036.525,4027.045,4030.395,3418
2025-11-18 00:30:00,4030.405,4039.055,4028.665,4036.975,2957
2025-11-18 00:45:00,4036.965,4040.975,4031.895,4039.825,3653
2025-11-18 01:00:00,4039.865,4044.935,4034.735,4040.635,5790
2025-11-18 01:15:00,4040.605,4044.775,4036.715,4039.985,4151
2025-11-18 01:30:00,4040.095,4041.155,4029.488,4032.655,4856
2025-11-18 01:45:00,4032.665,4033.575,4022.198,4024.825,5463
2025-11-18 02:00:00,4024.339,4034.075,4019.035,4033.875,3907
2025-11-18 02:15:00,4033.885,4034.225,4026.815,4030.475,2517
2025-11-18 02:30:00,4030.535,4035.635,4028.075,4029.685,3625
2025-11-18 02:45:00,4029.625,4030.545,4015.085,4017.635,5008
2025-11-18 03:00:00,4017.615,4019.535,4009.955,4014.335,4406
2025-11-18 03:15:00,4014.305,4015.025,4008.215,4012.635,3111
2025-11-18 03:30:00,4012.675,4026.255,4011.335,4022.005,3203
2025-11-18 03:45:00,4021.965,4022.035,4011.065,4013.075,3106
2025-11-18 04:00:00,4013.095,4013.375,4009.445,4010.815,2809
2025-11-18 04:15:00,4010.855,4017.835,4004.419,4017.535,4947
2025-11-18 04:30:00,4017.445,4017.665,4007.275,4009.995,3387
2025-11-18 04:45:00,4010.035,4011.995,4008.405,4010.135,2524
2025-11-18 05:00:00,4010.195,4014.075,4007.885,4011.865,3018
2025-11-18 05:15:00,4011.845,4021.595,4010.315,4016.685,3017
2025-11-18 05:30:00,4016.705,4024.595,4016.505,4023.565,4097
2025-11-18 05:45:00,4023.595,4024.985,4015.335,4018.705,3409
2025-11-18 06:00:00,4018.785,4020.275,4012.335,4012.465,3594
2025-11-18 06:15:00,4012.465,4015.565,4008.125,4013.965,4347
2025-11-18 06:30:00,4013.945,4015.395,4007.415,4011.005,4127
2025-11-18 06:45:00,4010.915,4015.565,4008.455,4008.665,3542
2025-11-18 07:00:00,4008.685,4009.255,4001.925,4008.235,3879
2025-11-18 07:15:00,4008.295,4010.665,4002.085,4002.175,4141
2025-11-18 07:30:00,4002.165,4015.015,3997.658,4011.625,4361
2025-11-18 07:45:00,4011.625,4017.295,4009.785,4013.565,3018
2025-11-18 08:00:00,4013.585,4026.645,4010.225,4024.885,4024
2025-11-18 08:15:00,4024.855,4026.175,4020.885,4022.045,3038
2025-11-18 08:30:00,4022.015,4042.515,4021.335,4037.035,4682
2025-11-18 08:45:00,4037.015,4041.495,4033.765,4036.495,3443
2025-11-18 09:00:00,4036.465,4038.915,4030.265,4033.115,3096
2025-11-18 09:15:00,4033.425,4039.748,4033.365,4034.555,3020
2025-11-18 09:30:00,4034.495,4037.325,4030.035,4037.325,2874
2025-11-18 09:45:00,4037.315,4046.995,4035.835,4040.015,3416
2025-11-18 10:00:00,4040.005,4044.745,4037.395,4040.635,3474
2025-11-18 10:15:00,4040.645,4043.315,4038.215,4038.275,3152
2025-11-18 10:30:00,4037.995,4043.405,4037.185,4043.095,2936
2025-11-18 10:45:00,4043.115,4050.155,4041.525,4043.985,3677
2025-11-18 11:00:00,4044.065,4048.495,4042.455,4045.495,2304
2025-11-18 11:15:00,4045.535,4048.925,4044.325,4048.275,2384
2025-11-18 11:30:00,4048.325,4050.185,4043.355,4044.635,2154
2025-11-18 11:45:00,4044.805,4045.075,4036.685,4039.295,3230
2025-11-18 12:00:00,4039.315,4044.935,4037.598,4039.815,3998
2025-11-18 12:15:00,4039.865,4043.165,4031.935,4032.955,3934
2025-11-18 12:30:00,4032.985,4039.795,4031.995,4033.415,3587
2025-11-18 12:45:00,4033.385,4035.165,4028.905,4032.235,5060
2025-11-18 13:00:00,4032.055,4045.948,4031.215,4042.598,5269
2025-11-18 13:15:00,4042.598,4052.558,4040.545,4048.525,5043
2025-11-18 13:30:00,4048.495,4067.975,4047.645,4063.035,6335
2025-11-18 13:45:00,4063.055,4070.165,4061.678,4065.025,4653
2025-11-18 14:00:00,4065.115,4075.045,4063.195,4073.455,5033
2025-11-18 14:15:00,4073.455,4080.285,4073.165,4074.575,4654
2025-11-18 14:30:00,4074.555,4081.645,4069.545,4073.015,7519
2025-11-18 14:45:00,4073.145,4077.495,4057.955,4064.965,7870
2025-11-18 15:00:00,4064.895,4067.635,4053.135,4059.285,8335
2025-11-18 15:15:00,4059.165,4066.948,4053.845,4064.555,8247
2025-11-18 15:30:00,4064.498,4072.175,4057.885,4060.205,7963
2025-11-18 15:45:00,4059.925,4060.925,4048.955,4052.765,7041
2025-11-18 16:00:00,4052.925,4054.385,4040.145,4053.325,8034
2025-11-18 16:15:00,4053.305,4065.165,4051.175,4064.585,5853
2025-11-18 16:30:00,4064.675,4066.725,4057.485,4062.048,4636
2025-11-18 16:45:00,4062.055,4068.985,4060.365,4066.635,3900
2025-11-18 17:00:00,4066.625,4070.385,4063.515,4065.945,3511
2025-11-18 17:15:00,4065.925,4067.895,4059.125,4061.325,4584
2025-11-18 17:30:00,4061.305,4075.515,4060.365,4072.835,4537
2025-11-18 17:45:00,4072.895,4074.098,4069.615,4071.325,4413
2025-11-18 18:00:00,4071.425,4074.565,4067.535,4068.205,3556
2025-11-18 18:15:00,4068.275,4070.215,4062.945,4065.545,3830
2025-11-18 18:30:00,4065.875,4072.725,4063.465,4070.645,3431
2025-11-18 18:45:00,4070.605,4074.195,4069.065,4072.375,2966
2025-11-18 19:00:00,4072.355,4079.665,4072.355,4079.425,3093
2025-11-18 19:15:00,4079.425,4080.665,4074.865,4075.405,3320
2025-11-18 19:30:00,4075.435,4080.925,4073.375,4076.815,3896
2025-11-18 19:45:00,4076.705,4081.798,4076.405,4080.965,3255
2025-11-18 20:00:00,4080.995,4082.275,4073.025,4073.315,4578
2025-11-18 20:15:00,4073.645,4076.215,4069.145,4072.085,4478
2025-11-18 20:30:00,4072.325,4073.425,4068.245,4068.485,4555
2025-11-18 20:45:00,4068.445,4071.275,4067.135,4069.395,4321
2025-11-18 21:00:00,4069.425,4072.195,4069.095,4070.215,1256
2025-11-18 21:15:00,4069.838,4069.915,4064.735,4065.635,1185
2025-11-18 21:30:00,4065.795,4068.325,4065.025,4067.125,874
2025-11-18 21:45:00,4067.085,4068.185,4065.505,4066.605,992
2025-11-18 23:00:00,4067.848,4072.655,4065.145,4070.845,1052
2025-11-18 23:15:00,4070.875,4073.205,4070.438,4071.025,819
2025-11-18 23:30:00,4071.015,4073.575,4067.785,4073.195,1257
2025-11-18 23:45:00,4073.215,4077.725,4069.695,4076.635,1705
2025-11-19 00:00:00,4076.595,4077.665,4070.985,4072.895,1767
2025-11-19 00:15:00,4072.865,4078.105,4070.845,4074.485,1834
2025-11-19 00:30:00,4074.105,4077.235,4073.975,4075.305,1924
2025-11-19 00:45:00,4075.255,4075.625,4067.325,4069.135,2823
2025-11-19 01:00:00,4069.165,4069.995,4061.155,4064.485,5057
2025-11-19 01:15:00,4064.515,4069.645,4060.535,4067.565,3542
2025-11-19 01:30:00,4067.398,4070.125,4061.165,4065.255,3590
2025-11-19 01:45:00,4065.275,4065.355,4056.155,4058.898,3727
2025-11-19 02:00:00,4058.859,4063.575,4055.248,4059.505,3818
2025-11-19 02:15:00,4059.535,4064.925,4059.305,4064.185,2383
2025-11-19 02:30:00,4064.205,4078.465,4063.895,4078.145,4898
2025-11-19 02:45:00,4078.105,4080.445,4075.095,4075.445,4002
2025-11-19 03:00:00,4075.375,4078.465,4072.065,4073.385,3470
2025-11-19 03:15:00,4073.455,4075.365,4069.365,4071.675,3698
2025-11-19 03:30:00,4071.655,4074.025,4070.165,4073.015,2245
2025-11-19 03:45:00,4073.095,4076.055,4065.895,4066.735,2428
2025-11-19 04:00:00,4066.755,4070.825,4064.335,4068.545,1972
2025-11-19 04:15:00,4068.515,4075.755,4068.105,4074.085,2652
2025-11-19 04:30:00,4074.065,4076.785,4072.155,4074.625,2164
2025-11-19 04:45:00,4074.585,4076.595,4073.055,4074.985,1995
2025-11-19 05:00:00,4075.025,4079.285,4074.045,4078.975,1933
2025-11-19 05:15:00,4078.945,4091.895,4078.785,4088.615,4040
2025-11-19 05:30:00,4088.595,4097.315,4087.635,4092.068,4858
2025-11-19 05:45:00,4092.078,4095.485,4089.938,4095.325,3314
2025-11-19 06:00:00,4095.315,4098.415,4092.095,4096.755,3667
2025-11-19 06:15:00,4096.715,4096.745,4088.865,4091.985,2951
2025-11-19 06:30:00,4091.965,4095.325,4089.285,4093.925,2737
2025-11-19 06:45:00,4093.915,4095.195,4089.665,4090.795,2419
2025-11-19 07:00:00,4090.795,4092.665,4084.625,4087.095,2676
2025-11-19 07:15:00,4087.105,4090.795,4085.085,4088.385,2011
2025-11-19 07:30:00,4088.365,4095.925,4087.848,4094.638,2590
2025-11-19 07:45:00,4094.565,4096.668,4086.035,4086.745,2602
2025-11-19 08:00:00,4086.735,4086.735,4078.125,4082.035,3517
2025-11-19 08:15:00,4082.065,4088.615,4080.395,4087.805,2757
2025-11-19 08:30:00,4087.805,4088.415,4079.958,4081.365,2922
2025-11-19 08:45:00,4081.385,4085.505,4080.185,4083.215,2332
2025-11-19 09:00:00,4083.065,4090.485,4080.945,4089.795,3150
2025-11-19 09:15:00,4089.835,4091.825,4085.465,4090.985,2743
2025-11-19 09:30:00,4091.015,4098.428,4087.685,4098.185,2815
2025-11-19 09:45:00,4098.265,4116.125,4098.055,4113.125,6029
2025-11-19 10:00:00,4113.215,4118.905,4108.945,4110.935,4385
2025-11-19 10:15:00,4111.385,4115.675,4110.615,4112.155,3373
2025-11-19 10:30:00,4111.879,4114.555,4110.085,4112.385,2556
2025-11-19 10:45:00,4112.425,4113.545,4106.865,4108.845,3017
2025-11-19 11:00:00,4108.805,4111.175,4106.245,4109.985,2584
2025-11-19 11:15:00,4109.975,4117.425,4109.795,4114.205,2856
2025-11-19 11:30:00,4114.145,4114.845,4109.615,4111.295,2469
2025-11-19 11:45:00,4111.315,4116.755,4111.195,4112.735,2344
2025-11-19 12:00:00,4112.715,4119.575,4112.415,4115.955,2641
2025-11-19 12:15:00,4115.945,4117.335,4111.995,4116.965,2711
2025-11-19 12:30:00,4116.995,4119.635,4114.725,4117.155,2377
2025-11-19 12:45:00,4117.135,4119.435,4112.045,4114.355,3056
2025-11-19 13:00:00,4114.395,4115.095,4101.125,4102.965,5651
2025-11-19 13:15:00,4102.835,4109.515,4100.615,4109.165,4747
2025-11-19 13:30:00,4109.165,4114.915,4106.355,4114.375,4736
2025-11-19 13:45:00,4114.355,4117.585,4105.875,4110.495,4554
2025-11-19 14:00:00,4110.535,4118.565,4110.495,4117.465,5573
2025-11-19 14:15:00,4117.485,4118.615,4105.655,4106.655,6771
2025-11-19 14:30:00,4106.665,4117.355,4101.785,4112.305,7953
2025-11-19 14:45:00,4112.235,4128.755,4109.095,4127.605,7742
2025-11-19 15:00:00,4127.585,4130.065,4120.245,4129.735,7803
2025-11-19 15:15:00,4129.765,4132.675,4115.695,4116.055,7776
2025-11-19 15:30:00,4116.075,4121.055,4108.845,4109.905,7592
2025-11-19 15:45:00,4109.905,4110.675,4089.855,4096.515,9443
2025-11-19 16:00:00,4096.455,4098.365,4083.655,4094.555,7252
2025-11-19 16:15:00,4094.535,4095.205,4071.455,4074.395,7743
2025-11-19 16:30:00,4074.185,4079.095,4067.715,4073.355,7269
2025-11-19 16:45:00,4073.335,4078.025,4069.845,4074.455,6677
2025-11-19 17:00:00,4074.465,4076.125,4055.385,4065.315,7575
2025-11-19 17:15:00,4065.179,4072.905,4061.735,4072.045,6207
2025-11-19 17:30:00,4072.005,4078.075,4062.965,4075.015,6471
2025-11-19 17:45:00,4074.995,4080.975,4071.835,4078.615,5652
2025-11-19 18:00:00,4078.725,4085.495,4078.395,4083.785,5267
2025-11-19 18:15:00,4083.765,4086.425,4078.405,4081.625,5169
2025-11-19 18:30:00,4081.575,4084.195,4075.565,4079.065,5445
2025-11-19 18:45:00,4079.005,4091.165,4078.025,4086.785,4391
2025-11-19 19:00:00,4086.775,4086.825,4072.985,4077.865,5710
2025-11-19 19:15:00,4077.855,4078.955,4069.055,4071.645,4981
2025-11-19 19:30:00,4071.625,4076.555,4069.045,4071.715,4696
2025-11-19 19:45:00,4071.775,4077.295,4070.765,4073.475,4636
2025-11-19 20:00:00,4073.505,4077.965,4072.095,4075.535,4161
2025-11-19 20:15:00,4075.625,4081.955,4075.625,4079.165,4342
2025-11-19 20:30:00,4079.135,4080.345,4074.525,4076.915,5828
2025-11-19 20:45:00,4077.085,4078.135,4072.105,4076.145,4511
2025-11-19 21:00:00,4076.115,4076.115,4071.205,4072.195,1726
2025-11-19 21:15:00,4072.195,4077.135,4065.425,4076.535,3182
2025-11-19 21:30:00,4076.495,4084.555,4076.015,4079.975,2796
2025-11-19 21:45:00,4080.335,4081.995,4075.845,4075.845,1449
2025-11-19 23:00:00,4077.265,4089.485,4076.385,4088.015,1675
2025-11-19 23:15:00,4087.995,4091.095,4083.603,4087.785,1494
2025-11-19 23:30:00,4087.805,4098.475,4085.565,4096.205,2728
2025-11-19 23:45:00,4096.215,4107.825,4096.205,4104.165,3181
2025-11-20 00:00:00,4104.265,4109.805,4103.135,4105.275,2974
2025-11-20 00:15:00,4105.295,4108.945,4105.005,4105.385,2041
2025-11-20 00:30:00,4105.355,4108.585,4101.278,4104.845,2533
2025-11-20 00:45:00,4104.875,4105.655,4100.175,4102.865,3238
2025-11-20 01:00:00,4102.825,4108.945,4096.265,4097.335,5183
2025-11-20 01:15:00,4097.305,4098.975,4092.098,4094.065,3953
2025-11-20 01:30:00,4094.065,4094.555,4088.195,4091.455,3900
2025-11-20 01:45:00,4091.505,4098.235,4080.925,4081.235,4642
2025-11-20 02:00:00,4081.085,4081.415,4058.845,4063.095,6850
2025-11-20 02:15:00,4063.065,4063.905,4039.998,4055.025,6494
2025-11-20 02:30:00,4055.335,4061.775,4053.215,4061.305,4606
2025-11-20 02:45:00,4061.475,4070.015,4059.925,4066.715,3842
2025-11-20 03:00:00,4066.665,4085.365,4065.995,4077.815,5426
2025-11-20 03:15:00,4077.795,4078.345,4072.415,4075.975,3522
2025-11-20 03:30:00,4075.995,4076.495,4064.949,4065.735,2742
2025-11-20 03:45:00,4065.335,4072.665,4064.615,4072.075,2633
2025-11-20 04:00:00,4072.105,4078.555,4068.115,4077.745,3163
2025-11-20 04:15:00,4077.765,4079.725,4075.795,4077.935,2403
2025-11-20 04:30:00,4077.945,4079.305,4073.155,4076.455,1581
2025-11-20 04:45:00,4076.365,4080.275,4074.505,4075.295,1631
2025-11-20 05:00:00,4075.305,4075.695,4067.715,4071.225,3198
2025-11-20 05:15:00,4071.195,4073.835,4068.055,4069.355,2464
2025-11-20 05:30:00,4069.325,4072.095,4064.185,4066.865,3719
2025-11-20 05:45:00,4066.495,4071.675,4066.055,4066.505,2632
2025-11-20 06:00:00,4066.465,4077.545,4064.755,4073.235,3912
2025-11-20 06:15:00,4073.215,4074.615,4058.285,4062.675,3833
2025-11-20 06:30:00,4062.655,4071.925,4061.355,4067.705,3836
2025-11-20 06:45:00,4067.665,4070.185,4063.295,4068.155,3671
2025-11-20 07:00:00,4068.095,4076.385,4065.305,4073.305,3206
2025-11-20 07:15:00,4073.295,4073.425,4059.805,4062.595,3350
2025-11-20 07:30:00,4062.565,4067.925,4058.495,4059.535,2405
2025-11-20 07:45:00,4059.005,4061.595,4054.025,4059.655,3057
2025-11-20 08:00:00,4059.535,4062.905,4042.565,4046.945,4707
2025-11-20 08:15:00,4046.945,4050.355,4038.605,4045.675,4342
2025-11-20 08:30:00,4045.705,4058.285,4043.665,4054.245,4536
2025-11-20 08:45:00,4054.275,4069.225,4051.685,4063.275,4110
2025-11-20 09:00:00,4063.255,4072.495,4062.815,4068.555,4083
2025-11-20 09:15:00,4068.575,4071.475,4058.575,4059.015,3258
2025-11-20 09:30:00,4058.995,4067.255,4055.405,4063.305,3171
2025-11-20 09:45:00,4063.395,4068.755,4059.475,4063.865,2707
2025-11-20 10:00:00,4063.895,4067.965,4058.585,4059.335,2153
2025-11-20 10:15:00,4059.315,4063.828,4057.935,4061.275,2728
2025-11-20 10:30:00,4061.165,4066.815,4061.035,4063.265,2316
2025-11-20 10:45:00,4062.935,4064.845,4058.105,4059.555,2606
2025-11-20 11:00:00,4059.545,4060.675,4053.765,4057.005,2467
2025-11-20 11:15:00,4056.985,4056.985,4050.755,4056.265,2496
2025-11-20 11:30:00,4056.195,4068.265,4054.095,4066.385,2497
2025-11-20 11:45:00,4066.435,4066.555,4056.225,4060.515,2802
2025-11-20 12:00:00,4060.385,4074.615,4059.855,4072.365,3500
2025-11-20 12:15:00,4072.385,4079.025,4069.455,4072.965,3051
2025-11-20 12:30:00,4072.995,4079.055,4072.705,4076.565,2649
2025-11-20 12:45:00,4076.585,4081.735,4073.935,4081.525,2746
2025-11-20 13:00:00,4081.565,4094.385,4081.155,4089.875,5545
2025-11-20 13:15:00,4090.185,4092.935,4083.435,4085.135,5287
2025-11-20 13:30:00,4085.115,4096.065,4066.218,4080.115,10534
2025-11-20 13:45:00,4080.165,4089.775,4072.795,4080.095,7465
2025-11-20 14:00:00,4079.915,4083.105,4071.905,4078.335,6436
2025-11-20 14:15:00,4078.305,4088.335,4078.035,4080.205,5374
2025-11-20 14:30:00,4080.335,4091.165,4074.135,4088.648,9114
2025-11-20 14:45:00,4088.648,4107.055,4086.245,4092.675,9200
2025-11-20 15:00:00,4092.675,4096.845,4082.395,4092.185,8095
2025-11-20 15:15:00,4092.125,4098.475,4086.175,4095.085,6590
2025-11-20 15:30:00,4095.085,4095.745,4074.445,4087.848,7504
2025-11-20 15:45:00,4087.875,4088.448,4069.898,4070.028,6705
2025-11-20 16:00:00,4069.965,4082.295,4068.328,4074.165,7042
2025-11-20 16:15:00,4074.225,4078.175,4062.725,4064.975,8124
2025-11-20 16:30:00,4065.035,4067.885,4057.505,4058.915,8082
2025-11-20 16:45:00,4058.895,4066.945,4044.485,4048.895,8573
2025-11-20 17:00:00,4048.765,4054.695,4043.348,4052.425,10100
2025-11-20 17:15:00,4052.405,4061.035,4050.135,4055.885,9011
2025-11-20 17:30:00,4055.865,4059.915,4049.015,4052.065,7604
2025-11-20 17:45:00,4051.945,4068.225,4051.285,4065.945,7098
2025-11-20 18:00:00,4065.895,4072.315,4064.165,4066.215,6217
2025-11-20 18:15:00,4066.185,4067.035,4055.935,4060.115,6754
2025-11-20 18:30:00,4060.115,4066.975,4057.215,4060.695,7136
2025-11-20 18:45:00,4060.695,4062.815,4056.455,4060.285,5221
2025-11-20 19:00:00,4060.265,4068.945,4058.699,4068.875,5688
2025-11-20 19:15:00,4068.845,4086.895,4065.955,4084.005,6768
2025-11-20 19:30:00,4083.985,4086.965,4079.005,4082.788,6001
2025-11-20 19:45:00,4082.798,4085.255,4080.088,4084.398,6063
2025-11-20 20:00:00,4084.375,4084.848,4073.855,4076.995,4973
2025-11-20 20:15:00,4076.915,4081.195,4073.755,4077.075,4692
2025-11-20 20:30:00,4077.105,4077.985,4073.155,4077.605,5338
2025-11-20 20:45:00,4077.605,4079.865,4073.305,4077.105,5860
2025-11-20 21:00:00,4077.105,4079.465,4074.095,4076.885,2087
2025-11-20 21:15:00,4076.885,4080.835,4076.095,4078.775,1486
2025-11-20 21:30:00,4078.775,4080.005,4076.285,4076.455,838
2025-11-20 21:45:00,4076.555,4079.525,4076.445,4076.515,896
2025-11-20 23:00:00,4074.498,4084.848,4072.325,4084.798,1670
2025-11-20 23:15:00,4084.665,4085.598,4076.298,4080.575,1738
2025-11-20 23:30:00,4080.605,4087.885,4079.348,4086.765,1867
2025-11-20 23:45:00,4086.745,4088.645,4074.085,4078.675,2747
2025-11-21 00:00:00,4078.665,4081.015,4073.385,4079.515,2286
2025-11-21 00:15:00,4079.495,4080.845,4071.325,4074.455,1577
2025-11-21 00:30:00,4074.545,4079.765,4071.585,4078.295,2001
2025-11-21 00:45:00,4078.195,4079.435,4071.315,4073.605,2456
2025-11-21 01:00:00,4073.625,4073.625,4062.905,4064.275,5590
2025-11-21 01:15:00,4064.295,4068.535,4061.315,4061.695,4083
2025-11-21 01:30:00,4061.825,4064.585,4060.265,4064.015,3920
2025-11-21 01:45:00,4063.945,4074.375,4063.015,4068.325,4844
2025-11-21 02:00:00,4068.325,4075.535,4067.815,4073.405,3501
2025-11-21 02:15:00,4073.385,4075.035,4065.885,4073.375,2884
2025-11-21 02:30:00,4073.405,4079.805,4071.775,4072.805,3848
2025-11-21 02:45:00,4072.835,4073.065,4056.225,4056.945,4958
2025-11-21 03:00:00,4056.955,4059.075,4052.125,4056.305,4765
2025-11-21 03:15:00,4056.348,4057.748,4049.065,4052.245,4330
2025-11-21 03:30:00,4052.295,4057.245,4050.495,4054.485,3756
2025-11-21 03:45:00,4054.465,4059.195,4051.708,4055.885,2950
2025-11-21 04:00:00,4055.895,4062.155,4052.495,4054.945,3020
2025-11-21 04:15:00,4054.915,4060.485,4053.155,4059.665,3025
2025-11-21 04:30:00,4059.665,4060.295,4047.835,4050.215,2749
2025-11-21 04:45:00,4050.295,4052.605,4047.358,4052.005,2713
2025-11-21 05:00:00,4052.005,4057.155,4051.245,4055.635,3328
2025-11-21 05:15:00,4055.695,4057.005,4052.705,4052.725,2665
2025-11-21 05:30:00,4052.595,4057.118,4047.685,4048.555,4751
2025-11-21 05:45:00,4048.575,4059.545,4039.635,4058.265,5617
2025-11-21 06:00:00,4058.305,4064.645,4051.255,4051.475,4691
2025-11-21 06:15:00,4051.445,4052.225,4030.465,4031.565,4788
2025-11-21 06:30:00,4031.705,4040.325,4028.965,4035.775,4585
2025-11-21 06:45:00,4035.435,4038.945,4032.335,4032.435,3621
2025-11-21 07:00:00,4032.329,4032.715,4024.538,4032.015,4468
2025-11-21 07:15:00,4032.365,4037.435,4030.195,4037.305,4057
2025-11-21 07:30:00,4037.325,4039.525,4031.745,4033.055,3393
2025-11-21 07:45:00,4033.075,4035.325,4028.695,4031.325,3732
2025-11-21 08:00:00,4031.365,4039.065,4022.075,4036.625,5532
2025-11-21 08:15:00,4036.655,4047.785,4033.615,4042.425,4801
2025-11-21 08:30:00,4042.405,4047.255,4040.565,4043.265,3983
2025-11-21 08:45:00,4043.235,4046.705,4038.385,4040.835,3521
2025-11-21 09:00:00,4040.805,4059.325,4039.905,4057.935,4072
2025-11-21 09:15:00,4057.955,4063.145,4053.675,4056.305,4593
2025-11-21 09:30:00,4056.185,4060.495,4049.165,4049.175,3804
2025-11-21 09:45:00,4049.255,4054.725,4047.985,4050.245,3987
2025-11-21 10:00:00,4050.215,4052.425,4035.165,4038.485,5472
2025-11-21 10:15:00,4038.465,4043.185,4032.318,4032.318,4614
2025-11-21 10:30:00,4032.139,4037.705,4032.055,4033.565,4436
2025-11-21 10:45:00,4033.565,4041.615,4033.135,4036.795,4606
2025-11-21 11:00:00,4036.775,4046.615,4035.385,4040.065,3986
2025-11-21 11:15:00,4040.025,4041.775,4036.775,4039.045,3085
2025-11-21 11:30:00,4039.015,4040.748,4034.695,4036.265,3507
2025-11-21 11:45:00,4036.245,4038.348,4030.805,4036.325,4172
2025-11-21 12:00:00,4036.275,4045.625,4034.485,4043.985,4223
2025-11-21 12:15:00,4043.975,4050.265,4040.795,4044.805,4835
2025-11-21 12:30:00,4044.555,4063.135,4043.585,4061.505,7377
2025-11-21 12:45:00,4061.835,4071.548,4060.705,4065.595,6320
2025-11-21 13:00:00,4065.645,4066.935,4058.889,4061.975,6772
2025-11-21 13:15:00,4062.175,4070.455,4059.555,4067.295,7466
2025-11-21 13:30:00,4067.325,4072.155,4065.965,4072.075,5312
2025-11-21 13:45:00,4072.095,4081.035,4071.995,4079.385,6248
2025-11-21 14:00:00,4079.365,4083.645,4071.395,4075.955,5567
2025-11-21 14:15:00,4075.915,4076.265,4063.685,4066.315,4922
2025-11-21 14:30:00,4066.335,4070.665,4061.315,4062.145,9573
2025-11-21 14:45:00,4062.105,4075.085,4061.885,4071.025,7270
2025-11-21 15:00:00,4070.698,4076.505,4066.255,4071.795,8689
2025-11-21 15:15:00,4071.765,4076.245,4067.275,4068.795,10271
2025-11-21 15:30:00,4068.769,4070.395,4054.878,4063.175,8999
2025-11-21 15:45:00,4063.165,4071.765,4062.385,4069.365,7322
2025-11-21 16:00:00,4069.289,4072.315,4062.705,4066.955,7447
2025-11-21 16:15:00,4066.985,4071.365,4063.995,4069.975,7072
2025-11-21 16:30:00,4070.145,4081.025,4069.585,4079.135,5838
2025-11-21 16:45:00,4079.105,4100.425,4076.299,4099.675,7783
2025-11-21 17:00:00,4099.619,4100.839,4082.855,4084.415,7807
2025-11-21 17:15:00,4084.375,4087.085,4078.795,4081.335,6438
2025-11-21 17:30:00,4081.375,4084.265,4079.165,4083.165,5679
2025-11-21 17:45:00,4083.185,4088.505,4080.729,4085.335,5745
2025-11-21 18:00:00,4085.269,4087.265,4079.795,4081.005,5384
2025-11-21 18:15:00,4081.035,4084.435,4078.875,4079.775,5958
2025-11-21 18:30:00,4079.715,4081.585,4076.205,4079.285,4467
2025-11-21 18:45:00,4079.285,4087.969,4079.265,4082.609,7278
2025-11-21 19:00:00,4082.609,4086.029,4082.345,4084.699,5385
2025-11-21 19:15:00,4084.699,4091.848,4084.125,4090.348,4436
2025-11-21 19:30:00,4090.398,4091.889,4085.099,4085.525,5188
2025-11-21 19:45:00,4085.539,4089.149,4084.165,4087.359,5872
2025-11-21 20:00:00,4087.365,4088.495,4080.155,4080.865,4490
2025-11-21 20:15:00,4080.865,4082.735,4067.905,4069.305,5345
2025-11-21 20:30:00,4069.305,4069.305,4056.158,4058.935,6707
2025-11-21 20:45:00,4058.995,4069.898,4054.955,4067.098,6807
2025-11-21 21:00:00,4067.098,4068.898,4054.385,4058.748,2656
2025-11-21 21:15:00,4058.848,4063.378,4056.848,4061.848,1688
2025-11-21 21:30:00,4061.965,4066.335,4061.465,4064.648,1890
2025-11-21 21:45:00,4064.648,4066.798,4062.355,4064.279,1759
2025-11-24 00:00:00,4074.895,4075.855,4057.935,4061.805,2477
2025-11-24 00:15:00,4061.885,4064.445,4058.855,4062.615,1438
2025-11-24 00:30:00,4062.595,4065.948,4061.605,4065.545,2066
2025-11-24 00:45:00,4065.605,4067.848,4063.515,4067.198,1936
2025-11-24 01:00:00,4067.258,4073.038,4051.345,4054.448,6290
2025-11-24 01:15:00,4054.425,4055.985,4049.705,4055.085,3734
2025-11-24 01:30:00,4055.225,4056.215,4050.175,4052.045,3544
2025-11-24 01:45:00,4051.625,4054.045,4042.385,4043.845,3816
2025-11-24 02:00:00,4043.805,4048.105,4043.135,4046.105,2787
2025-11-24 02:15:00,4046.315,4048.455,4045.418,4047.825,1987
2025-11-24 02:30:00,4047.805,4051.385,4044.925,4047.275,3143
2025-11-24 02:45:00,4047.295,4047.945,4040.375,4043.345,2852
2025-11-24 03:00:00,4043.325,4050.635,4043.325,4046.405,3103
2025-11-24 03:15:00,4046.398,4049.235,4044.375,4048.655,2282
2025-11-24 03:30:00,4048.635,4057.965,4048.635,4055.965,2538
2025-11-24 03:45:00,4055.935,4056.225,4048.005,4050.115,2394
2025-11-24 04:00:00,4050.075,4061.095,4049.205,4058.975,2150
2025-11-24 04:15:00,4059.015,4060.375,4048.165,4050.805,3143
2025-11-24 04:30:00,4050.765,4052.165,4044.785,4046.375,2675
2025-11-24 04:45:00,4046.395,4046.485,4041.935,4043.885,2525
2025-11-24 05:00:00,4043.925,4046.475,4042.635,4045.375,2041
2025-11-24 05:15:00,4045.465,4047.855,4039.945,4046.855,2593
2025-11-24 05:30:00,4047.105,4049.285,4042.265,4048.315,3220
2025-11-24 05:45:00,4048.355,4048.395,4040.995,4046.205,3210
2025-11-24 06:00:00,4046.175,4054.315,4045.305,4049.545,3229
2025-11-24 06:15:00,4049.505,4056.295,4047.565,4052.455,2716
2025-11-24 06:30:00,4052.498,4057.755,4052.135,4056.505,2467
2025-11-24 06:45:00,4056.535,4056.815,4051.895,4053.045,2761
2025-11-24 07:00:00,4053.055,4057.425,4051.185,4053.415,3632
2025-11-24 07:15:00,4053.405,4056.345,4051.685,4052.315,2777
2025-11-24 07:30:00,4052.315,4066.705,4052.235,4063.665,4097
2025-11-24 07:45:00,4063.625,4067.365,4058.225,4059.875,2615
2025-11-24 08:00:00,4059.825,4064.585,4059.645,4061.605,3304
2025-11-24 08:15:00,4061.615,4066.085,4059.425,4062.615,2791
2025-11-24 08:30:00,4062.605,4063.555,4059.885,4063.325,1850
2025-11-24 08:45:00,4063.295,4066.775,4062.215,4063.175,2360
2025-11-24 09:00:00,4063.135,4074.065,4062.845,4071.855,2835
2025-11-24 09:15:00,4071.845,4073.535,4066.645,4068.535,3986
2025-11-24 09:30:00,4068.495,4072.695,4067.545,4070.035,2671
2025-11-24 09:45:00,4070.045,4072.395,4065.555,4071.695,3082
2025-11-24 10:00:00,4071.715,4077.015,4070.825,4072.825,3026
2025-11-24 10:15:00,4072.925,4076.775,4068.095,4070.045,2988
2025-11-24 10:30:00,4070.005,4070.665,4065.755,4069.955,2666
2025-11-24 10:45:00,4069.895,4070.625,4062.935,4063.595,1542
2025-11-24 11:00:00,4063.555,4068.255,4062.885,4066.435,2479
2025-11-24 11:15:00,4066.485,4070.285,4066.165,4069.985,2695
2025-11-24 11:30:00,4069.965,4070.775,4066.825,4070.135,2752
2025-11-24 11:45:00,4070.095,4071.435,4068.665,4069.735,2978
2025-11-24 12:00:00,4069.715,4073.998,4065.325,4068.365,3627
2025-11-24 12:15:00,4068.335,4071.115,4067.175,4070.585,2222
2025-11-24 12:30:00,4070.615,4080.175,4070.348,4078.755,2638
2025-11-24 12:45:00,4078.778,4083.785,4076.835,4080.085,3146
2025-11-24 13:00:00,4080.115,4081.515,4075.745,4078.075,5120
2025-11-24 13:15:00,4078.035,4084.715,4077.055,4080.285,4519
2025-11-24 13:30:00,4080.315,4085.575,4074.115,4077.085,4664
2025-11-24 13:45:00,4077.105,4080.535,4073.335,4077.525,4203
2025-11-24 14:00:00,4077.545,4082.835,4075.715,4079.625,4500
2025-11-24 14:15:00,4079.625,4080.805,4073.595,4075.375,4288
2025-11-24 14:30:00,4075.565,4078.718,4068.075,4073.315,8600
2025-11-24 14:45:00,4073.285,4085.968,4071.935,4081.125,6818
2025-11-24 15:00:00,4081.235,4093.148,4080.985,4091.875,7011
2025-11-24 15:15:00,4091.898,4093.575,4086.988,4087.745,7897
2025-11-24 15:30:00,4087.765,4093.175,4086.815,4092.955,6043
2025-11-24 15:45:00,4092.995,4093.355,4088.955,4091.538,5599
2025-11-24 16:00:00,4091.475,4095.305,4089.398,4094.645,6181
2025-11-24 16:15:00,4094.705,4095.098,4091.885,4092.235,4336
2025-11-24 16:30:00,4092.355,4098.675,4091.795,4097.595,5190
2025-11-24 16:45:00,4097.585,4098.348,4094.555,4096.965,4630
2025-11-24 17:00:00,4096.975,4099.425,4091.365,4091.775,4726
2025-11-24 17:15:00,4091.785,4094.465,4088.548,4093.255,4472
2025-11-24 17:30:00,4093.275,4095.785,4092.335,4094.985,3291
2025-11-24 17:45:00,4094.965,4100.175,4092.285,4092.705,4587
2025-11-24 18:00:00,4092.705,4093.275,4087.685,4089.825,3914
2025-11-24 18:15:00,4089.795,4095.515,4089.135,4095.448,4074
2025-11-24 18:30:00,4095.405,4114.375,4095.335,4112.495,6123
2025-11-24 18:45:00,4112.505,4125.555,4110.025,4120.205,6041
2025-11-24 19:00:00,4120.265,4123.895,4116.315,4116.485,4234
2025-11-24 19:15:00,4116.505,4120.398,4114.615,4118.798,4567
2025-11-24 19:30:00,4118.915,4119.235,4113.725,4115.895,3830
2025-11-24 19:45:00,4115.845,4120.995,4115.555,4118.245,3668
2025-11-24 20:00:00,4118.189,4123.395,4117.725,4121.755,3572
2025-11-24 20:15:00,4121.635,4125.305,4120.915,4124.685,3496
2025-11-24 20:30:00,4124.515,4133.285,4124.435,4131.128,4173
2025-11-24 20:45:00,4131.138,4133.405,4128.455,4132.315,4558
2025-11-24 21:00:00,4132.248,4133.575,4129.745,4131.535,1254
2025-11-24 21:15:00,4131.585,4132.798,4130.635,4131.955,795
2025-11-24 21:30:00,4131.935,4139.498,4130.765,4138.895,1081
2025-11-24 21:45:00,4139.085,4139.635,4133.175,4134.719,1826
2025-11-24 23:00:00,4131.378,4137.855,4124.765,4128.415,1818
2025-11-24 23:15:00,4128.985,4132.855,4126.848,4130.965,1968
2025-11-24 23:30:00,4131.035,4136.095,4128.705,4135.905,1634
2025-11-24 23:45:00,4135.885,4144.148,4135.575,4143.498,2859
2025-11-25 00:00:00,4143.298,4144.198,4136.055,4136.215,3643
2025-11-25 00:15:00,4136.145,4140.215,4133.905,4135.205,2747
2025-11-25 00:30:00,4135.245,4136.748,4131.615,4134.598,2579
2025-11-25 00:45:00,4134.798,4135.898,4127.165,4129.285,3098
2025-11-25 01:00:00,4129.465,4135.655,4123.715,4128.115,5400
2025-11-25 01:15:00,4128.225,4128.545,4122.265,4127.175,3945
2025-11-25 01:30:00,4127.215,4138.955,4127.185,4136.415,4268
2025-11-25 01:45:00,4136.445,4137.265,4132.245,4134.505,3310
2025-11-25 02:00:00,4134.475,4141.915,4132.525,4136.148,3700
2025-11-25 02:15:00,4136.148,4145.315,4135.165,4144.345,3436
2025-11-25 02:30:00,4144.315,4152.265,4143.665,4151.815,3811
2025-11-25 02:45:00,4151.855,4155.585,4149.615,4150.358,3854
2025-11-25 03:00:00,4150.368,4150.458,4144.898,4145.455,3829
2025-11-25 03:15:00,4145.548,4147.348,4139.215,4144.898,3891
2025-11-25 03:30:00,4144.945,4145.525,4140.495,4144.815,2921
2025-11-25 03:45:00,4144.715,4145.385,4140.845,4142.895,2362
2025-11-25 04:00:00,4142.895,4145.575,4139.215,4144.605,2369
2025-11-25 04:15:00,4144.605,4147.555,4143.905,4145.825,1845
2025-11-25 04:30:00,4145.635,4148.045,4142.685,4145.035,1780
2025-11-25 04:45:00,4145.005,4145.975,4139.925,4140.445,1843
2025-11-25 05:00:00,4140.498,4147.815,4140.498,4146.505,1758
2025-11-25 05:15:00,4146.485,4147.155,4142.405,4143.795,2019
2025-11-25 05:30:00,4143.765,4147.015,4141.165,4146.485,2900
2025-11-25 05:45:00,4146.415,4151.725,4144.825,4150.765,3393
2025-11-25 06:00:00,4150.705,4151.815,4145.675,4147.125,3652
2025-11-25 06:15:00,4147.105,4148.775,4139.735,4140.535,3239
2025-11-25 06:30:00,4140.515,4143.445,4138.365,4139.625,3849
2025-11-25 06:45:00,4139.625,4142.975,4138.635,4141.235,2962
2025-11-25 07:00:00,4141.185,4145.655,4139.258,4140.105,2598
2025-11-25 07:15:00,4140.125,4143.355,4134.655,4136.865,2361
2025-11-25 07:30:00,4136.705,4138.455,4130.518,4137.085,3472
2025-11-25 07:45:00,4137.125,4138.965,4129.785,4132.168,3721
2025-11-25 08:00:00,4132.185,4136.165,4131.185,4134.175,3309
2025-11-25 08:15:00,4134.205,4139.138,4134.205,4136.255,2668
2025-11-25 08:30:00,4136.185,4136.465,4121.115,4127.255,4244
2025-11-25 08:45:00,4127.255,4127.938,4109.415,4115.709,4544
2025-11-25 09:00:00,4115.795,4128.175,4113.765,4126.755,3607
2025-11-25 09:15:00,4126.755,4130.345,4122.308,4124.615,3506
2025-11-25 09:30:00,4124.365,4131.185,4121.805,4127.645,3832
2025-11-25 09:45:00,4127.665,4130.105,4125.638,4128.225,3564
2025-11-25 10:00:00,4128.245,4137.585,4127.255,4137.145,2700
2025-11-25 10:15:00,4137.175,4138.585,4128.955,4130.715,2631
2025-11-25 10:30:00,4130.615,4133.295,4127.905,4131.925,2569
2025-11-25 10:45:00,4131.955,4134.398,4127.195,4131.115,2612
2025-11-25 11:00:00,4131.095,4134.625,4127.625,4134.515,2573
2025-11-25 11:15:00,4134.545,4137.185,4128.239,4132.115,2647
2025-11-25 11:30:00,4132.135,4133.865,4129.175,4132.395,2472
2025-11-25 11:45:00,4132.395,4133.985,4129.885,4133.275,2907
2025-11-25 12:00:00,4133.265,4137.065,4133.065,4135.715,4121
2025-11-25 12:15:00,4135.695,4138.585,4132.395,4132.695,4023
2025-11-25 12:30:00,4132.945,4136.725,4117.085,4117.125,3250
2025-11-25 12:45:00,4116.985,4129.865,4115.935,4129.625,6217
2025-11-25 13:00:00,4129.685,4139.758,4129.215,4137.958,4208
2025-11-25 13:15:00,4137.958,4146.505,4137.385,4141.248,4652
2025-11-25 13:30:00,4141.148,4150.548,4141.148,4145.515,4951
2025-11-25 13:45:00,4145.595,4149.898,4143.775,4147.369,3803
2025-11-25 14:00:00,4147.348,4148.338,4138.625,4142.375,4653
2025-11-25 14:15:00,4142.355,4142.835,4133.215,4134.048,4255
2025-11-25 14:30:00,4134.058,4137.435,4117.228,4119.375,9102
2025-11-25 14:45:00,4119.425,4125.875,4110.685,4125.055,8353
2025-11-25 15:00:00,4125.055,4131.535,4117.645,4128.885,6739
2025-11-25 15:15:00,4128.809,4133.645,4124.665,4127.738,5955
2025-11-25 15:30:00,4127.738,4133.235,4126.848,4130.415,4653
2025-11-25 15:45:00,4130.465,4132.575,4120.305,4123.078,5200
2025-11-25 16:00:00,4123.078,4131.375,4121.858,4131.045,4723
2025-11-25 16:15:00,4131.045,4141.058,4130.985,4140.255,5448
2025-11-25 16:30:00,4140.325,4140.775,4136.175,4139.785,3360
2025-11-25 16:45:00,4139.895,4140.075,4134.415,4136.145,3127
2025-11-25 17:00:00,4136.145,4153.095,4135.805,4149.855,6707
2025-11-25 17:15:00,4149.825,4153.695,4144.898,4149.495,5082
2025-11-25 17:30:00,4149.525,4159.045,4148.555,4152.255,4712
2025-11-25 17:45:00,4152.275,4153.145,4144.055,4145.935,5630
2025-11-25 18:00:00,4145.945,4150.665,4141.595,4145.555,5607
2025-11-25 18:15:00,4145.505,4146.685,4141.535,4142.235,4270
2025-11-25 18:30:00,4142.265,4145.265,4134.975,4139.205,3551
2025-11-25 18:45:00,4139.185,4140.915,4132.345,4133.975,3613
2025-11-25 19:00:00,4133.945,4140.025,4131.225,4138.005,3195
2025-11-25 19:15:00,4138.248,4138.375,4128.298,4129.648,3814
2025-11-25 19:30:00,4129.575,4133.275,4128.858,4131.965,3788
2025-11-25 19:45:00,4131.925,4133.775,4129.098,4133.505,3578
2025-11-25 20:00:00,4133.535,4138.129,4133.315,4136.275,3338
2025-11-25 20:15:00,4136.335,4137.638,4131.909,4132.138,3205
2025-11-25 20:30:00,4132.115,4136.079,4130.489,4135.239,3814
2025-11-25 20:45:00,4135.049,4135.239,4130.385,4132.005,4015
2025-11-25 21:00:00,4132.059,4132.245,4127.678,4131.635,1586
2025-11-25 21:15:00,4131.605,4132.185,4129.235,4130.005,2186
2025-11-25 21:30:00,4130.035,4132.048,4129.305,4130.955,556
2025-11-25 21:45:00,4130.935,4131.265,4128.955,4130.505,902
2025-11-25 23:00:00,4131.098,4135.205,4130.848,4133.055,520
2025-11-25 23:15:00,4133.095,4136.715,4131.655,4132.995,949
2025-11-25 23:30:00,4133.015,4135.305,4129.575,4133.715,1436
2025-11-25 23:45:00,4133.725,4133.725,4130.945,4133.505,760
2025-11-26 00:00:00,4133.525,4139.615,4132.445,4138.235,1463
2025-11-26 00:15:00,4138.285,4142.435,4137.395,4141.435,1481
2025-11-26 00:30:00,4141.628,4142.095,4137.465,4139.465,1646
2025-11-26 00:45:00,4139.475,4144.105,4134.425,4142.555,2166
2025-11-26 01:00:00,4142.675,4145.595,4138.315,4139.955,3193
2025-11-26 01:15:00,4139.975,4147.035,4139.975,4144.635,2940
2025-11-26 01:30:00,4144.665,4151.355,4142.815,4150.245,3073
2025-11-26 01:45:00,4150.225,4152.585,4147.875,4148.135,2930
2025-11-26 02:00:00,4148.105,4153.348,4147.075,4150.085,2907
2025-11-26 02:15:00,4150.005,4164.275,4149.885,4161.945,3149
2025-11-26 02:30:00,4162.215,4165.955,4158.035,4161.335,4610
2025-11-26 02:45:00,4161.305,4166.375,4161.105,4161.435,3363
2025-11-26 03:00:00,4161.745,4168.748,4159.945,4165.055,2998
2025-11-26 03:15:00,4165.095,4165.695,4162.875,4163.895,2004
2025-11-26 03:30:00,4163.875,4167.175,4162.835,4165.835,2178
2025-11-26 03:45:00,4165.805,4169.255,4163.948,4165.765,1878
2025-11-26 04:00:00,4165.745,4166.775,4159.155,4161.515,1899
2025-11-26 04:15:00,4161.595,4162.065,4156.625,4157.185,2059
2025-11-26 04:30:00,4157.165,4160.865,4156.255,4160.055,1687
2025-11-26 04:45:00,4159.995,4162.615,4157.365,4161.665,2328
2025-11-26 05:00:00,4161.685,4166.425,4160.475,4166.055,1920
2025-11-26 05:15:00,4166.035,4168.425,4164.175,4166.665,2233
2025-11-26 05:30:00,4166.595,4167.205,4159.995,4162.455,3076
2025-11-26 05:45:00,4162.485,4164.755,4160.355,4162.055,2372
2025-11-26 06:00:00,4161.965,4162.505,4156.585,4156.965,2292
2025-11-26 06:15:00,4156.615,4159.945,4152.745,4157.905,2975
2025-11-26 06:30:00,4157.925,4158.065,4146.435,4150.655,2659
2025-11-26 06:45:00,4150.625,4153.995,4148.425,4149.815,1950
2025-11-26 07:00:00,4149.825,4154.675,4148.945,4153.135,2771
2025-11-26 07:15:00,4153.165,4153.825,4149.555,4151.825,1664
2025-11-26 07:30:00,4151.825,4156.365,4150.765,4155.285,1761
2025-11-26 07:45:00,4155.165,4161.355,4154.695,4157.205,2098
2025-11-26 08:00:00,4157.225,4167.155,4156.455,4165.355,3041
2025-11-26 08:15:00,4165.325,4168.215,4164.515,4166.315,2235
2025-11-26 08:30:00,4166.295,4166.915,4155.385,4157.675,3081
2025-11-26 08:45:00,4157.675,4162.305,4154.475,4160.775,2544
2025-11-26 09:00:00,4160.715,4164.265,4157.105,4157.945,2544
2025-11-26 09:15:00,4157.945,4162.825,4156.175,4162.445,2988
2025-11-26 09:30:00,4162.445,4163.655,4159.735,4159.755,2774
2025-11-26 09:45:00,4159.815,4162.515,4157.468,4162.485,3110
2025-11-26 10:00:00,4162.505,4164.825,4161.835,4163.505,3427
2025-11-26 10:15:00,4163.498,4164.845,4160.125,4163.005,2312
2025-11-26 10:30:00,4163.035,4163.035,4156.275,4157.845,2668
2025-11-26 10:45:00,4157.885,4160.265,4155.735,4159.775,1972
2025-11-26 11:00:00,4159.848,4160.735,4157.475,4159.635,1409
2025-11-26 11:15:00,4159.595,4164.665,4159.595,4164.665,1874
2025-11-26 11:30:00,4164.665,4172.315,4164.605,4170.875,2925
2025-11-26 11:45:00,4170.855,4172.848,4165.995,4171.305,3311
2025-11-26 12:00:00,4171.275,4173.145,4167.565,4170.658,4069
2025-11-26 12:15:00,4170.648,4170.748,4159.258,4161.555,3201
2025-11-26 12:30:00,4161.565,4163.485,4155.445,4158.115,3132
2025-11-26 12:45:00,4157.895,4158.465,4148.605,4154.955,4172
2025-11-26 13:00:00,4154.985,4163.515,4152.825,4159.195,3474
2025-11-26 13:15:00,4159.165,4166.375,4157.245,4165.035,2834
2025-11-26 13:30:00,4165.015,4165.015,4152.978,4153.495,4914
2025-11-26 13:45:00,4153.475,4156.335,4148.795,4153.148,4239
2025-11-26 14:00:00,4153.148,4156.665,4140.0,4147.115,5049
2025-11-26 14:15:00,4147.045,4149.175,4141.375,4141.855,4548
2025-11-26 14:30:00,4141.765,4154.125,4141.165,4148.915,6212
2025-11-26 14:45:00,4148.905,4152.005,4141.695,4141.825,5499
2025-11-26 15:00:00,4141.825,4152.045,4135.675,4152.015,5901
2025-11-26 15:15:00,4152.045,4157.765,4151.835,4156.395,4728
2025-11-26 15:30:00,4156.435,4163.645,4155.365,4161.845,4398
2025-11-26 15:45:00,4161.885,4165.485,4157.735,4165.115,4616
2025-11-26 16:00:00,4165.235,4165.615,4160.455,4162.035,4062
2025-11-26 16:15:00,4161.808,4164.715,4161.455,4161.795,3422
2025-11-26 16:30:00,4161.625,4168.385,4160.845,4167.078,3239
2025-11-26 16:45:00,4167.148,4168.075,4164.315,4166.915,3388
2025-11-26 17:00:00,4166.945,4168.025,4164.865,4165.645,2640
2025-11-26 17:15:00,4165.705,4169.675,4164.865,4167.755,3365
2025-11-26 17:30:00,4167.775,4169.078,4165.425,4168.565,3272
2025-11-26 17:45:00,4168.585,4169.485,4165.645,4167.065,3467
2025-11-26 18:00:00,4167.085,4171.485,4166.885,4170.885,3643
2025-11-26 18:15:00,4170.915,4171.015,4166.718,4167.625,3083
2025-11-26 18:30:00,4167.765,4168.465,4158.155,4159.095,4298
2025-11-26 18:45:00,4159.045,4165.155,4157.855,4164.555,2549
2025-11-26 19:00:00,4164.525,4168.395,4163.825,4166.575,2058
2025-11-26 19:15:00,4166.615,4169.545,4165.955,4167.245,1652
2025-11-26 19:30:00,4167.285,4167.935,4162.355,4163.465,1951
2025-11-26 19:45:00,4163.595,4165.945,4162.285,4163.085,2185
2025-11-26 20:00:00,4163.065,4165.715,4161.165,4164.345,2318
2025-11-26 20:15:00,4164.305,4167.285,4164.205,4165.045,2265
2025-11-26 20:30:00,4165.045,4167.225,4163.835,4166.265,3280
2025-11-26 20:45:00,4166.315,4167.065,4161.525,4163.795,4143
2025-11-26 21:00:00,4163.795,4163.905,4161.985,4163.198,1305
2025-11-26 21:15:00,4163.198,4164.675,4162.185,4163.685,1184
2025-11-26 21:30:00,4163.715,4167.365,4162.555,4164.395,1325
2025-11-26 21:45:00,4164.515,4165.485,4162.565,4162.565,1631
2025-11-26 23:00:00,4164.165,4168.405,4161.825,4166.505,659
2025-11-26 23:15:00,4166.505,4167.995,4163.185,4163.798,919
2025-11-26 23:30:00,4163.855,4164.735,4162.055,4164.615,913
2025-11-26 23:45:00,4164.695,4167.525,4164.018,4164.248,1291
2025-11-27 00:00:00,4163.825,4166.798,4161.898,4164.708,1902
2025-11-27 00:15:00,4164.738,4166.748,4163.348,4165.798,761
2025-11-27 00:30:00,4165.998,4166.585,4164.125,4165.348,1166
2025-11-27 00:45:00,4165.348,4165.355,4161.458,4164.285,2047
2025-11-27 01:00:00,4164.265,4165.105,4156.618,4157.375,4190
2025-11-27 01:15:00,4157.355,4158.885,4148.485,4153.575,4576
2025-11-27 01:30:00,4153.625,4156.315,4151.325,4152.145,3755
2025-11-27 01:45:00,4152.175,4154.195,4148.575,4154.065,2751
2025-11-27 02:00:00,4154.095,4156.005,4150.705,4152.725,3266
2025-11-27 02:15:00,4152.755,4154.165,4149.435,4152.645,2800
2025-11-27 02:30:00,4152.665,4154.735,4149.165,4152.775,2993
2025-11-27 02:45:00,4152.805,4154.565,4144.315,4145.265,3116
2025-11-27 03:00:00,4145.235,4149.045,4143.945,4148.085,2153
2025-11-27 03:15:00,4148.115,4150.425,4147.485,4147.955,1992
2025-11-27 03:30:00,4147.925,4149.535,4146.318,4147.735,2226
2025-11-27 03:45:00,4147.765,4149.665,4145.705,4147.205,1810
2025-11-27 04:00:00,4147.175,4147.625,4142.425,4147.175,2587
2025-11-27 04:15:00,4147.175,4149.685,4146.135,4149.515,2300
2025-11-27 04:30:00,4149.475,4154.485,4149.475,4152.035,1907
2025-11-27 04:45:00,4152.035,4154.335,4149.055,4150.665,2056
2025-11-27 05:00:00,4150.655,4154.535,4150.635,4152.695,1983
2025-11-27 05:15:00,4152.625,4154.025,4150.415,4152.525,1968
2025-11-27 05:30:00,4152.555,4153.185,4147.735,4147.855,2394
2025-11-27 05:45:00,4147.848,4148.785,4144.425,4146.798,2585
2025-11-27 06:00:00,4146.725,4154.555,4146.725,4153.075,2908
2025-11-27 06:15:00,4153.139,4156.675,4152.185,4156.555,3716
2025-11-27 06:30:00,4156.525,4157.945,4153.315,4153.795,3317
2025-11-27 06:45:00,4153.825,4158.995,4152.405,4157.305,3431
2025-11-27 07:00:00,4157.305,4160.745,4155.295,4160.735,3166
2025-11-27 07:15:00,4160.635,4162.235,4158.765,4159.165,3701
2025-11-27 07:30:00,4159.155,4160.375,4157.265,4158.595,2055
2025-11-27 07:45:00,4158.565,4160.075,4157.465,4159.828,2132
2025-11-27 08:00:00,4159.905,4164.215,4159.305,4162.995,3892
2025-11-27 08:15:00,4162.965,4165.435,4161.435,4164.725,3484
2025-11-27 08:30:00,4164.755,4166.295,4162.985,4163.275,2544
2025-11-27 08:45:00,4163.275,4166.825,4162.895,4165.555,2584
2025-11-27 09:00:00,4165.555,4165.625,4154.255,4154.945,3012
2025-11-27 09:15:00,4154.985,4156.955,4148.165,4154.715,3690
2025-11-27 09:30:00,4154.735,4157.615,4152.965,4157.235,2772
2025-11-27 09:45:00,4157.335,4160.755,4155.545,4158.305,2386
2025-11-27 10:00:00,4158.315,4160.335,4155.475,4156.125,2836
2025-11-27 10:15:00,4156.125,4156.845,4152.555,4152.555,3240
2025-11-27 10:30:00,4152.195,4155.305,4152.185,4153.765,2534
2025-11-27 10:45:00,4153.805,4156.948,4153.025,4156.225,2172
2025-11-27 11:00:00,4156.205,4159.345,4155.675,4157.465,1784
2025-11-27 11:15:00,4157.775,4159.545,4156.098,4158.735,1794
2025-11-27 11:30:00,4158.725,4162.235,4158.155,4160.495,1511
2025-11-27 11:45:00,4160.478,4161.905,4157.115,4157.115,1635
2025-11-27 12:00:00,4157.125,4159.005,4155.825,4157.545,1106
2025-11-27 12:15:00,4157.575,4158.455,4155.605,4156.615,992
2025-11-27 12:30:00,4156.595,4158.435,4154.595,4155.525,1199
2025-11-27 12:45:00,4155.505,4158.205,4153.315,4153.885,1778
2025-11-27 13:00:00,4153.655,4153.965,4148.895,4150.955,4024
2025-11-27 13:15:00,4150.775,4153.548,4149.205,4152.075,3110
2025-11-27 13:30:00,4152.115,4157.875,4151.725,4155.725,2680
2025-11-27 13:45:00,4155.755,4156.325,4152.865,4154.705,2237
2025-11-27 14:00:00,4154.735,4158.665,4153.675,4158.225,2202
2025-11-27 14:15:00,4158.245,4160.505,4156.855,4157.055,2289
2025-11-27 14:30:00,4157.175,4158.875,4152.795,4157.205,2489
2025-11-27 14:45:00,4157.375,4158.855,4152.685,4153.065,3265
2025-11-27 15:00:00,4153.085,4158.445,4152.745,4157.138,2184
2025-11-27 15:15:00,4157.138,4161.575,4157.045,4160.845,2346
2025-11-27 15:30:00,4160.785,4160.785,4158.185,4159.558,1572
2025-11-27 15:45:00,4159.558,4160.525,4156.675,4157.825,2044
2025-11-27 16:00:00,4157.805,4158.145,4153.175,4155.125,2577
2025-11-27 16:15:00,4155.105,4155.635,4151.235,4154.098,2003
2025-11-27 16:30:00,4154.095,4155.445,4153.825,4154.945,896
2025-11-27 16:45:00,4154.995,4157.295,4154.465,4156.095,1136
2025-11-27 17:00:00,4156.115,4156.985,4154.645,4155.095,693
2025-11-27 17:15:00,4155.095,4156.805,4154.465,4156.555,1170
2025-11-27 17:30:00,4156.555,4157.885,4156.195,4157.275,1541
2025-11-27 17:45:00,4157.185,4158.965,4156.985,4157.675,792
2025-11-27 18:00:00,4157.665,4158.405,4156.115,4156.715,905
2025-11-27 18:15:00,4156.545,4157.545,4155.545,4156.035,955
2025-11-27 18:30:00,4155.995,4157.605,4155.915,4157.035,643
2025-11-27 18:45:00,4157.055,4159.655,4156.935,4158.965,821
2025-11-27 19:00:00,4158.955,4160.115,4158.748,4159.505,915
2025-11-27 19:15:00,4159.865,4159.965,4157.448,4157.448,888
2025-11-27 23:00:00,4156.825,4162.948,4156.355,4162.485,462
2025-11-27 23:15:00,4162.445,4162.805,4160.835,4162.645,510
2025-11-27 23:30:00,4162.665,4163.565,4161.905,4162.365,397
2025-11-27 23:45:00,4162.315,4163.535,4161.758,4163.025,405
2025-11-28 00:00:00,4163.025,4168.505,4162.625,4167.675,946
2025-11-28 00:15:00,4167.565,4171.635,4166.475,4170.505,963
2025-11-28 00:30:00,4170.515,4183.305,4170.185,4178.825,4336
2025-11-28 00:45:00,4178.855,4182.615,4178.045,4180.425,2710
2025-11-28 01:00:00,4180.405,4191.375,4180.345,4186.185,4199
2025-11-28 01:15:00,4186.155,4189.685,4182.795,4187.215,3790
2025-11-28 01:30:00,4186.948,4193.015,4185.905,4192.125,3669
2025-11-28 01:45:00,4192.105,4192.695,4190.045,4190.955,2466
2025-11-28 02:00:00,4190.895,4191.015,4186.885,4189.315,3571
2025-11-28 02:15:00,4189.285,4191.778,4188.395,4189.615,1997
2025-11-28 02:30:00,4189.555,4190.375,4185.755,4187.785,2745
2025-11-28 02:45:00,4187.785,4189.555,4186.515,4188.635,808
2025-11-28 03:00:00,4188.635,4191.655,4183.715,4187.655,582
2025-11-28 03:15:00,4187.625,4187.945,4185.515,4187.935,496
2025-11-28 03:30:00,4187.975,4188.915,4182.586,4183.275,598
2025-11-28 03:45:00,4183.275,4184.965,4181.915,4183.635,559
2025-11-28 04:00:00,4183.555,4186.595,4181.875,4185.545,1435
2025-11-28 04:15:00,4185.545,4185.885,4176.858,4180.235,1425
2025-11-28 04:30:00,4180.235,4185.965,4177.255,4185.765,890
2025-11-28 04:45:00,4185.765,4188.585,4184.925,4188.435,551
2025-11-28 05:00:00,4188.215,4188.515,4174.979,4182.355,1796
2025-11-28 05:15:00,4182.355,4187.945,4176.609,4184.115,1434
2025-11-28 05:30:00,4183.965,4185.375,4181.955,4184.565,875
2025-11-28 05:45:00,4184.625,4185.275,4180.945,4181.825,441
2025-11-28 06:00:00,4181.535,4183.865,4180.165,4183.445,820
2025-11-28 06:15:00,4183.635,4185.035,4180.408,4184.835,668
2025-11-28 06:30:00,4184.855,4188.125,4182.755,4187.985,921
2025-11-28 06:45:00,4188.025,4188.495,4185.248,4186.895,1179
2025-11-28 07:00:00,4186.925,4187.355,4183.789,4184.595,613
2025-11-28 07:15:00,4184.605,4185.879,4177.705,4182.705,472
2025-11-28 07:30:00,4182.715,4183.085,4178.185,4178.485,977
2025-11-28 07:45:00,4177.815,4179.185,4170.74,4174.295,782
2025-11-28 08:00:00,4174.295,4174.745,4161.485,4171.925,423
2025-11-28 08:15:00,4163.179,4167.476,4150.075,4160.089,542
2025-11-28 08:30:00,4158.029,4169.198,4150.289,4157.469,3986
2025-11-28 08:45:00,4157.459,4168.805,4151.525,4167.985,2625
2025-11-28 09:00:00,4167.979,4167.979,4158.138,4158.538,1854
2025-11-28 09:15:00,4159.565,4164.169,4155.225,4157.565,4802
2025-11-28 09:30:00,4157.675,4163.929,4156.945,4162.199,7095
2025-11-28 09:45:00,4162.809,4165.849,4160.765,4165.319,3482
2025-11-28 10:00:00,4165.409,4174.079,4165.169,4171.819,2728
2025-11-28 10:15:00,4171.829,4177.379,4166.735,4168.069,2234
2025-11-28 10:30:00,4168.239,4169.419,4159.078,4164.969,2719
2025-11-28 10:45:00,4164.905,4169.475,4161.419,4162.569,2523
2025-11-28 11:00:00,4162.569,4172.965,4161.719,4170.625,2646
2025-11-28 11:15:00,4171.138,4179.455,4170.308,4172.898,4732
2025-11-28 11:30:00,4173.058,4176.359,4171.945,4173.419,6633
2025-11-28 11:45:00,4173.418,4175.009,4169.915,4170.918,5086
2025-11-28 12:00:00,4170.918,4176.575,4166.935,4175.415,3335
2025-11-28 12:15:00,4175.345,4176.568,4170.575,4174.085,1251
2025-11-28 12:30:00,4174.085,4174.938,4172.445,4174.145,2046
2025-11-28 12:45:00,4174.145,4177.458,4173.265,4175.935,3059
2025-11-28 13:00:00,4175.935,4178.225,4171.975,4172.885,1430
2025-11-28 13:15:00,4172.655,4173.975,4168.038,4169.985,895
2025-11-28 13:30:00,4169.935,4177.235,4168.338,4172.115,1846
2025-11-28 13:45:00,4172.125,4182.715,4170.655,4182.385,2397
2025-11-28 14:00:00,4182.385,4191.838,4182.385,4191.615,4789
2025-11-28 14:15:00,4191.585,4199.515,4190.505,4196.338,5565
2025-11-28 14:30:00,4196.368,4208.635,4194.388,4199.065,6996
2025-11-28 14:45:00,4198.975,4202.825,4194.145,4197.775,6731
2025-11-28 15:00:00,4197.765,4198.885,4185.415,4189.285,6511
2025-11-28 15:15:00,4189.285,4197.575,4185.495,4196.925,5635
2025-11-28 15:30:00,4196.915,4198.425,4193.465,4197.195,4203
2025-11-28 15:45:00,4197.175,4203.895,4196.075,4203.645,4807
2025-11-28 16:00:00,4203.565,4205.865,4197.595,4199.345,4697
2025-11-28 16:15:00,4199.335,4210.405,4198.985,4209.295,4130
2025-11-28 16:30:00,4209.265,4210.655,4201.968,4206.135,3648
2025-11-28 16:45:00,4206.165,4209.445,4204.735,4206.085,4086
2025-11-28 17:00:00,4206.095,4211.505,4204.165,4207.085,6010
2025-11-28 17:15:00,4207.115,4208.845,4205.355,4206.605,5151
2025-11-28 17:30:00,4206.605,4212.185,4205.975,4211.935,4768
2025-11-28 17:45:00,4211.935,4216.785,4210.745,4216.695,4415
2025-11-28 18:00:00,4216.785,4217.165,4210.755,4215.125,5057
2025-11-28 18:15:00,4215.155,4220.555,4214.455,4220.025,4434
2025-11-28 18:30:00,4220.125,4226.735,4218.335,4221.205,3829
2025-11-28 18:45:00,4221.225,4223.425,4219.355,4220.205,2544
2025-11-28 19:00:00,4220.185,4221.725,4218.415,4218.975,4140
2025-11-28 19:15:00,4218.825,4219.425,4216.055,4217.425,2705
2025-11-28 19:30:00,4217.398,4221.225,4216.355,4218.959,3237
2025-12-01 00:00:00,4221.655,4224.225,4218.595,4222.755,2961
2025-12-01 00:15:00,4222.795,4232.365,4218.055,4226.825,2593
2025-12-01 00:30:00,4226.855,4232.345,4226.025,4231.635,4064
2025-12-01 00:45:00,4231.678,4233.375,4225.615,4230.525,4113
2025-12-01 01:00:00,4230.495,4233.218,4219.565,4228.075,7875
2025-12-01 01:15:00,4228.175,4238.935,4224.255,4238.295,6942
2025-12-01 01:30:00,4238.405,4243.405,4234.495,4241.055,6326
2025-12-01 01:45:00,4241.095,4256.055,4236.725,4255.255,6017
2025-12-01 02:00:00,4255.235,4256.245,4245.105,4248.035,6235
2025-12-01 02:15:00,4248.095,4248.515,4240.519,4240.795,3743
2025-12-01 02:30:00,4240.759,4241.165,4233.915,4239.509,6124
2025-12-01 02:45:00,4239.509,4243.015,4237.229,4242.475,5295
2025-12-01 03:00:00,4242.475,4243.655,4232.345,4234.055,5487
2025-12-01 03:15:00,4233.965,4237.785,4232.325,4235.005,4763
2025-12-01 03:30:00,4235.015,4240.535,4234.625,4237.969,4811
2025-12-01 03:45:00,4237.969,4239.765,4234.645,4239.055,3882
2025-12-01 04:00:00,4239.075,4239.185,4236.155,4238.615,3635
2025-12-01 04:15:00,4238.615,4240.555,4237.525,4239.448,3317
2025-12-01 04:30:00,4239.515,4243.095,4239.065,4241.765,3955
2025-12-01 04:45:00,4241.745,4246.665,4241.745,4245.355,3765
2025-12-01 05:00:00,4245.395,4246.375,4229.245,4232.355,4043
2025-12-01 05:15:00,4232.355,4233.275,4215.275,4220.055,5917
2025-12-01 05:30:00,4220.035,4227.625,4217.455,4224.025,5284
2025-12-01 05:45:00,4224.005,4231.098,4223.315,4229.315,4925
2025-12-01 06:00:00,4229.295,4233.655,4228.435,4232.885,4476
2025-12-01 06:15:00,4232.905,4233.295,4225.885,4231.405,3998
2025-12-01 06:30:00,4231.405,4235.305,4229.675,4234.995,5527
2025-12-01 06:45:00,4235.035,4240.235,4234.975,4236.725,5266
2025-12-01 07:00:00,4237.045,4238.905,4233.598,4236.795,4167
2025-12-01 07:15:00,4236.825,4242.478,4231.628,4240.425,3681
2025-12-01 07:30:00,4240.405,4242.955,4239.995,4240.105,2785
2025-12-01 07:45:00,4240.125,4246.368,4237.865,4244.998,2497
2025-12-01 08:00:00,4244.998,4252.615,4244.305,4250.565,4753
2025-12-01 08:15:00,4250.595,4253.325,4248.775,4249.205,4580
2025-12-01 08:30:00,4249.208,4249.915,4241.045,4241.998,4393
2025-12-01 08:45:00,4241.998,4244.495,4237.958,4244.375,4322
2025-12-01 09:00:00,4244.395,4249.845,4244.395,4249.135,3620
2025-12-01 09:15:00,4249.155,4251.465,4246.458,4251.175,3005
2025-12-01 09:30:00,4251.145,4251.145,4246.558,4247.198,3674
2025-12-01 09:45:00,4247.055,4250.498,4243.415,4249.755,3758
2025-12-01 10:00:00,4249.785,4262.025,4248.888,4258.365,3963
2025-12-01 10:15:00,4258.395,4259.035,4251.945,4253.325,3043
2025-12-01 10:30:00,4253.095,4254.725,4251.005,4254.058,3785
2025-12-01 10:45:00,4254.015,4257.635,4252.885,4255.265,3550
2025-12-01 11:00:00,4255.395,4256.425,4250.485,4251.355,3991
2025-12-01 11:15:00,4251.265,4255.385,4247.945,4254.065,4082
2025-12-01 11:30:00,4254.045,4258.215,4251.635,4258.015,2991
2025-12-01 11:45:00,4258.045,4258.198,4252.985,4254.355,3155
2025-12-01 12:00:00,4254.335,4256.445,4247.235,4248.755,3915
2025-12-01 12:15:00,4248.725,4254.235,4247.385,4252.495,4005
2025-12-01 12:30:00,4252.515,4256.125,4250.385,4252.375,4019
2025-12-01 12:45:00,4252.355,4252.705,4243.975,4246.345,4360
2025-12-01 13:00:00,4246.375,4256.205,4245.445,4254.055,5409
2025-12-01 13:15:00,4254.095,4257.585,4249.885,4256.725,4490
2025-12-01 13:30:00,4256.755,4264.385,4256.715,4261.725,4773
2025-12-01 13:45:00,4261.745,4263.105,4246.915,4247.175,5222
2025-12-01 14:00:00,4247.225,4248.995,4238.425,4246.965,5858
2025-12-01 14:15:00,4246.885,4249.095,4241.945,4246.268,5401
2025-12-01 14:30:00,4246.545,4247.675,4219.345,4224.995,8963
2025-12-01 14:45:00,4225.015,4241.375,4222.685,4239.355,6799
2025-12-01 15:00:00,4239.355,4244.599,4230.385,4231.195,7353
2025-12-01 15:15:00,4231.175,4231.825,4219.425,4227.905,7746
2025-12-01 15:30:00,4227.895,4236.348,4221.595,4228.845,6920
2025-12-01 15:45:00,4228.815,4233.525,4221.505,4232.225,5860
2025-12-01 16:00:00,4232.255,4239.685,4231.305,4236.905,5971
2025-12-01 16:15:00,4236.955,4239.825,4226.805,4239.565,6196
2025-12-01 16:30:00,4239.605,4240.235,4230.295,4238.755,5988
2025-12-01 16:45:00,4238.715,4242.345,4225.005,4226.005,7529
2025-12-01 17:00:00,4226.125,4233.485,4222.835,4229.865,5570
2025-12-01 17:15:00,4229.895,4236.505,4227.085,4235.465,4946
2025-12-01 17:30:00,4235.495,4239.485,4235.058,4238.825,3671
2025-12-01 17:45:00,4238.795,4239.858,4229.765,4232.025,4594
2025-12-01 18:00:00,4232.065,4238.415,4232.065,4236.198,5219
2025-12-01 18:15:00,4236.198,4241.775,4235.058,4240.585,5900
2025-12-01 18:30:00,4241.253,4242.655,4235.968,4242.125,3374
2025-12-01 18:45:00,4242.145,4244.485,4237.155,4240.075,3625
2025-12-01 19:00:00,4240.115,4241.435,4235.805,4237.505,4069
2025-12-01 19:15:00,4237.465,4242.085,4236.455,4241.425,5352
2025-12-01 19:30:00,4241.319,4243.648,4233.665,4233.665,4430
2025-12-01 19:45:00,4233.379,4236.915,4229.089,4236.745,5453
2025-12-01 20:00:00,4236.675,4240.795,4234.775,4237.955,3464
2025-12-01 20:15:00,4237.565,4238.765,4235.065,4237.435,2893
2025-12-01 20:30:00,4237.405,4241.225,4235.205,4240.695,3092
2025-12-01 20:45:00,4240.655,4240.905,4234.225,4237.195,4881
2025-12-01 21:00:00,4237.055,4238.675,4235.265,4238.155,2735
2025-12-01 21:15:00,4238.245,4240.225,4237.495,4238.315,1312
2025-12-01 21:30:00,4238.285,4238.285,4232.825,4233.065,1450
2025-12-01 21:45:00,4233.095,4234.195,4229.995,4231.255,1328
2025-12-01 23:00:00,4231.198,4233.225,4227.798,4233.055,1305
2025-12-01 23:15:00,4233.095,4235.855,4231.435,4235.405,810
2025-12-01 23:30:00,4235.415,4235.615,4228.335,4230.495,1656
2025-12-01 23:45:00,4230.435,4230.475,4224.235,4227.248,1736
2025-12-02 00:00:00,4227.348,4227.715,4223.285,4226.835,1793
2025-12-02 00:15:00,4226.585,4227.405,4221.365,4224.895,2335
2025-12-02 00:30:00,4224.925,4228.355,4223.865,4228.245,2405
2025-12-02 00:45:00,4228.215,4229.475,4223.335,4226.525,3329
2025-12-02 01:00:00,4226.415,4226.875,4197.895,4205.125,8087
2025-12-02 01:15:00,4205.145,4215.748,4203.955,4213.548,5964
2025-12-02 01:30:00,4213.455,4218.035,4208.125,4210.755,4370
2025-12-02 01:45:00,4210.755,4220.548,4209.965,4219.315,3668
2025-12-02 02:00:00,4219.285,4221.315,4215.265,4218.945,3113
2025-12-02 02:15:00,4218.975,4223.075,4215.745,4216.875,2373
2025-12-02 02:30:00,4216.815,4221.405,4214.175,4221.105,3552
2025-12-02 02:45:00,4221.135,4224.355,4219.755,4221.405,2888
2025-12-02 03:00:00,4221.385,4225.135,4220.475,4223.865,2761
2025-12-02 03:15:00,4223.825,4226.168,4222.125,4222.535,3500
2025-12-02 03:30:00,4222.475,4225.135,4220.065,4220.888,1944
2025-12-02 03:45:00,4220.888,4221.385,4215.435,4216.515,2912
2025-12-02 04:00:00,4216.545,4220.425,4215.335,4216.415,1880
2025-12-02 04:15:00,4216.435,4218.865,4215.185,4216.165,2086
2025-12-02 04:30:00,4216.145,4217.855,4213.425,4217.615,2283
2025-12-02 04:45:00,4217.675,4218.595,4215.905,4218.515,1635
2025-12-02 05:00:00,4218.475,4219.755,4214.865,4218.975,2674
2025-12-02 05:15:00,4218.955,4222.865,4218.915,4221.295,1991
2025-12-02 05:30:00,4221.245,4223.005,4218.665,4219.948,3101
2025-12-02 05:45:00,4219.945,4225.325,4219.605,4224.715,3253
2025-12-02 06:00:00,4224.718,4226.105,4223.635,4223.635,2984
2025-12-02 06:15:00,4223.635,4224.075,4203.955,4205.405,4881
2025-12-02 06:30:00,4205.355,4210.225,4202.985,4209.135,4544
2025-12-02 06:45:00,4209.185,4215.025,4207.525,4212.575,3429
2025-12-02 07:00:00,4212.595,4214.245,4210.255,4213.555,2385
2025-12-02 07:15:00,4213.565,4219.195,4213.565,4217.525,2272
2025-12-02 07:30:00,4217.555,4218.595,4211.155,4211.395,1927
2025-12-02 07:45:00,4211.335,4213.995,4209.455,4213.165,1813
2025-12-02 08:00:00,4213.195,4215.105,4206.875,4214.305,3480
2025-12-02 08:15:00,4214.255,4216.955,4211.965,4214.285,2571
2025-12-02 08:30:00,4214.325,4216.435,4211.275,4212.255,2388
2025-12-02 08:45:00,4212.265,4214.105,4209.885,4209.985,2307
2025-12-02 09:00:00,4209.935,4212.975,4204.645,4207.695,2313
2025-12-02 09:15:00,4207.665,4208.515,4191.975,4194.375,3492
2025-12-02 09:30:00,4194.355,4195.545,4180.895,4190.305,4305
2025-12-02 09:45:00,4190.355,4193.955,4187.545,4191.785,2728
2025-12-02 10:00:00,4191.685,4192.215,4186.155,4186.655,2807
2025-12-02 10:15:00,4186.625,4189.075,4182.225,4186.465,3114
2025-12-02 10:30:00,4186.355,4188.185,4184.315,4187.285,1955
2025-12-02 10:45:00,4187.315,4189.555,4182.045,4185.525,2908
2025-12-02 11:00:00,4185.495,4189.545,4184.735,4187.545,1714
2025-12-02 11:15:00,4187.588,4196.765,4186.525,4196.765,2568
2025-12-02 11:30:00,4196.785,4200.275,4194.298,4197.685,2635
2025-12-02 11:45:00,4197.705,4205.735,4196.265,4205.285,3145
2025-12-02 12:00:00,4205.255,4207.855,4203.875,4204.855,2292
2025-12-02 12:15:00,4204.905,4206.835,4200.815,4204.275,2434
2025-12-02 12:30:00,4204.225,4206.315,4202.205,4204.995,1779
2025-12-02 12:45:00,4205.085,4209.395,4203.725,4208.455,2087
2025-12-02 13:00:00,4208.715,4215.025,4201.925,4204.685,4849
2025-12-02 13:15:00,4204.725,4208.625,4201.915,4203.395,4442
2025-12-02 13:30:00,4203.465,4209.248,4202.778,4204.855,4240
2025-12-02 13:45:00,4204.948,4212.615,4202.415,4212.285,3936
2025-12-02 14:00:00,4212.245,4223.725,4212.125,4223.285,5741
2025-12-02 14:15:00,4223.325,4230.365,4221.785,4227.475,5228
2025-12-02 14:30:00,4227.445,4229.265,4214.935,4217.725,7976
2025-12-02 14:45:00,4217.715,4225.565,4214.135,4218.735,7626
2025-12-02 15:00:00,4218.635,4219.415,4204.285,4205.795,8522
2025-12-02 15:15:00,4205.835,4208.455,4186.345,4187.905,8311
2025-12-02 15:30:00,4187.955,4191.795,4179.965,4188.965,7518
2025-12-02 15:45:00,4188.995,4189.515,4163.458,4169.255,7447
2025-12-02 16:00:00,4169.375,4178.165,4166.545,4177.165,7002
2025-12-02 16:15:00,4177.015,4179.585,4171.165,4177.115,5611
2025-12-02 16:30:00,4177.075,4190.035,4176.825,4186.035,5076
2025-12-02 16:45:00,4186.125,4188.635,4180.255,4184.655,4532
2025-12-02 17:00:00,4184.745,4191.825,4184.465,4187.235,4625
2025-12-02 17:15:00,4187.265,4192.645,4187.005,4191.965,3536
2025-12-02 17:30:00,4192.115,4196.255,4190.065,4192.915,3153
2025-12-02 17:45:00,4192.915,4196.665,4192.885,4193.685,3333
2025-12-02 18:00:00,4193.575,4196.695,4190.965,4192.195,3924
2025-12-02 18:15:00,4192.245,4195.315,4188.795,4189.175,4119
2025-12-02 18:30:00,4188.995,4190.935,4182.985,4187.055,3770
2025-12-02 18:45:00,4187.035,4191.685,4185.735,4190.615,2996
2025-12-02 19:00:00,4190.645,4198.125,4190.645,4196.775,2691
2025-12-02 19:15:00,4196.815,4198.295,4193.715,4197.135,2843
2025-12-02 19:30:00,4197.115,4199.718,4193.555,4194.815,2555
2025-12-02 19:45:00,4194.875,4200.048,4193.595,4196.135,2825
2025-12-02 20:00:00,4196.165,4199.648,4194.555,4197.948,3069
2025-12-02 20:15:00,4197.948,4199.315,4195.495,4198.375,2324
2025-12-02 20:30:00,4198.405,4212.215,4198.285,4209.625,3781
2025-12-02 20:45:00,4209.675,4212.155,4207.405,4209.895,3711
2025-12-02 21:00:00,4209.885,4211.575,4207.585,4208.945,1411
2025-12-02 21:15:00,4208.985,4211.085,4208.165,4209.765,992
2025-12-02 21:30:00,4209.795,4211.335,4208.665,4209.825,1079
2025-12-02 21:45:00,4209.835,4210.345,4204.998,4205.695,1470
2025-12-02 23:00:00,4206.998,4212.748,4202.098,4207.498,1085
2025-12-02 23:15:00,4207.425,4210.675,4207.398,4208.605,953
2025-12-02 23:30:00,4208.585,4208.695,4206.555,4208.605,818
2025-12-02 23:45:00,4208.515,4215.825,4208.215,4212.435,2126
2025-12-03 00:00:00,4212.405,4212.605,4206.925,4209.665,2394
2025-12-03 00:15:00,4209.665,4211.475,4206.005,4207.455,1459
2025-12-03 00:30:00,4207.435,4211.015,4205.315,4206.635,3306
2025-12-03 00:45:00,4206.615,4211.665,4204.325,4211.665,4566
2025-12-03 01:00:00,4211.408,4220.925,4211.408,4215.735,6593
2025-12-03 01:15:00,4215.785,4219.605,4213.955,4216.665,5252
2025-12-03 01:30:00,4216.685,4218.698,4213.065,4216.895,5313
2025-12-03 01:45:00,4216.905,4219.695,4213.915,4214.215,4870
2025-12-03 08:00:00,4206.515,4207.915,4204.555,4206.575,2972
2025-12-03 08:15:00,4206.615,4207.415,4203.575,4206.315,2710
2025-12-03 08:30:00,4206.315,4210.008,4203.905,4208.465,2730
2025-12-03 08:45:00,4208.645,4209.465,4205.945,4206.245,3744
2025-12-03 09:00:00,4206.175,4207.375,4196.935,4199.455,4555
2025-12-03 09:15:00,4199.495,4202.445,4198.605,4199.745,3323
2025-12-03 09:30:00,4199.745,4201.985,4199.635,4201.435,3283
2025-12-03 09:45:00,4201.435,4202.265,4199.835,4201.945,2545
2025-12-03 10:00:00,4201.855,4202.365,4194.975,4195.045,3433
2025-12-03 10:15:00,4195.165,4204.695,4194.405,4202.755,3880
2025-12-03 10:30:00,4202.835,4203.815,4198.435,4201.095,3480
2025-12-03 10:45:00,4201.065,4201.445,4197.735,4200.415,2999
2025-12-03 11:00:00,4200.445,4200.515,4196.865,4199.395,2300
2025-12-03 11:15:00,4199.365,4205.435,4198.975,4205.025,2460
2025-12-03 11:30:00,4205.075,4207.165,4202.445,4203.845,2550
2025-12-03 11:45:00,4203.875,4208.965,4202.855,4208.465,2832
2025-12-03 12:00:00,4208.505,4210.335,4205.565,4207.195,3455
2025-12-03 12:15:00,4207.205,4209.545,4204.875,4207.945,3499
2025-12-03 12:30:00,4207.975,4214.135,4207.605,4213.925,3213
2025-12-03 12:45:00,4213.975,4214.085,4210.515,4213.305,2789
2025-12-03 13:00:00,4213.365,4216.635,4210.758,4210.758,4534
2025-12-03 13:15:00,4212.575,4222.785,4212.575,4219.985,5747
2025-12-03 13:30:00,4220.035,4225.555,4216.545,4223.365,5154
2025-12-03 13:45:00,4223.395,4238.245,4222.115,4237.055,4912
2025-12-03 14:00:00,4237.025,4240.545,4218.375,4226.405,8335
2025-12-03 14:15:00,4226.355,4230.725,4221.105,4224.495,6807
2025-12-03 14:30:00,4224.475,4241.235,4223.345,4226.488,9415
2025-12-03 14:45:00,4226.205,4226.545,4204.835,4211.855,9173
2025-12-03 15:00:00,4209.815,4219.095,4205.795,4217.455,7132
2025-12-03 15:15:00,4217.425,4224.315,4216.115,4221.595,5216
2025-12-03 15:30:00,4221.635,4229.225,4220.815,4227.225,4979
2025-12-03 15:45:00,4227.255,4227.975,4214.065,4216.145,6103
2025-12-03 16:00:00,4216.105,4221.745,4213.905,4219.155,5223
2025-12-03 16:15:00,4219.005,4219.275,4212.365,4218.795,5624
2025-12-03 16:30:00,4218.935,4224.985,4218.255,4220.505,5832
2025-12-03 16:45:00,4220.525,4220.695,4195.585,4200.615,7054
2025-12-03 17:00:00,4200.615,4212.255,4200.075,4210.905,6299
2025-12-03 17:15:00,4210.905,4212.895,4207.375,4208.735,4719
2025-12-03 17:30:00,4208.655,4215.195,4207.795,4212.355,4379
2025-12-03 17:45:00,4212.375,4214.405,4208.055,4210.795,4561
2025-12-03 18:00:00,4210.835,4211.295,4201.925,4204.375,5167
2025-12-03 18:15:00,4204.535,4206.175,4198.485,4201.455,5540
2025-12-03 18:30:00,4201.415,4206.465,4199.935,4204.795,3924
2025-12-03 18:45:00,4204.875,4205.495,4194.945,4196.745,3586
2025-12-03 19:00:00,4196.935,4203.685,4196.705,4200.975,3862
2025-12-03 19:15:00,4200.995,4206.645,4200.765,4205.938,3083
2025-12-03 19:30:00,4205.845,4209.755,4204.605,4208.625,2910
2025-12-03 19:45:00,4208.645,4209.798,4207.485,4207.625,3429
2025-12-03 20:00:00,4207.635,4212.565,4207.098,4210.985,3284
2025-12-03 20:15:00,4210.965,4211.285,4207.928,4209.945,3454
2025-12-03 20:30:00,4209.875,4210.695,4207.595,4208.455,4494
2025-12-03 20:45:00,4208.485,4208.745,4203.288,4205.945,5233
2025-12-03 21:00:00,4206.025,4209.865,4205.815,4209.655,2077
2025-12-03 21:15:00,4209.715,4209.785,4206.289,4206.705,1161
2025-12-03 21:30:00,4206.675,4209.455,4206.605,4209.355,708
2025-12-03 21:45:00,4209.349,4209.349,4201.915,4202.415,1356
2025-12-03 23:00:00,4202.898,4207.169,4202.498,4206.195,1022
2025-12-03 23:15:00,4206.155,4208.739,4205.995,4206.825,986
2025-12-03 23:30:00,4206.825,4206.945,4203.675,4205.875,1081
2025-12-03 23:45:00,4205.835,4207.135,4202.445,4206.985,1419
2025-12-04 00:00:00,4206.955,4210.155,4204.345,4207.565,1392
2025-12-04 00:15:00,4207.575,4212.505,4206.385,4211.725,1474
2025-12-04 00:30:00,4211.695,4215.645,4211.005,4213.345,3780
2025-12-04 00:45:00,4213.365,4213.775,4209.165,4211.475,3103
2025-12-04 01:00:00,4211.445,4213.945,4205.585,4213.485,5953
2025-12-04 01:15:00,4213.515,4214.525,4210.195,4212.995,5064
2025-12-04 01:30:00,4212.898,4214.605,4210.715,4214.595,3914
2025-12-04 01:45:00,4214.565,4216.715,4207.485,4208.945,4422
2025-12-04 02:00:00,4209.025,4209.025,4198.755,4204.555,4494
2025-12-04 02:15:00,4204.535,4206.545,4202.445,4205.775,2583
2025-12-04 02:30:00,4205.855,4207.335,4200.915,4201.208,4823
2025-12-04 02:45:00,4201.205,4204.205,4200.0,4200.365,3692
2025-12-04 03:00:00,4200.395,4201.295,4187.125,4192.925,4564
2025-12-04 03:15:00,4192.905,4195.855,4191.625,4192.995,3461
2025-12-04 03:30:00,4192.955,4196.885,4189.985,4196.885,2845
2025-12-04 03:45:00,4196.925,4197.675,4193.495,4195.565,2698
2025-12-04 04:00:00,4195.505,4197.225,4192.545,4196.905,2333
2025-12-04 04:15:00,4197.035,4198.885,4195.175,4198.235,2265
2025-12-04 04:30:00,4198.175,4198.385,4196.555,4197.035,2240
2025-12-04 04:45:00,4197.035,4197.435,4194.395,4196.745,2823
2025-12-04 05:00:00,4196.705,4197.665,4194.045,4194.125,1818
2025-12-04 05:15:00,4194.085,4197.145,4189.355,4196.775,3113
2025-12-04 05:30:00,4196.885,4198.835,4180.685,4183.825,5815
2025-12-04 05:45:00,4183.925,4185.425,4175.005,4180.855,5491
2025-12-04 06:00:00,4180.885,4185.685,4179.175,4180.205,4941
2025-12-04 06:15:00,4180.235,4185.505,4178.455,4182.625,6242
2025-12-04 06:30:00,4182.635,4189.135,4182.245,4188.795,4828
2025-12-04 06:45:00,4188.845,4190.135,4186.775,4189.975,4138
2025-12-04 07:00:00,4190.015,4192.325,4186.605,4192.325,3725
2025-12-04 07:15:00,4192.315,4194.905,4188.605,4188.935,2999
2025-12-04 07:30:00,4188.965,4191.665,4188.455,4189.448,2932
2025-12-04 07:45:00,4189.355,4193.755,4186.335,4193.595,3251
2025-12-04 08:00:00,4193.585,4195.655,4189.638,4191.145,4722
2025-12-04 08:15:00,4191.125,4196.198,4190.905,4192.775,4741
2025-12-04 08:30:00,4192.755,4194.285,4190.715,4190.745,5511
2025-12-04 08:45:00,4191.095,4192.465,4184.565,4184.565,4442
2025-12-04 09:00:00,4184.755,4191.285,4183.315,4189.275,4880
2025-12-04 09:15:00,4189.345,4191.685,4187.295,4191.075,3489
2025-12-04 09:30:00,4191.045,4197.655,4190.385,4196.635,2592
2025-12-04 09:45:00,4196.615,4202.025,4196.085,4199.715,3146
2025-12-04 10:00:00,4199.735,4202.535,4198.885,4199.305,2461
2025-12-04 10:15:00,4199.365,4202.025,4198.145,4198.885,2700
2025-12-04 10:30:00,4198.905,4201.525,4197.735,4200.985,2440
2025-12-04 10:45:00,4200.955,4201.635,4196.405,4197.125,2545
2025-12-04 11:00:00,4197.165,4206.335,4197.165,4202.125,3081
2025-12-04 11:15:00,4202.115,4203.835,4196.919,4198.965,2636
2025-12-04 11:30:00,4198.985,4201.925,4197.715,4200.005,1729
2025-12-04 11:45:00,4199.975,4200.515,4197.015,4198.305,2011
2025-12-04 12:00:00,4198.199,4201.605,4193.135,4200.675,2902
2025-12-04 12:15:00,4200.695,4201.105,4192.835,4194.165,2745
2025-12-04 12:30:00,4194.105,4194.105,4188.505,4192.525,3345
2025-12-04 12:45:00,4192.555,4193.125,4188.635,4190.245,3494
2025-12-04 13:00:00,4190.145,4192.265,4185.155,4187.265,5559
2025-12-04 13:15:00,4187.285,4196.765,4185.505,4195.465,4673
2025-12-04 13:30:00,4195.155,4195.835,4186.748,4191.545,5524
2025-12-04 13:45:00,4191.525,4198.245,4188.075,4198.095,4499
2025-12-04 14:00:00,4198.045,4206.155,4198.045,4204.625,5076
2025-12-04 14:15:00,4204.655,4210.175,4202.375,4208.085,5183
2025-12-04 14:30:00,4208.085,4213.275,4193.285,4199.755,8813
2025-12-04 14:45:00,4199.785,4208.125,4196.575,4201.025,8051
2025-12-04 15:00:00,4201.025,4202.925,4191.215,4202.398,8034
2025-12-04 15:15:00,4202.398,4206.145,4200.595,4205.735,6430
2025-12-04 15:30:00,4205.755,4210.025,4204.418,4206.275,5504
2025-12-04 15:45:00,4206.325,4208.298,4202.395,4207.148,5921
2025-12-04 16:00:00,4207.235,4215.095,4206.315,4210.158,6293
2025-12-04 16:15:00,4210.158,4219.255,4209.645,4216.005,5227
2025-12-04 16:30:00,4216.055,4216.335,4207.205,4210.695,5035
2025-12-04 16:45:00,4210.765,4216.575,4209.925,4215.465,4066
2025-12-04 17:00:00,4215.575,4216.725,4209.065,4211.035,3912
2025-12-04 17:15:00,4211.055,4213.455,4208.655,4210.995,2963
2025-12-04 17:30:00,4211.025,4214.115,4209.435,4213.355,2362
2025-12-04 17:45:00,4213.385,4217.425,4213.385,4216.405,2575
2025-12-04 18:00:00,4216.355,4217.395,4209.855,4213.625,3370
2025-12-04 18:15:00,4213.675,4215.035,4211.635,4212.775,3237
2025-12-04 18:30:00,4212.815,4212.815,4209.575,4211.155,2939
2025-12-04 18:45:00,4211.298,4211.965,4207.175,4207.755,2962
2025-12-04 19:00:00,4207.835,4209.625,4199.435,4203.545,4006
2025-12-04 19:15:00,4203.555,4206.315,4200.435,4204.645,3757
2025-12-04 19:30:00,4204.675,4209.915,4204.015,4207.905,3091
2025-12-04 19:45:00,4207.905,4208.925,4205.625,4208.775,3640
2025-12-04 20:00:00,4208.635,4208.785,4206.465,4207.115,2774
2025-12-04 20:15:00,4207.085,4209.675,4205.905,4207.395,2215
2025-12-04 20:30:00,4207.375,4207.685,4205.245,4206.695,2364
2025-12-04 20:45:00,4206.698,4210.148,4206.698,4209.685,2872
2025-12-04 21:00:00,4209.675,4209.948,4208.248,4209.115,946
2025-12-04 21:15:00,4209.098,4209.155,4207.665,4208.135,797
2025-12-04 21:30:00,4208.105,4209.448,4207.765,4209.225,912
2025-12-04 21:45:00,4209.215,4210.095,4206.905,4207.415,1114
2025-12-04 23:00:00,4206.898,4209.598,4206.085,4207.825,768
2025-12-04 23:15:00,4207.855,4209.265,4206.775,4207.725,863
2025-12-04 23:30:00,4207.705,4208.635,4203.655,4205.845,1324
2025-12-04 23:45:00,4205.695,4206.355,4203.725,4205.915,1191
2025-12-05 00:00:00,4205.975,4208.945,4203.955,4208.315,1470
2025-12-05 00:15:00,4208.265,4210.255,4204.615,4205.575,1408
2025-12-05 00:30:00,4205.605,4205.645,4202.575,4204.735,2015
2025-12-05 00:45:00,4204.705,4205.135,4200.918,4201.485,1775
2025-12-05 01:00:00,4201.415,4204.225,4194.585,4197.025,3921
2025-12-05 01:15:00,4197.025,4200.585,4194.465,4199.455,3649
2025-12-05 01:30:00,4199.455,4202.355,4197.095,4198.265,4009
2025-12-05 01:45:00,4198.305,4203.895,4197.685,4202.785,4073
2025-12-05 02:00:00,4202.815,4204.695,4199.905,4201.575,3421
2025-12-05 02:15:00,4201.535,4201.855,4196.478,4197.575,2800
2025-12-05 02:30:00,4197.535,4204.525,4196.545,4204.375,3459
2025-12-05 02:45:00,4204.415,4208.375,4204.305,4206.998,3714
2025-12-05 03:00:00,4206.998,4208.645,4201.445,4202.765,3389
2025-12-05 03:15:00,4202.705,4204.615,4202.025,4203.075,2712
2025-12-05 03:30:00,4203.075,4209.065,4202.115,4209.065,1994
2025-12-05 03:45:00,4208.895,4210.518,4206.725,4209.345,3436
2025-12-05 04:00:00,4209.325,4214.185,4207.815,4213.445,2246
2025-12-05 04:15:00,4213.395,4213.495,4211.305,4212.255,2083
2025-12-05 04:30:00,4212.215,4215.865,4212.185,4213.835,1726
2025-12-05 04:45:00,4213.745,4217.255,4213.165,4216.565,2516
2025-12-05 05:00:00,4216.565,4218.215,4215.198,4216.095,2589
2025-12-05 05:15:00,4216.095,4219.865,4214.135,4219.275,2850
2025-12-05 05:30:00,4219.248,4221.195,4217.465,4219.975,3524
2025-12-05 05:45:00,4219.945,4220.835,4218.755,4220.345,3330
2025-12-05 06:00:00,4220.325,4228.235,4218.385,4225.335,4593
2025-12-05 06:15:00,4225.335,4229.005,4224.355,4227.535,4269
2025-12-05 06:30:00,4227.305,4228.605,4223.499,4224.825,3705
2025-12-05 06:45:00,4224.875,4225.995,4223.508,4224.365,2527
2025-12-05 07:00:00,4224.405,4230.295,4224.215,4227.115,1971
2025-12-05 07:15:00,4227.115,4230.485,4226.135,4229.975,2371
2025-12-05 07:30:00,4229.945,4229.975,4224.275,4224.535,2882
2025-12-05 07:45:00,4224.535,4225.955,4222.285,4224.245,3230
2025-12-05 08:00:00,4224.245,4226.985,4221.615,4222.755,4570
2025-12-05 08:15:00,4222.718,4226.335,4222.318,4222.658,3432
2025-12-05 08:30:00,4222.655,4225.605,4220.685,4223.235,2802
2025-12-05 08:45:00,4223.255,4224.375,4220.345,4220.385,2358
2025-12-05 09:00:00,4220.218,4222.195,4217.185,4218.425,2931
2025-12-05 09:15:00,4218.345,4221.855,4215.735,4221.105,2767
2025-12-05 09:30:00,4221.125,4224.505,4219.415,4223.735,1475
2025-12-05 09:45:00,4223.805,4224.935,4223.035,4223.175,870
2025-12-05 10:00:00,4223.195,4225.735,4223.035,4223.955,982
2025-12-05 10:15:00,4223.975,4227.305,4222.925,4223.895,1593
2025-12-05 10:30:00,4223.925,4225.255,4223.145,4224.405,1693
2025-12-05 10:45:00,4224.335,4224.655,4222.255,4222.758,1852
2025-12-05 11:00:00,4222.758,4223.955,4219.835,4223.865,1938
2025-12-05 11:15:00,4223.845,4225.555,4220.758,4221.135,2080
2025-12-05 11:30:00,4221.015,4223.945,4220.265,4222.865,2401
2025-12-05 11:45:00,4222.875,4223.735,4221.365,4223.525,1947
2025-12-05 12:00:00,4223.525,4229.585,4222.805,4225.535,4381
2025-12-05 12:15:00,4225.495,4229.295,4223.765,4224.245,3368
2025-12-05 12:30:00,4224.295,4225.645,4222.635,4225.245,2167
2025-12-05 12:45:00,4225.315,4229.425,4224.325,4228.545,2220
2025-12-05 13:00:00,4228.575,4232.935,4221.285,4227.835,4894
2025-12-05 13:15:00,4227.855,4234.815,4225.605,4232.498,4871
2025-12-05 13:30:00,4232.375,4238.705,4230.725,4233.365,5864
2025-12-05 13:45:00,4233.375,4237.315,4229.645,4234.365,4260
2025-12-05 14:00:00,4234.345,4239.345,4232.048,4237.175,3959
2025-12-05 14:15:00,4237.205,4237.355,4229.885,4231.595,4536
2025-12-05 14:30:00,4231.625,4236.405,4228.045,4235.948,7933
2025-12-05 14:45:00,4235.948,4245.198,4234.805,4241.495,6561
2025-12-05 15:00:00,4241.485,4243.395,4233.945,4239.645,6991
2025-12-05 15:15:00,4239.675,4248.835,4237.995,4248.515,5968
2025-12-05 15:30:00,4248.585,4259.105,4246.325,4253.605,5781
2025-12-05 15:45:00,4253.635,4254.865,4237.245,4243.465,7490
2025-12-05 16:00:00,4243.615,4245.525,4202.925,4203.165,8845
2025-12-05 16:15:00,4203.235,4218.165,4198.215,4216.345,8960
2025-12-05 16:30:00,4216.405,4216.915,4207.655,4210.665,7002
2025-12-05 16:45:00,4210.935,4217.435,4207.265,4213.785,5797
2025-12-05 17:00:00,4213.915,4218.255,4210.375,4214.705,5166
2025-12-05 17:15:00,4214.685,4217.885,4212.935,4216.815,3512
2025-12-05 17:30:00,4216.835,4219.395,4206.295,4214.075,5568
2025-12-05 17:45:00,4214.055,4218.575,4212.555,4217.365,4274
2025-12-05 18:00:00,4217.335,4218.455,4214.765,4217.625,3184
2025-12-05 18:15:00,4217.675,4219.105,4209.935,4212.395,5722
2025-12-05 18:30:00,4212.425,4215.485,4209.225,4211.515,3620
2025-12-05 18:45:00,4211.505,4213.325,4206.465,4208.705,3573
2025-12-05 19:00:00,4208.655,4210.705,4203.345,4208.415,4472
2025-12-05 19:15:00,4208.385,4209.615,4205.235,4209.255,3694
2025-12-05 19:30:00,4209.255,4210.195,4204.165,4205.595,3231
2025-12-05 19:45:00,4205.545,4208.565,4202.195,4207.365,2949
2025-12-05 20:00:00,4207.535,4207.535,4202.705,4204.545,2778
2025-12-05 20:15:00,4204.515,4206.675,4202.675,4202.815,2457
2025-12-05 20:30:00,4202.845,4205.185,4199.685,4200.825,3350
2025-12-05 20:45:00,4200.795,4202.565,4198.995,4201.935,5091
2025-12-05 21:00:00,4201.955,4202.315,4199.635,4200.238,2189
2025-12-05 21:15:00,4200.238,4200.325,4191.815,4196.935,2178
2025-12-05 21:30:00,4196.905,4196.905,4193.555,4194.255,1550
2025-12-05 21:45:00,4194.215,4198.855,4193.855,4197.405,2548
2025-12-08 00:00:00,4201.245,4207.655,4199.265,4205.755,2758
2025-12-08 00:15:00,4205.765,4207.445,4202.415,4205.608,2007
2025-12-08 00:30:00,4205.385,4210.085,4204.615,4209.235,2543
2025-12-08 00:45:00,4209.245,4211.605,4208.145,4210.505,2357
2025-12-08 01:00:00,4210.525,4211.598,4200.805,4205.685,6544
2025-12-08 01:15:00,4205.755,4210.498,4204.175,4207.775,4227
2025-12-08 01:30:00,4207.515,4209.525,4204.995,4206.355,4364
2025-12-08 01:45:00,4206.475,4207.955,4197.225,4200.895,5018
2025-12-08 02:00:00,4200.915,4202.045,4198.285,4200.085,3718
2025-12-08 02:15:00,4200.115,4203.325,4198.765,4203.105,2387
2025-12-08 02:30:00,4203.105,4208.585,4199.075,4206.305,5040
2025-12-08 02:45:00,4206.325,4212.325,4206.285,4208.195,3461
2025-12-08 03:00:00,4208.225,4209.875,4206.635,4209.735,2572
2025-12-08 03:15:00,4209.775,4212.915,4207.735,4209.755,2952
2025-12-08 03:30:00,4209.735,4211.498,4207.015,4207.605,2347
2025-12-08 03:45:00,4207.585,4210.305,4206.655,4209.915,2731
2025-12-08 04:00:00,4209.875,4210.305,4208.415,4209.325,2056
2025-12-08 04:15:00,4209.285,4211.895,4208.635,4209.335,2149
2025-12-08 04:30:00,4209.415,4213.045,4209.285,4210.345,2166
2025-12-08 04:45:00,4210.365,4210.785,4206.785,4208.385,2045
2025-12-08 05:00:00,4208.355,4209.175,4207.435,4208.815,2103
2025-12-08 05:15:00,4208.845,4209.125,4204.435,4206.255,2009
2025-12-08 05:30:00,4206.285,4215.705,4206.135,4214.585,3788
2025-12-08 05:45:00,4214.635,4217.025,4212.385,4217.005,3099
2025-12-08 06:00:00,4216.985,4218.435,4211.925,4215.145,3202
2025-12-08 06:15:00,4215.145,4217.965,4213.495,4216.105,2801
2025-12-08 06:30:00,4216.085,4218.755,4214.775,4216.785,3061
2025-12-08 06:45:00,4216.815,4217.905,4214.915,4216.805,2841
2025-12-08 07:00:00,4216.835,4217.255,4212.385,4214.445,2436
2025-12-08 07:15:00,4214.465,4216.005,4212.725,4213.705,2636
2025-12-08 07:30:00,4213.655,4216.105,4209.665,4209.685,2478
2025-12-08 07:45:00,4209.598,4210.715,4206.075,4206.595,2753
2025-12-08 08:00:00,4206.565,4212.535,4202.895,4211.375,3361
2025-12-08 08:15:00,4211.395,4216.405,4209.125,4209.125,2319
2025-12-08 08:30:00,4209.095,4210.455,4204.825,4208.675,2488
2025-12-08 08:45:00,4208.705,4211.855,4206.915,4209.595,2344
2025-12-08 09:00:00,4209.385,4210.485,4204.035,4208.815,3285
2025-12-08 09:15:00,4208.805,4210.665,4205.875,4210.295,2217
2025-12-08 09:30:00,4210.395,4211.275,4205.675,4207.995,2745
2025-12-08 09:45:00,4207.995,4212.705,4206.205,4207.648,2855
2025-12-08 10:00:00,4207.615,4210.255,4207.448,4209.155,1652
2025-12-08 10:15:00,4209.195,4209.805,4205.049,4205.565,1921
2025-12-08 10:30:00,4205.535,4207.975,4200.885,4206.205,2346
2025-12-08 10:45:00,4206.175,4206.555,4202.615,4203.395,2238
2025-12-08 11:00:00,4203.355,4204.345,4199.418,4203.075,1815
2025-12-08 11:15:00,4203.045,4209.395,4201.885,4209.335,2875
2025-12-08 11:30:00,4209.335,4214.075,4208.515,4213.265,3582
2025-12-08 11:45:00,4213.325,4213.515,4208.275,4208.395,2615
2025-12-08 12:00:00,4208.375,4212.645,4208.248,4212.095,2023
2025-12-08 12:15:00,4212.125,4212.545,4209.425,4211.585,1501
2025-12-08 12:30:00,4211.615,4213.398,4210.808,4212.245,2617
2025-12-08 12:45:00,4212.205,4215.275,4210.725,4213.575,2344
2025-12-08 13:00:00,4213.565,4214.465,4205.215,4210.515,4963
2025-12-08 13:15:00,4210.475,4210.835,4202.215,4202.805,4410
2025-12-08 13:30:00,4202.775,4204.665,4200.335,4202.485,4182
2025-12-08 13:45:00,4202.515,4206.185,4197.525,4201.495,4424
2025-12-08 14:00:00,4201.575,4209.975,4197.215,4209.515,4229
2025-12-08 14:15:00,4209.465,4211.605,4207.455,4208.535,3941
2025-12-08 14:30:00,4208.675,4210.805,4197.885,4197.985,7153
2025-12-08 14:45:00,4198.015,4210.675,4195.398,4196.305,7146
2025-12-08 15:00:00,4196.278,4196.515,4176.898,4178.015,9238
2025-12-08 15:15:00,4178.035,4193.025,4175.998,4191.755,6734
2025-12-08 15:30:00,4191.845,4193.145,4185.305,4186.625,4899
2025-12-08 15:45:00,4186.665,4190.085,4181.835,4182.665,4927
2025-12-08 16:00:00,4182.625,4183.905,4176.665,4183.695,5424
2025-12-08 16:15:00,4183.785,4196.015,4182.655,4194.625,4926
2025-12-08 16:30:00,4194.695,4197.655,4192.725,4193.485,5030
2025-12-08 16:45:00,4193.515,4195.065,4187.655,4191.395,4759
2025-12-08 17:00:00,4191.375,4191.605,4185.395,4186.915,3943
2025-12-08 17:15:00,4186.945,4191.935,4186.405,4191.895,3137
2025-12-08 17:30:00,4191.875,4194.005,4188.725,4188.775,2793
2025-12-08 17:45:00,4188.525,4195.455,4187.875,4194.755,2995
2025-12-08 18:00:00,4194.795,4195.505,4188.505,4189.365,2870
2025-12-08 18:15:00,4189.165,4190.325,4186.945,4188.645,3270
2025-12-08 18:30:00,4188.645,4191.645,4186.845,4189.525,2846
2025-12-08 18:45:00,4189.495,4192.015,4184.255,4187.035,3606
2025-12-08 19:00:00,4187.105,4188.375,4184.035,4184.935,3920
2025-12-08 19:15:00,4184.915,4188.385,4184.135,4187.715,2348
2025-12-08 19:30:00,4187.695,4188.665,4185.855,4186.905,2090
2025-12-08 19:45:00,4186.905,4187.315,4184.725,4186.865,2278
2025-12-08 20:00:00,4186.795,4190.925,4184.705,4188.395,2375
2025-12-08 20:15:00,4188.415,4191.195,4186.995,4189.025,2343
2025-12-08 20:30:00,4189.065,4195.355,4188.985,4194.105,2668
2025-12-08 20:45:00,4194.145,4194.495,4190.488,4191.415,3714
2025-12-08 21:00:00,4191.425,4193.075,4191.025,4191.515,810
2025-12-08 21:15:00,4191.545,4192.375,4189.745,4190.435,539
2025-12-08 21:30:00,4190.405,4190.625,4189.255,4190.035,860
2025-12-08 21:45:00,4190.065,4190.615,4188.165,4189.885,940
2025-12-08 23:00:00,4189.298,4193.238,4188.535,4190.955,697
2025-12-08 23:15:00,4190.995,4193.708,4190.735,4192.558,698
2025-12-08 23:30:00,4192.668,4195.025,4191.395,4194.505,769
2025-12-08 23:45:00,4194.475,4195.065,4192.165,4194.535,701
2025-12-09 00:00:00,4194.435,4195.515,4191.125,4192.765,1292
2025-12-09 00:15:00,4192.595,4194.005,4192.035,4192.065,565
2025-12-09 00:30:00,4192.085,4192.775,4191.325,4191.845,2089
2025-12-09 00:45:00,4191.785,4194.035,4189.715,4190.255,2534
2025-12-09 01:00:00,4190.205,4197.065,4188.545,4195.925,4190
2025-12-09 01:15:00,4195.995,4196.585,4193.375,4193.965,3724
2025-12-09 01:30:00,4194.075,4197.115,4193.865,4195.555,3388
2025-12-09 01:45:00,4195.555,4196.835,4193.645,4196.015,3311
2025-12-09 02:00:00,4195.995,4196.955,4190.535,4190.535,2786
2025-12-09 02:15:00,4190.565,4193.115,4189.255,4190.375,1457
2025-12-09 02:30:00,4190.415,4190.825,4185.785,4188.945,4340
2025-12-09 02:45:00,4188.915,4190.075,4186.955,4189.665,3330
2025-12-09 03:00:00,4189.705,4193.895,4189.705,4193.745,2236
2025-12-09 03:15:00,4193.715,4198.025,4193.485,4197.815,2699
2025-12-09 03:30:00,4197.745,4198.568,4193.398,4193.915,2363
2025-12-09 03:45:00,4193.975,4195.965,4193.535,4194.405,2097
2025-12-09 04:00:00,4194.295,4195.235,4191.705,4194.725,2617
2025-12-09 04:15:00,4194.745,4195.365,4192.665,4193.515,2372
2025-12-09 04:30:00,4193.475,4195.435,4188.425,4189.125,2922
2025-12-09 04:45:00,4189.145,4189.815,4184.275,4186.575,2945
2025-12-09 05:00:00,4186.555,4187.055,4183.335,4186.015,3048
2025-12-09 05:15:00,4185.995,4186.755,4183.265,4185.155,2632
2025-12-09 05:30:00,4185.135,4185.505,4180.125,4181.695,4792
2025-12-09 05:45:00,4181.715,4182.825,4177.805,4179.415,4840
2025-12-09 06:00:00,4179.465,4179.515,4169.845,4174.465,4431
2025-12-09 06:15:00,4174.425,4178.445,4173.775,4178.375,4179
2025-12-09 06:30:00,4178.425,4183.825,4176.275,4180.765,3710
2025-12-09 06:45:00,4180.735,4182.965,4180.125,4181.755,3656
2025-12-09 07:00:00,4181.825,4185.665,4180.095,4182.595,2915
2025-12-09 07:15:00,4182.575,4183.065,4175.615,4178.365,3336
2025-12-09 07:30:00,4178.265,4181.325,4178.185,4179.505,3066
2025-12-09 07:45:00,4179.475,4183.315,4178.935,4182.135,2386
2025-12-09 08:00:00,4182.185,4188.295,4182.185,4188.065,3136
2025-12-09 08:15:00,4188.085,4189.025,4185.285,4185.925,2714
2025-12-09 08:30:00,4185.895,4190.695,4185.248,4190.635,2791
2025-12-09 08:45:00,4190.605,4191.725,4188.385,4191.355,1772
2025-12-09 09:00:00,4191.398,4205.515,4190.498,4203.205,4532
2025-12-09 09:15:00,4203.225,4212.645,4203.105,4206.965,4285
2025-12-09 09:30:00,4206.945,4208.915,4201.335,4203.525,4231
2025-12-09 09:45:00,4203.565,4205.175,4200.375,4202.635,4506
2025-12-09 10:00:00,4202.925,4206.445,4201.565,4204.135,3294
2025-12-09 10:15:00,4204.155,4208.165,4204.015,4204.385,2594
2025-12-09 10:30:00,4204.355,4205.795,4201.095,4203.495,2848
2025-12-09 10:45:00,4203.525,4204.975,4201.705,4203.825,2255
2025-12-09 11:00:00,4203.795,4204.675,4201.658,4202.065,2304
2025-12-09 11:15:00,4202.285,4205.325,4200.965,4203.725,2130
2025-12-09 11:30:00,4203.705,4206.325,4202.885,4204.725,1885
2025-12-09 11:45:00,4204.705,4206.125,4202.355,4202.885,1714
2025-12-09 12:00:00,4202.955,4205.045,4200.645,4201.475,2151
2025-12-09 12:15:00,4201.455,4202.965,4198.325,4202.095,1951
2025-12-09 12:30:00,4202.045,4203.255,4201.025,4201.775,2385
2025-12-09 12:45:00,4201.755,4207.355,4201.245,4203.948,3608
2025-12-09 13:00:00,4204.025,4207.975,4202.748,4204.785,5473
2025-12-09 13:15:00,4204.825,4207.215,4198.175,4201.835,5519
2025-12-09 13:30:00,4201.825,4202.485,4195.445,4200.515,4772
2025-12-09 13:45:00,4200.495,4203.165,4198.698,4201.175,4147
2025-12-09 14:00:00,4201.385,4201.905,4189.395,4191.975,5385
2025-12-09 14:15:00,4191.945,4194.295,4189.229,4193.265,4080
2025-12-09 14:30:00,4193.385,4206.205,4192.485,4205.725,7838
2025-12-09 14:45:00,4205.665,4210.195,4201.975,4204.485,6254
2025-12-09 15:00:00,4204.465,4204.465,4189.805,4195.115,7247
2025-12-09 15:15:00,4195.045,4208.485,4194.735,4206.085,6928
2025-12-09 15:30:00,4206.055,4208.355,4202.385,4204.905,7219
2025-12-09 15:45:00,4204.875,4216.105,4198.435,4212.288,6066
2025-12-09 16:00:00,4212.278,4220.465,4209.905,4218.255,6724
2025-12-09 16:15:00,4218.285,4219.715,4209.798,4213.228,5848
2025-12-09 16:30:00,4213.228,4220.355,4213.158,4218.975,6186
2025-12-09 16:45:00,4218.975,4221.345,4211.405,4212.105,6151
2025-12-09 17:00:00,4212.125,4216.045,4209.635,4211.355,3647
2025-12-09 17:15:00,4211.325,4211.385,4204.658,4207.475,4581
2025-12-09 17:30:00,4207.495,4208.915,4204.045,4207.035,4995
2025-12-09 17:45:00,4207.055,4208.585,4201.475,4202.835,3571
2025-12-09 18:00:00,4202.805,4206.048,4201.085,4206.025,3493
2025-12-09 18:15:00,4205.985,4208.075,4204.845,4207.135,4458
2025-12-09 18:30:00,4207.135,4208.565,4203.905,4205.545,4208
2025-12-09 18:45:00,4205.545,4209.665,4204.605,4208.895,3350
2025-12-09 19:00:00,4208.655,4212.215,4208.415,4210.835,3346
2025-12-09 19:15:00,4210.805,4211.175,4207.525,4208.115,2528
2025-12-09 19:30:00,4208.085,4209.985,4207.105,4209.055,2372
2025-12-09 19:45:00,4209.095,4214.255,4206.975,4212.405,2878
2025-12-09 20:00:00,4212.375,4215.805,4211.768,4214.335,2244
2025-12-09 20:15:00,4214.385,4214.435,4208.708,4210.535,3400
2025-12-09 20:30:00,4210.485,4211.855,4209.075,4210.115,4483
2025-12-09 20:45:00,4210.145,4213.625,4210.135,4211.925,6818
2025-12-09 21:00:00,4211.985,4212.795,4210.765,4211.105,4394
2025-12-09 21:15:00,4211.125,4211.745,4208.615,4209.935,1618
2025-12-09 21:30:00,4209.905,4210.265,4208.238,4208.605,1036
2025-12-09 21:45:00,4208.565,4209.695,4206.915,4207.075,1517
2025-12-09 23:00:00,4207.235,4210.298,4204.895,4208.125,796
2025-12-09 23:15:00,4208.105,4210.605,4207.545,4210.245,1015
2025-12-09 23:30:00,4210.245,4211.555,4208.998,4211.445,731
2025-12-09 23:45:00,4211.415,4212.798,4209.518,4210.448,1008
2025-12-10 00:00:00,4210.448,4212.365,4207.245,4208.775,1193
2025-12-10 00:15:00,4208.695,4209.545,4206.778,4208.805,907
2025-12-10 00:30:00,4208.855,4209.535,4206.698,4207.198,2118
2025-12-10 00:45:00,4207.215,4209.348,4207.098,4207.985,1939
2025-12-10 01:00:00,4207.999,4215.085,4206.648,4214.705,4540
2025-12-10 01:15:00,4214.675,4217.855,4212.485,4216.595,4596
2025-12-10 01:30:00,4216.625,4217.785,4211.395,4212.088,4759
2025-12-10 01:45:00,4212.075,4216.335,4211.798,4213.535,4385
2025-12-10 02:00:00,4213.529,4217.665,4212.705,4214.815,4359
2025-12-10 02:15:00,4214.805,4214.855,4211.375,4213.355,3334
2025-12-10 02:30:00,4213.485,4218.615,4212.965,4217.455,3901
2025-12-10 02:45:00,4217.435,4217.625,4215.235,4216.835,1797
2025-12-10 03:00:00,4216.815,4216.985,4209.765,4209.835,3964
2025-12-10 03:15:00,4209.625,4210.825,4207.595,4207.998,3620
2025-12-10 03:30:00,4207.695,4209.848,4206.165,4206.748,3631
2025-12-10 03:45:00,4206.748,4208.265,4203.365,4206.095,2676
2025-12-10 04:00:00,4206.025,4208.165,4205.315,4208.115,1370
2025-12-10 04:15:00,4208.205,4208.835,4205.425,4206.545,1632
2025-12-10 04:30:00,4206.535,4209.505,4205.345,4207.575,2060
2025-12-10 04:45:00,4207.555,4207.645,4205.218,4206.825,1014
2025-12-10 05:00:00,4206.748,4207.085,4202.975,4203.435,1852
2025-12-10 05:15:00,4203.495,4205.475,4201.525,4205.435,3590
2025-12-10 05:30:00,4205.455,4211.955,4204.755,4211.755,4069
2025-12-10 05:45:00,4211.755,4214.225,4209.745,4211.185,2964
2025-12-10 06:00:00,4211.145,4211.505,4208.765,4209.265,2680
2025-12-10 06:15:00,4209.325,4210.095,4204.155,4207.075,2973
2025-12-10 06:30:00,4207.115,4207.235,4202.765,4205.915,3580
2025-12-10 06:45:00,4206.035,4207.445,4205.015,4207.085,3385
2025-12-10 07:00:00,4207.095,4208.995,4204.258,4205.688,2516
2025-12-10 07:15:00,4205.705,4208.775,4205.165,4207.195,1793
2025-12-10 07:30:00,4207.195,4208.105,4206.205,4206.765,2177
2025-12-10 07:45:00,4206.725,4206.875,4202.985,4203.145,1846
2025-12-10 08:00:00,4203.115,4205.945,4200.025,4202.255,3230
2025-12-10 08:15:00,4202.165,4206.435,4201.945,4203.765,2317
2025-12-10 08:30:00,4203.865,4203.865,4198.635,4199.615,3050
2025-12-10 08:45:00,4199.625,4201.715,4196.805,4197.715,2889
2025-12-10 09:00:00,4197.655,4200.285,4194.295,4197.655,3667
2025-12-10 09:15:00,4197.855,4198.655,4195.055,4197.705,3178
2025-12-10 09:30:00,4197.675,4198.125,4193.845,4194.795,2408
2025-12-10 09:45:00,4194.745,4195.455,4192.445,4194.145,3136
2025-12-10 10:00:00,4194.115,4196.305,4191.205,4195.595,3332
2025-12-10 10:15:00,4195.498,4195.855,4191.358,4191.625,2946
2025-12-10 10:30:00,4191.595,4194.325,4187.525,4193.955,3585
2025-12-10 10:45:00,4193.875,4194.155,4190.755,4192.995,2708
2025-12-10 11:00:00,4193.085,4195.135,4192.415,4195.095,2559
2025-12-10 11:15:00,4195.035,4196.148,4193.765,4194.455,2338
2025-12-10 11:30:00,4194.455,4196.715,4193.495,4194.895,2532
2025-12-10 11:45:00,4194.898,4197.565,4194.325,4197.135,2269
2025-12-10 12:00:00,4197.115,4201.605,4197.035,4200.935,3264
2025-12-10 12:15:00,4201.005,4202.095,4197.085,4197.505,2371
2025-12-10 12:30:00,4197.485,4199.015,4196.475,4198.098,2482
2025-12-10 12:45:00,4197.985,4198.098,4195.085,4196.265,2770
2025-12-10 13:00:00,4196.215,4200.175,4193.378,4195.845,4668
2025-12-10 13:15:00,4195.785,4199.825,4192.855,4197.665,4301
2025-12-10 13:30:00,4197.685,4202.445,4195.835,4202.405,4862
2025-12-10 13:45:00,4202.335,4204.945,4199.925,4200.465,3885
2025-12-10 14:00:00,4200.445,4206.825,4198.835,4204.935,4096
2025-12-10 14:15:00,4204.915,4205.995,4194.645,4196.355,4467
2025-12-10 14:30:00,4196.445,4199.605,4191.095,4197.545,7372
2025-12-10 14:45:00,4197.485,4201.975,4191.925,4192.285,6127
2025-12-10 15:00:00,4192.315,4201.005,4191.805,4194.435,5901
2025-12-10 15:15:00,4194.355,4196.935,4188.645,4196.425,6193
2025-12-10 15:30:00,4196.445,4199.155,4192.818,4193.619,5324
2025-12-10 15:45:00,4193.619,4194.498,4189.985,4193.475,5139
2025-12-10 16:00:00,4193.575,4195.348,4192.685,4194.075,4724
2025-12-10 16:15:00,4194.048,4200.845,4193.265,4200.495,4875
2025-12-10 16:30:00,4200.465,4202.875,4198.878,4202.305,4065
2025-12-10 16:45:00,4202.335,4204.915,4201.515,4204.645,3820
2025-12-10 17:00:00,4204.645,4204.645,4198.818,4199.865,3639
2025-12-10 17:15:00,4199.865,4203.385,4199.705,4200.495,5792
2025-12-10 17:30:00,4200.375,4201.435,4198.305,4198.885,5850
2025-12-10 17:45:00,4198.995,4201.605,4196.698,4199.585,4143
2025-12-10 18:00:00,4199.615,4200.555,4198.575,4198.985,4109
2025-12-10 18:15:00,4198.975,4199.365,4193.235,4196.375,3409
2025-12-10 18:30:00,4196.298,4196.725,4191.835,4193.835,3726
2025-12-10 18:45:00,4193.875,4196.345,4193.055,4193.398,3300
2025-12-10 19:00:00,4193.408,4219.545,4189.498,4212.015,9562
2025-12-10 19:15:00,4212.065,4216.498,4194.509,4198.645,7985
2025-12-10 19:30:00,4198.625,4214.345,4181.565,4187.445,11092
2025-12-10 19:45:00,4187.415,4217.205,4186.205,4216.365,9630
2025-12-10 20:00:00,4216.335,4235.635,4210.935,4235.065,8314
2025-12-10 20:15:00,4234.975,4238.445,4226.405,4232.495,7856
2025-12-10 20:30:00,4232.515,4235.048,4229.395,4232.365,5754
2025-12-10 20:45:00,4232.355,4237.098,4229.348,4229.348,6321
2025-12-10 21:00:00,4229.205,4232.065,4221.075,4227.935,3326
2025-12-10 21:15:00,4227.915,4229.298,4223.225,4226.005,2159
2025-12-10 21:30:00,4226.065,4229.048,4225.655,4227.785,1876
2025-12-10 21:45:00,4227.785,4229.308,4226.648,4227.645,1455
2025-12-10 23:00:00,4228.448,4230.998,4224.795,4225.225,1218
2025-12-10 23:15:00,4225.185,4226.855,4223.835,4225.425,1444
2025-12-10 23:30:00,4225.405,4229.285,4225.375,4228.125,1014
2025-12-10 23:45:00,4228.125,4233.945,4228.125,4232.225,1388
2025-12-11 00:00:00,4232.235,4243.525,4231.205,4242.805,1966
2025-12-11 00:15:00,4242.895,4244.965,4239.619,4240.748,3076
2025-12-11 00:30:00,4240.729,4243.135,4240.425,4241.799,2762
2025-12-11 00:45:00,4241.809,4242.615,4234.665,4237.025,3556
2025-12-11 01:00:00,4237.005,4247.465,4235.905,4240.055,6118
2025-12-11 01:15:00,4240.055,4241.645,4234.775,4235.875,4413
2025-12-11 01:30:00,4235.835,4238.335,4232.795,4237.895,4374
2025-12-11 01:45:00,4237.845,4240.015,4237.025,4238.055,4545
2025-12-11 02:00:00,4238.035,4240.555,4230.825,4233.485,4142
2025-12-11 02:15:00,4233.395,4234.065,4229.345,4229.635,2985
2025-12-11 02:30:00,4229.675,4230.225,4220.225,4226.875,4901
2025-12-11 02:45:00,4226.835,4227.975,4221.705,4222.015,4799
2025-12-11 03:00:00,4221.975,4224.705,4209.095,4212.055,4888
2025-12-11 03:15:00,4212.105,4215.785,4209.225,4212.748,4937
2025-12-11 03:30:00,4212.765,4216.555,4211.848,4216.535,3197
2025-12-11 03:45:00,4216.515,4218.395,4214.895,4216.535,2955
2025-12-11 04:00:00,4216.469,4218.185,4213.748,4216.805,2372
2025-12-11 04:15:00,4216.835,4217.315,4210.555,4212.635,2942
2025-12-11 04:30:00,4212.635,4215.905,4211.245,4211.495,2822
2025-12-11 04:45:00,4211.555,4214.435,4208.235,4213.285,2590
2025-12-11 05:00:00,4213.265,4216.045,4211.495,4212.025,2080
2025-12-11 05:15:00,4211.845,4212.985,4209.615,4212.055,1820
2025-12-11 05:30:00,4212.015,4212.705,4206.705,4210.005,3783
2025-12-11 05:45:00,4210.035,4210.625,4205.848,4207.115,3917
2025-12-11 06:00:00,4207.155,4212.115,4203.905,4210.845,3876
2025-12-11 06:15:00,4210.865,4214.385,4207.405,4213.545,3890
2025-12-11 06:30:00,4213.545,4215.245,4212.105,4213.845,3671
2025-12-11 06:45:00,4213.865,4215.125,4210.765,4214.285,3438
2025-12-11 07:00:00,4214.315,4214.315,4210.355,4212.245,2179
2025-12-11 07:15:00,4212.245,4214.575,4211.355,4212.915,2366
2025-12-11 07:30:00,4212.945,4217.835,4211.205,4217.575,2028
2025-12-11 07:45:00,4217.635,4218.495,4214.735,4215.845,2094
2025-12-11 08:00:00,4215.865,4217.655,4212.635,4215.015,3118
2025-12-11 08:15:00,4215.185,4216.865,4213.165,4214.055,2696
2025-12-11 08:30:00,4214.095,4219.395,4213.445,4217.225,2557
2025-12-11 08:45:00,4217.255,4218.705,4215.145,4216.415,2749
2025-12-11 09:00:00,4216.395,4217.815,4210.195,4211.855,3370
2025-12-11 09:15:00,4211.815,4216.135,4211.015,4214.005,2280
2025-12-11 09:30:00,4213.895,4217.785,4213.575,4217.485,2236
2025-12-11 09:45:00,4217.478,4221.285,4217.025,4218.195,2175
2025-12-11 10:00:00,4218.225,4225.775,4218.225,4220.395,2719
2025-12-11 10:15:00,4220.355,4221.285,4215.915,4217.215,2666
2025-12-11 10:30:00,4217.375,4217.655,4211.545,4214.858,2230
2025-12-11 10:45:00,4214.985,4218.925,4214.455,4216.805,1864
2025-12-11 11:00:00,4216.825,4218.935,4214.005,4215.035,1601
2025-12-11 11:15:00,4215.005,4216.355,4213.965,4214.565,1439
2025-12-11 11:30:00,4214.455,4215.005,4211.085,4214.575,1772
2025-12-11 11:45:00,4214.525,4215.175,4209.445,4210.995,1850
2025-12-11 12:00:00,4211.015,4214.255,4208.525,4212.135,2829
2025-12-11 12:15:00,4212.025,4218.115,4211.885,4217.875,3311
2025-12-11 12:30:00,4217.815,4220.135,4217.405,4218.945,2920
2025-12-11 12:45:00,4219.045,4220.295,4216.595,4220.235,3166
2025-12-11 13:00:00,4220.275,4222.285,4209.835,4211.765,4841
2025-12-11 13:15:00,4211.805,4213.815,4205.035,4212.645,4565
2025-12-11 13:30:00,4212.645,4220.785,4209.175,4219.525,4765
2025-12-11 13:45:00,4219.495,4223.235,4217.935,4220.775,4308
2025-12-11 14:00:00,4220.885,4229.405,4217.685,4226.965,4488
2025-12-11 14:15:00,4226.935,4231.785,4223.215,4230.915,4263
2025-12-11 14:30:00,4230.935,4243.695,4230.145,4243.695,7701
2025-12-11 14:45:00,4243.525,4244.335,4228.705,4229.995,8177
2025-12-11 15:00:00,4229.965,4240.098,4225.975,4237.575,8014
2025-12-11 15:15:00,4237.605,4244.275,4236.935,4238.645,6501
2025-12-11 15:30:00,4238.865,4256.175,4238.245,4254.525,6859
2025-12-11 15:45:00,4254.395,4261.215,4250.025,4255.785,6786
2025-12-11 16:00:00,4255.825,4257.385,4249.855,4255.845,5590
2025-12-11 16:15:00,4255.865,4261.325,4254.635,4256.935,5525
2025-12-11 16:30:00,4256.975,4262.748,4255.215,4261.315,4509
2025-12-11 16:45:00,4261.385,4278.748,4261.115,4273.355,6884
2025-12-11 17:00:00,4273.375,4280.715,4272.125,4277.215,5577
2025-12-11 17:15:00,4277.235,4281.498,4274.398,4275.865,4777
2025-12-11 17:30:00,4275.895,4277.598,4272.005,4277.498,4410
2025-12-11 17:45:00,4277.395,4279.435,4273.645,4278.485,4091
2025-12-11 18:00:00,4278.465,4285.705,4276.925,4283.515,4021
2025-12-11 18:15:00,4283.475,4285.465,4279.935,4281.595,3850
2025-12-11 18:30:00,4281.615,4283.835,4276.935,4282.345,3741
2025-12-11 18:45:00,4282.365,4282.395,4266.515,4267.975,3766
2025-12-11 19:00:00,4267.715,4271.225,4262.305,4271.165,5264
2025-12-11 19:15:00,4271.165,4274.475,4268.845,4272.925,3684
2025-12-11 19:30:00,4272.825,4277.495,4272.245,4274.015,2859
2025-12-11 19:45:00,4274.325,4275.785,4271.195,4273.315,2951
2025-12-11 20:00:00,4273.285,4273.955,4263.995,4269.615,3368
2025-12-11 20:15:00,4269.635,4271.045,4265.195,4268.498,4124
2025-12-11 20:30:00,4268.598,4274.248,4267.998,4273.229,4645
2025-12-11 20:45:00,4273.098,4276.298,4271.135,4275.948,5455
2025-12-11 21:00:00,4276.098,4276.098,4272.575,4272.745,1117
2025-12-11 21:15:00,4272.735,4279.375,4272.475,4279.248,809
2025-12-11 21:30:00,4279.288,4281.949,4276.695,4281.858,1373
2025-12-11 21:45:00,4281.848,4283.548,4278.408,4279.395,1708
2025-12-11 23:00:00,4278.898,4283.245,4278.898,4281.495,843
2025-12-11 23:15:00,4281.475,4282.655,4277.425,4279.765,954
2025-12-11 23:30:00,4279.725,4281.005,4271.935,4275.185,1772
2025-12-11 23:45:00,4275.125,4277.848,4273.295,4275.905,1901
2025-12-12 00:00:00,4275.905,4277.848,4273.475,4276.225,2120
2025-12-12 00:15:00,4276.195,4279.948,4275.395,4278.148,1738
2025-12-12 00:30:00,4278.148,4278.775,4273.598,4275.218,2349
2025-12-12 00:45:00,4275.185,4275.775,4268.745,4269.245,3075
2025-12-12 01:00:00,4269.265,4275.325,4265.915,4274.265,5106
2025-12-12 01:15:00,4274.295,4275.925,4264.148,4265.655,5477
2025-12-12 01:30:00,4265.705,4269.825,4264.825,4268.715,4707
2025-12-12 01:45:00,4268.685,4273.795,4267.705,4270.755,3569
2025-12-12 02:00:00,4270.705,4276.715,4270.225,4275.205,4887
2025-12-12 02:15:00,4275.245,4276.585,4271.805,4273.348,2681
2025-12-12 02:30:00,4273.365,4276.655,4272.848,4274.435,4596
2025-12-12 02:45:00,4274.535,4274.535,4269.045,4270.185,3062
2025-12-12 03:00:00,4270.155,4274.415,4269.535,4273.065,3468
2025-12-12 03:15:00,4273.145,4273.235,4268.595,4269.635,3164
2025-12-12 03:30:00,4269.645,4272.435,4268.898,4271.775,2776
2025-12-12 03:45:00,4271.825,4272.845,4270.325,4270.425,1194
2025-12-12 04:00:00,4270.405,4270.745,4268.015,4268.785,1242
2025-12-12 04:15:00,4268.755,4269.048,4266.575,4268.305,2249
2025-12-12 04:30:00,4268.285,4268.445,4266.105,4267.125,2437
2025-12-12 04:45:00,4267.025,4268.648,4266.055,4266.085,1996
2025-12-12 05:00:00,4266.135,4269.205,4265.805,4268.955,2420
2025-12-12 05:15:00,4268.898,4275.455,4268.408,4274.105,2673
2025-12-12 05:30:00,4274.075,4279.135,4274.029,4277.575,4842
2025-12-12 05:45:00,4277.595,4280.425,4276.035,4278.608,2826
2025-12-12 06:00:00,4278.608,4280.435,4276.198,4277.745,3885
2025-12-12 06:15:00,4277.715,4281.315,4276.685,4280.875,4128
2025-12-12 06:30:00,4280.815,4282.435,4279.145,4281.095,4597
2025-12-12 06:45:00,4281.135,4283.015,4281.108,4282.645,3579
2025-12-12 07:00:00,4282.675,4288.578,4281.135,4285.715,2666
2025-12-12 07:15:00,4285.695,4288.065,4284.385,4285.625,2714
2025-12-12 07:30:00,4285.655,4290.245,4284.045,4287.435,2869
2025-12-12 07:45:00,4287.485,4288.685,4285.115,4286.975,2166
2025-12-12 08:00:00,4286.895,4295.365,4286.895,4293.068,3983
2025-12-12 08:15:00,4293.068,4295.425,4290.898,4294.205,4083
2025-12-12 08:30:00,4294.255,4304.148,4294.018,4303.565,3726
2025-12-12 08:45:00,4303.595,4309.238,4301.298,4307.948,4180
2025-12-12 09:00:00,4307.998,4316.935,4306.648,4316.685,4484
2025-12-12 09:15:00,4316.725,4317.695,4312.365,4313.305,3846
2025-12-12 09:30:00,4313.215,4313.625,4307.035,4311.635,4241
2025-12-12 09:45:00,4311.665,4320.278,4311.018,4318.038,3179
2025-12-12 10:00:00,4318.078,4319.995,4314.565,4319.098,2726
2025-12-12 10:15:00,4319.105,4321.785,4316.295,4316.425,4259
2025-12-12 10:30:00,4316.455,4328.355,4316.045,4327.905,4145
2025-12-12 10:45:00,4327.875,4330.825,4325.165,4329.655,4386
2025-12-12 11:00:00,4329.645,4338.615,4326.775,4335.325,4265
2025-12-12 11:15:00,4335.385,4339.075,4331.708,4334.265,3583
2025-12-12 11:30:00,4334.285,4336.825,4329.775,4334.418,2886
2025-12-12 11:45:00,4334.455,4338.875,4334.418,4336.165,3409
2025-12-12 12:00:00,4336.135,4339.045,4331.465,4332.725,4464
2025-12-12 12:15:00,4332.665,4333.965,4330.035,4332.145,3531
2025-12-12 12:30:00,4332.165,4333.765,4327.708,4327.915,4988
2025-12-12 12:45:00,4327.935,4329.405,4324.485,4325.505,3674
2025-12-12 13:00:00,4325.873,4337.725,4321.165,4336.855,5982
2025-12-12 13:15:00,4336.875,4339.195,4334.208,4335.805,4900
2025-12-12 13:30:00,4335.835,4345.935,4335.835,4339.695,5812
2025-12-12 13:45:00,4339.675,4341.055,4332.095,4340.825,5988
2025-12-12 14:00:00,4340.835,4344.755,4338.285,4341.985,5043
2025-12-12 14:15:00,4342.015,4345.645,4338.405,4340.555,5550
2025-12-12 14:30:00,4340.575,4345.405,4330.785,4339.515,9275
2025-12-12 14:45:00,4339.595,4353.325,4336.358,4346.589,8967
2025-12-12 15:00:00,4346.589,4351.215,4340.675,4343.059,8455
2025-12-12 15:15:00,4343.059,4344.975,4298.055,4300.315,11462
2025-12-12 15:30:00,4300.265,4317.845,4295.135,4317.109,11613
2025-12-12 15:45:00,4317.109,4321.825,4282.895,4290.075,10134
2025-12-12 16:00:00,4290.055,4296.285,4273.395,4286.095,11531
2025-12-12 16:15:00,4286.075,4292.835,4271.905,4289.555,9932
2025-12-12 16:30:00,4289.685,4289.685,4256.845,4273.845,10220
2025-12-12 16:45:00,4273.875,4281.725,4270.375,4281.565,8991
2025-12-12 17:00:00,4281.785,4284.905,4270.705,4273.655,8045
2025-12-12 17:15:00,4273.395,4290.635,4272.785,4282.025,6485
2025-12-12 17:30:00,4281.995,4295.075,4281.535,4293.385,6289
2025-12-12 17:45:00,4293.285,4298.225,4291.605,4294.075,5067
2025-12-12 18:00:00,4294.105,4302.805,4291.625,4300.825,5420
2025-12-12 18:15:00,4300.875,4303.555,4293.755,4295.135,5445
2025-12-12 18:30:00,4295.335,4300.295,4291.505,4291.598,4243
2025-12-12 18:45:00,4291.625,4297.005,4290.385,4294.735,4280
2025-12-12 19:00:00,4295.005,4295.695,4289.648,4294.235,4273
2025-12-12 19:15:00,4294.058,4299.545,4293.455,4295.975,3416
2025-12-12 19:30:00,4295.995,4298.525,4293.415,4297.165,3240
2025-12-12 19:45:00,4297.215,4298.005,4294.125,4296.385,2824
2025-12-12 20:00:00,4296.365,4302.635,4295.345,4299.585,3361
2025-12-12 20:15:00,4299.555,4300.415,4290.915,4293.315,3853
2025-12-12 20:30:00,4293.405,4299.695,4288.475,4298.745,4302
2025-12-12 20:45:00,4298.725,4302.765,4293.905,4299.105,5044
2025-12-12 21:00:00,4299.135,4301.515,4298.035,4299.655,1891
2025-12-12 21:15:00,4299.565,4303.525,4298.765,4302.685,1661
2025-12-12 21:30:00,4302.775,4303.935,4300.515,4301.085,1682
2025-12-12 21:45:00,4300.885,4302.745,4297.47,4298.705,2218
2025-12-15 00:00:00,4302.155,4306.575,4299.945,4304.085,1917
2025-12-15 00:15:00,4304.055,4304.125,4300.805,4301.875,1008
2025-12-15 00:30:00,4301.875,4307.665,4301.795,4305.145,1742
2025-12-15 00:45:00,4305.198,4307.575,4303.098,4307.198,2380
2025-12-15 01:00:00,4307.198,4313.735,4305.275,4313.045,5820
2025-12-15 01:15:00,4313.025,4315.625,4309.405,4314.865,4293
2025-12-15 01:30:00,4314.925,4324.595,4314.335,4319.575,3744
2025-12-15 01:45:00,4319.605,4325.555,4319.338,4322.315,3548
2025-12-15 02:00:00,4322.125,4326.685,4320.478,4321.275,3945
2025-12-15 02:15:00,4321.305,4324.865,4320.925,4324.035,2271
2025-12-15 02:30:00,4324.125,4329.005,4323.935,4328.685,3629
2025-12-15 02:45:00,4328.735,4329.025,4324.935,4326.055,2702
2025-12-15 03:00:00,4326.105,4329.415,4322.545,4323.115,4333
2025-12-15 03:15:00,4323.085,4324.165,4319.065,4323.645,3562
2025-12-15 03:30:00,4323.745,4328.555,4323.645,4327.655,2686
2025-12-15 03:45:00,4327.695,4327.735,4324.955,4327.005,2864
2025-12-15 04:00:00,4326.955,4329.485,4325.345,4327.935,2474
2025-12-15 04:15:00,4327.985,4329.835,4326.375,4327.535,2213
2025-12-15 04:30:00,4327.585,4327.875,4322.915,4326.355,1938
2025-12-15 04:45:00,4326.315,4327.755,4324.625,4325.885,2135
2025-12-15 05:00:00,4325.945,4327.365,4324.545,4326.145,2215
2025-12-15 05:15:00,4326.185,4330.815,4325.815,4329.435,2499
2025-12-15 05:30:00,4329.405,4339.885,4329.045,4338.498,4696
2025-12-15 05:45:00,4338.525,4344.155,4337.735,4343.335,3830
2025-12-15 06:00:00,4343.315,4345.415,4339.128,4342.745,3833
2025-12-15 06:15:00,4342.745,4345.255,4342.095,4343.595,4263
2025-12-15 06:30:00,4343.615,4345.535,4341.855,4345.195,3340
2025-12-15 06:45:00,4345.165,4347.185,4342.755,4343.315,3420
2025-12-15 07:00:00,4343.315,4344.095,4340.498,4342.245,2778
2025-12-15 07:15:00,4342.245,4344.445,4341.235,4343.815,2389
2025-12-15 07:30:00,4343.745,4344.135,4333.258,4339.415,3290
2025-12-15 07:45:00,4339.455,4341.735,4338.655,4338.985,2712
2025-12-15 08:00:00,4338.975,4344.175,4338.465,4342.615,3150
2025-12-15 08:15:00,4342.595,4346.498,4341.025,4345.585,4022
2025-12-15 08:30:00,4345.525,4346.645,4343.458,4344.895,2869
2025-12-15 08:45:00,4344.855,4348.815,4344.355,4346.785,3005
2025-12-15 09:00:00,4346.615,4349.395,4342.998,4348.755,3226
2025-12-15 09:15:00,4348.715,4349.995,4344.258,4347.338,2861
2025-12-15 09:30:00,4347.329,4349.875,4344.099,4344.935,2682
2025-12-15 09:45:00,4344.965,4345.675,4342.145,4342.305,2518
2025-12-15 10:00:00,4342.345,4344.165,4340.585,4343.215,1820
2025-12-15 10:15:00,4343.255,4347.925,4341.885,4342.465,1867
2025-12-15 10:30:00,4342.615,4343.265,4337.505,4338.465,2759
2025-12-15 10:45:00,4338.415,4342.035,4337.875,4339.279,2397
2025-12-15 11:00:00,4339.279,4339.279,4335.008,4338.145,2372
2025-12-15 11:15:00,4338.145,4341.445,4335.515,4340.655,1979
2025-12-15 11:30:00,4340.645,4341.525,4338.935,4340.515,1687
2025-12-15 11:45:00,4340.545,4343.415,4339.165,4342.575,2175
2025-12-15 12:00:00,4342.555,4345.515,4342.338,4343.565,2616
2025-12-15 12:15:00,4343.555,4346.455,4342.765,4346.205,2612
2025-12-15 12:30:00,4346.225,4348.195,4344.695,4345.275,2735
2025-12-15 12:45:00,4345.255,4346.995,4343.255,4345.545,2685
2025-12-15 13:00:00,4345.515,4345.985,4333.255,4335.545,6413
2025-12-15 13:15:00,4335.435,4341.235,4334.298,4339.195,4398
2025-12-15 13:30:00,4339.195,4341.655,4335.405,4338.195,3685
2025-12-15 13:45:00,4338.165,4344.265,4330.398,4331.785,5458
2025-12-15 14:00:00,4331.815,4336.555,4328.145,4328.785,4908
2025-12-15 14:15:00,4328.755,4332.165,4321.165,4324.995,5240
2025-12-15 14:30:00,4324.829,4334.995,4320.385,4328.005,8486
2025-12-15 14:45:00,4327.975,4331.165,4317.175,4323.405,8470
2025-12-15 15:00:00,4323.385,4327.055,4312.195,4322.515,9376
2025-12-15 15:15:00,4322.605,4327.415,4311.315,4313.965,9424
2025-12-15 15:30:00,4313.995,4324.475,4312.845,4323.045,6987
2025-12-15 15:45:00,4323.075,4327.625,4316.745,4318.035,6271
2025-12-15 16:00:00,4318.005,4318.695,4300.685,4303.185,8494
2025-12-15 16:15:00,4303.125,4305.505,4292.785,4295.995,7781
2025-12-15 16:30:00,4295.955,4299.825,4285.055,4296.315,7980
2025-12-15 16:45:00,4296.355,4299.585,4292.225,4297.405,7352
2025-12-15 17:00:00,4297.375,4299.945,4290.635,4296.885,5979
2025-12-15 17:15:00,4296.855,4303.455,4293.085,4301.945,4640
2025-12-15 17:30:00,4301.718,4305.005,4300.105,4303.855,5139
2025-12-15 17:45:00,4303.895,4306.405,4301.765,4304.195,4727
2025-12-15 18:00:00,4304.245,4305.085,4301.045,4302.525,3898
2025-12-15 18:15:00,4302.605,4306.435,4299.675,4305.455,4299
2025-12-15 18:30:00,4305.335,4309.985,4302.425,4309.625,4388
2025-12-15 18:45:00,4309.645,4313.405,4307.719,4312.935,2968
2025-12-15 19:00:00,4312.915,4317.548,4311.875,4312.455,4441
2025-12-15 19:15:00,4312.415,4314.328,4308.935,4309.125,3172
2025-12-15 19:30:00,4309.095,4312.065,4307.645,4311.205,3044
2025-12-15 19:45:00,4311.095,4314.345,4309.935,4314.015,3138
2025-12-15 20:00:00,4314.035,4314.198,4311.225,4311.395,3395
2025-12-15 20:15:00,4311.508,4311.508,4299.365,4304.925,4828
2025-12-15 20:30:00,4304.865,4307.495,4300.335,4305.645,3737
2025-12-15 20:45:00,4305.615,4307.525,4303.905,4304.335,4209
2025-12-15 21:00:00,4304.335,4305.495,4300.555,4304.255,1564
2025-12-15 21:15:00,4304.325,4304.765,4302.565,4303.505,942
2025-12-15 21:30:00,4303.535,4304.298,4300.935,4301.845,1221
2025-12-15 21:45:00,4301.885,4305.538,4301.735,4303.995,1083
2025-12-15 23:00:00,4304.898,4309.098,4304.695,4305.698,909
2025-12-15 23:15:00,4305.698,4309.425,4305.698,4307.195,860
2025-12-15 23:30:00,4307.298,4308.175,4305.705,4306.645,819
2025-12-15 23:45:00,4306.615,4307.835,4303.175,4303.965,1096
2025-12-16 00:00:00,4303.955,4308.945,4302.645,4307.185,1690
2025-12-16 00:15:00,4307.275,4309.865,4304.305,4309.445,2162
2025-12-16 00:30:00,4309.495,4313.015,4307.605,4311.505,2445
2025-12-16 00:45:00,4311.605,4311.725,4305.495,4307.645,1938
2025-12-16 01:00:00,4307.995,4308.245,4298.895,4303.875,5712
2025-12-16 01:15:00,4303.835,4311.815,4303.665,4311.225,4552
2025-12-16 01:30:00,4311.185,4317.695,4311.015,4314.515,5000
2025-12-16 01:45:00,4314.465,4315.945,4304.345,4308.555,4587
2025-12-16 02:00:00,4308.455,4311.795,4305.575,4310.535,4506
2025-12-16 02:15:00,4310.575,4312.045,4307.215,4310.685,3344
2025-12-16 02:30:00,4310.665,4311.955,4305.395,4309.165,4809
2025-12-16 02:45:00,4309.135,4309.585,4286.335,4289.475,5723
2025-12-16 03:00:00,4289.435,4294.295,4280.575,4282.135,5525
2025-12-16 03:15:00,4282.115,4288.095,4280.385,4287.475,4704
2025-12-16 03:30:00,4287.525,4288.835,4282.865,4284.975,3693
2025-12-16 03:45:00,4284.945,4291.435,4282.715,4290.725,3245
2025-12-16 04:00:00,4290.695,4292.035,4286.595,4287.685,2496
2025-12-16 04:15:00,4287.655,4290.505,4286.475,4288.045,2416
2025-12-16 04:30:00,4288.065,4291.585,4288.025,4289.355,2192
2025-12-16 04:45:00,4289.325,4290.405,4287.425,4288.925,2350
2025-12-16 05:00:00,4288.885,4292.055,4285.445,4285.845,2824
2025-12-16 05:15:00,4285.865,4286.095,4279.725,4280.465,3269
2025-12-16 05:30:00,4280.545,4280.965,4271.125,4279.265,5495
2025-12-16 05:45:00,4279.285,4287.505,4279.145,4283.865,3448
2025-12-16 06:00:00,4283.955,4288.255,4282.275,4286.405,4124
2025-12-16 06:15:00,4286.435,4289.835,4284.935,4286.755,4181
2025-12-16 06:30:00,4286.755,4291.965,4285.725,4290.955,3940
2025-12-16 06:45:00,4290.995,4291.995,4287.255,4289.085,3112
2025-12-16 07:00:00,4289.145,4289.735,4284.645,4285.885,2665
2025-12-16 07:15:00,4285.895,4286.405,4279.245,4280.905,2730
2025-12-16 07:30:00,4280.855,4288.255,4279.865,4283.965,2860
2025-12-16 07:45:00,4283.925,4288.148,4282.935,4287.455,2831
2025-12-16 08:00:00,4287.355,4289.215,4280.155,4281.325,3173
2025-12-16 08:15:00,4281.365,4281.465,4275.498,4278.915,3240
2025-12-16 08:30:00,4278.585,4283.075,4275.225,4282.985,3114
2025-12-16 08:45:00,4282.955,4286.765,4282.515,4284.415,2910
2025-12-16 09:00:00,4284.375,4285.645,4280.975,4284.735,2519
2025-12-16 09:15:00,4284.705,4284.705,4281.255,4281.505,2232
2025-12-16 09:30:00,4281.455,4283.555,4279.765,4282.595,2909
2025-12-16 09:45:00,4282.515,4282.515,4276.245,4280.215,3342
2025-12-16 10:00:00,4280.275,4284.165,4276.465,4277.715,3312
2025-12-16 10:15:00,4277.695,4281.745,4276.525,4277.545,2100
2025-12-16 10:30:00,4277.505,4279.015,4274.428,4278.915,2380
2025-12-16 10:45:00,4278.945,4281.395,4275.235,4277.235,3060
2025-12-16 11:00:00,4277.005,4278.475,4274.055,4275.925,2119
2025-12-16 11:15:00,4275.885,4277.725,4273.585,4277.295,2775
2025-12-16 11:30:00,4277.355,4279.435,4275.285,4276.255,2393
2025-12-16 11:45:00,4276.225,4278.805,4275.995,4278.345,2355
2025-12-16 12:00:00,4278.345,4288.575,4276.605,4287.615,4876
2025-12-16 12:15:00,4287.585,4292.695,4287.585,4291.385,3887
2025-12-16 12:30:00,4291.415,4293.475,4287.575,4293.215,2701
2025-12-16 12:45:00,4293.245,4294.675,4291.989,4294.295,2091
2025-12-16 13:00:00,4294.325,4297.668,4290.678,4295.528,4328
2025-12-16 13:15:00,4295.485,4301.695,4293.385,4300.815,4527
2025-12-16 13:30:00,4300.978,4312.385,4300.678,4304.005,8121
2025-12-16 13:45:00,4304.025,4313.075,4299.595,4312.795,5352
2025-12-16 14:00:00,4312.825,4320.165,4311.185,4319.088,6186
2025-12-16 14:15:00,4319.088,4330.325,4317.878,4325.545,5967
2025-12-16 14:30:00,4325.425,4331.745,4321.515,4325.545,7763
2025-12-16 14:45:00,4325.565,4331.885,4322.875,4324.225,7613
2025-12-16 15:00:00,4324.305,4334.935,4320.665,4323.945,7811
2025-12-16 15:15:00,4323.915,4325.755,4312.265,4320.995,7208
2025-12-16 15:30:00,4321.055,4329.875,4319.598,4322.025,6193
2025-12-16 15:45:00,4321.855,4329.235,4318.975,4319.625,5571
2025-12-16 16:00:00,4319.595,4323.085,4312.655,4315.325,5998
2025-12-16 16:15:00,4315.305,4315.305,4303.495,4307.435,5646
2025-12-16 16:30:00,4307.405,4307.405,4291.075,4294.555,6700
2025-12-16 16:45:00,4294.525,4302.785,4293.305,4300.355,6224
2025-12-16 17:00:00,4300.385,4310.785,4300.385,4304.175,6045
2025-12-16 17:15:00,4304.155,4306.145,4300.015,4302.805,5499
2025-12-16 17:30:00,4302.775,4308.745,4302.095,4305.785,4433
2025-12-16 17:45:00,4305.815,4306.235,4300.365,4303.415,5617
2025-12-16 18:00:00,4303.385,4305.755,4299.465,4302.995,5705
2025-12-16 18:15:00,4302.985,4303.985,4298.015,4301.685,4447
2025-12-16 18:30:00,4301.655,4310.635,4301.065,4308.635,3886
2025-12-16 18:45:00,4308.575,4313.295,4307.905,4311.165,3352
2025-12-16 19:00:00,4311.135,4311.485,4303.715,4305.685,3246
2025-12-16 19:15:00,4305.585,4309.835,4296.865,4305.405,4758
2025-12-16 19:30:00,4305.385,4309.948,4304.545,4309.548,4907
2025-12-16 19:45:00,4309.548,4315.535,4308.768,4310.315,4040
2025-12-16 20:00:00,4310.299,4314.125,4309.859,4311.885,3449
2025-12-16 20:15:00,4311.885,4311.885,4307.705,4310.555,3380
2025-12-16 20:30:00,4310.555,4311.488,4307.548,4309.105,3699
2025-12-16 20:45:00,4309.055,4311.985,4302.548,4304.445,3820
2025-12-16 21:00:00,4304.425,4305.305,4300.765,4302.115,1868
2025-12-16 21:15:00,4302.255,4302.675,4300.535,4302.145,1267
2025-12-16 21:30:00,4301.955,4304.748,4300.925,4302.655,773
2025-12-16 21:45:00,4302.595,4303.745,4301.015,4301.045,726
2025-12-16 23:00:00,4302.098,4304.435,4300.848,4304.025,708
2025-12-16 23:15:00,4303.995,4306.665,4303.875,4306.115,724
2025-12-16 23:30:00,4306.175,4308.045,4305.065,4307.085,789
2025-12-16 23:45:00,4307.055,4308.875,4306.705,4307.695,805
2025-12-17 00:00:00,4307.765,4312.885,4307.275,4312.248,1092
2025-12-17 00:15:00,4312.248,4314.915,4311.748,4313.255,1140
2025-12-17 00:30:00,4312.965,4314.325,4311.015,4312.375,1098
2025-12-17 00:45:00,4312.325,4314.175,4311.685,4312.895,1711
2025-12-17 01:00:00,4312.895,4319.968,4311.275,4317.695,5045
2025-12-17 01:15:00,4317.675,4319.285,4312.995,4316.745,4845
2025-12-17 01:30:00,4316.815,4325.155,4315.905,4322.905,6011
2025-12-17 01:45:00,4322.865,4326.495,4321.775,4326.415,4655
2025-12-17 02:00:00,4326.475,4327.565,4318.035,4320.075,4475
2025-12-17 02:15:00,4320.045,4323.475,4319.225,4320.355,2766
2025-12-17 02:30:00,4320.395,4322.745,4313.795,4316.345,4467
2025-12-17 02:45:00,4316.375,4316.655,4310.885,4314.048,3850
2025-12-17 03:00:00,4313.995,4319.975,4312.348,4315.225,4479
2025-12-17 03:15:00,4315.175,4319.375,4314.295,4318.535,3369
2025-12-17 03:30:00,4318.385,4323.485,4317.979,4321.355,3177
2025-12-17 03:45:00,4321.255,4324.935,4321.105,4323.565,2650
2025-12-17 04:00:00,4323.585,4325.745,4320.985,4324.215,2192
2025-12-17 04:15:00,4324.265,4324.795,4321.905,4322.435,1985
2025-12-17 04:30:00,4322.415,4329.805,4320.285,4329.348,2156
2025-12-17 04:45:00,4329.365,4331.345,4328.175,4329.475,2328
2025-12-17 05:00:00,4329.505,4334.245,4327.845,4332.185,2981
2025-12-17 05:15:00,4332.125,4337.635,4330.285,4330.805,3526
2025-12-17 05:30:00,4330.765,4339.895,4330.765,4338.055,4954
2025-12-17 05:45:00,4338.095,4342.255,4333.335,4333.568,4271
2025-12-17 06:00:00,4333.568,4337.475,4331.365,4336.435,3385
2025-12-17 06:15:00,4336.405,4336.725,4330.265,4332.295,4212
2025-12-17 06:30:00,4332.285,4333.005,4326.855,4329.095,4092
2025-12-17 06:45:00,4329.095,4330.445,4324.448,4328.515,4006
2025-12-17 07:00:00,4328.535,4328.535,4322.245,4324.805,3262
2025-12-17 07:15:00,4324.815,4325.465,4319.265,4322.835,2668
2025-12-17 07:30:00,4322.855,4324.425,4315.935,4315.965,2565
2025-12-17 07:45:00,4315.945,4318.945,4315.375,4317.715,2560
2025-12-17 08:00:00,4317.625,4320.748,4308.145,4313.535,4339
2025-12-17 08:15:00,4313.495,4317.685,4312.315,4316.005,3978
2025-12-17 08:30:00,4315.985,4319.475,4314.455,4314.995,3192
2025-12-17 08:45:00,4314.945,4320.585,4312.905,4318.955,2138
2025-12-17 09:00:00,4318.935,4323.075,4317.565,4320.865,2644
2025-12-17 09:15:00,4320.765,4322.405,4316.905,4322.085,2305
2025-12-17 09:30:00,4322.085,4322.085,4318.625,4318.825,1915
2025-12-17 09:45:00,4319.135,4321.878,4315.755,4316.715,2559
2025-12-17 10:00:00,4316.695,4319.335,4315.945,4319.325,1858
2025-12-17 10:15:00,4319.295,4322.045,4317.815,4319.685,2157
2025-12-17 10:30:00,4319.535,4319.865,4306.305,4314.845,3094
2025-12-17 10:45:00,4314.805,4317.865,4313.065,4317.505,2033
2025-12-17 11:00:00,4317.535,4319.325,4316.485,4317.615,1697
2025-12-17 11:15:00,4317.665,4320.235,4315.645,4317.965,1889
2025-12-17 11:30:00,4317.925,4318.685,4314.938,4316.155,1837
2025-12-17 11:45:00,4316.135,4318.625,4315.085,4316.115,2058
2025-12-17 12:00:00,4316.125,4318.065,4314.725,4316.315,1924
2025-12-17 12:15:00,4316.478,4322.948,4315.865,4321.055,2525
2025-12-17 12:30:00,4321.095,4322.025,4316.055,4317.235,2153
2025-12-17 12:45:00,4317.165,4318.085,4315.545,4317.345,2110
2025-12-17 13:00:00,4317.445,4327.785,4314.855,4323.075,4599
2025-12-17 13:15:00,4322.915,4331.375,4322.755,4327.815,5204
2025-12-17 13:30:00,4327.865,4339.115,4327.865,4338.175,4618
2025-12-17 13:45:00,4338.205,4343.878,4332.865,4341.878,5302
2025-12-17 14:00:00,4341.878,4345.825,4326.765,4327.325,6099
2025-12-17 14:15:00,4327.275,4331.085,4322.725,4328.795,7784
2025-12-17 14:30:00,4328.895,4338.325,4325.375,4338.065,9489
2025-12-17 14:45:00,4338.075,4342.425,4334.385,4337.885,8993
2025-12-17 15:00:00,4337.849,4345.155,4334.785,4342.755,7271
2025-12-17 15:15:00,4342.735,4344.595,4332.735,4343.395,7336
2025-12-17 15:30:00,4343.335,4348.675,4328.035,4331.895,8479
2025-12-17 15:45:00,4331.895,4336.635,4324.035,4330.115,8388
2025-12-17 16:00:00,4330.355,4334.455,4324.235,4327.325,7265
2025-12-17 16:15:00,4326.888,4331.768,4319.985,4326.455,6708
2025-12-17 16:30:00,4326.505,4334.005,4323.495,4333.065,5641
2025-12-17 16:45:00,4333.345,4337.375,4330.505,4333.345,6348
2025-12-17 17:00:00,4333.335,4335.245,4328.335,4332.505,5898
2025-12-17 17:15:00,4332.485,4339.815,4330.055,4336.915,5138
2025-12-17 17:30:00,4336.995,4341.335,4336.005,4338.605,4708
2025-12-17 17:45:00,4338.625,4342.345,4335.585,4342.345,4692
2025-12-17 18:00:00,4342.365,4346.375,4342.295,4343.025,4032
2025-12-17 18:15:00,4342.915,4342.975,4338.055,4341.585,5568
2025-12-17 18:30:00,4341.555,4343.805,4330.028,4332.059,5416
2025-12-17 18:45:00,4332.109,4336.215,4328.548,4335.955,5561
2025-12-17 19:00:00,4335.925,4337.645,4333.075,4336.895,3768
2025-12-17 19:15:00,4336.865,4340.485,4335.755,4339.645,3032
2025-12-17 19:30:00,4339.615,4340.785,4334.195,4334.975,3275
2025-12-17 19:45:00,4335.005,4337.075,4330.095,4336.895,3446
2025-12-17 20:00:00,4336.935,4339.535,4335.085,4339.075,2959
2025-12-17 20:15:00,4339.045,4342.465,4338.945,4341.265,3639
2025-12-17 20:30:00,4341.245,4342.675,4338.375,4341.705,3897
2025-12-17 20:45:00,4341.745,4345.835,4339.405,4341.265,4978
2025-12-17 21:00:00,4341.275,4345.615,4340.475,4343.575,1462
2025-12-17 21:15:00,4343.535,4346.135,4343.185,4343.865,1059
2025-12-17 21:30:00,4343.848,4344.465,4339.418,4339.685,1286
2025-12-17 21:45:00,4339.715,4341.785,4337.305,4337.335,1239
2025-12-17 23:00:00,4339.53,4340.248,4335.415,4335.815,959
2025-12-17 23:15:00,4335.835,4338.885,4335.515,4337.665,985
2025-12-17 23:30:00,4337.795,4339.985,4336.975,4338.675,900
2025-12-17 23:45:00,4338.695,4343.048,4338.148,4338.648,1728
2025-12-18 00:00:00,4338.648,4340.748,4336.355,4338.145,2010
2025-12-18 00:15:00,4338.125,4342.735,4336.975,4337.408,1734
2025-12-18 00:30:00,4337.425,4340.335,4336.525,4336.535,2399
2025-12-18 00:45:00,4336.495,4336.965,4332.955,4334.605,2972
2025-12-18 01:00:00,4334.635,4336.875,4328.315,4329.745,5701
2025-12-18 01:15:00,4329.715,4331.675,4324.525,4324.525,4826
2025-12-18 01:30:00,4324.585,4328.245,4324.205,4326.505,4759
2025-12-18 01:45:00,4326.555,4331.655,4324.495,4331.445,4220
2025-12-18 02:00:00,4331.405,4335.065,4329.895,4330.715,3666
2025-12-18 02:15:00,4330.765,4336.115,4329.665,4334.315,3742
2025-12-18 02:30:00,4334.375,4337.615,4333.705,4333.775,4172
2025-12-18 02:45:00,4333.775,4334.055,4330.455,4332.965,3901
2025-12-18 03:00:00,4332.925,4335.675,4330.685,4335.485,3328
2025-12-18 03:15:00,4335.479,4336.565,4331.705,4332.945,3076
2025-12-18 03:30:00,4332.975,4335.295,4331.995,4332.035,3229
2025-12-18 03:45:00,4331.995,4333.405,4330.945,4332.955,3379
2025-12-18 04:00:00,4332.925,4333.295,4329.295,4330.155,2516
2025-12-18 04:15:00,4330.115,4331.995,4328.775,4330.285,1769
2025-12-18 04:30:00,4330.225,4331.505,4328.375,4329.345,2349
2025-12-18 04:45:00,4329.325,4332.305,4329.175,4331.595,3110
2025-12-18 05:00:00,4331.529,4336.965,4330.805,4336.885,2787
2025-12-18 05:15:00,4336.915,4337.215,4334.615,4335.645,3176
2025-12-18 05:30:00,4335.615,4336.935,4332.475,4336.465,3818
2025-12-18 05:45:00,4336.388,4336.705,4331.975,4333.035,3956
2025-12-18 06:00:00,4332.985,4335.245,4330.445,4334.225,4549
2025-12-18 06:15:00,4334.205,4335.205,4331.695,4333.315,3669
2025-12-18 06:30:00,4333.395,4335.895,4333.045,4333.365,3208
2025-12-18 06:45:00,4333.395,4334.715,4331.705,4333.705,4084
2025-12-18 07:00:00,4333.765,4334.665,4329.835,4330.675,1990
2025-12-18 07:15:00,4330.695,4334.945,4330.245,4334.705,1839
2025-12-18 07:30:00,4334.785,4337.595,4332.705,4333.185,2347
2025-12-18 07:45:00,4333.255,4333.925,4331.135,4331.205,2241
2025-12-18 08:00:00,4331.185,4332.375,4324.585,4328.175,3741
2025-12-18 08:15:00,4328.115,4329.495,4325.555,4326.805,3415
2025-12-18 08:30:00,4326.785,4328.665,4324.855,4328.215,2599
2025-12-18 08:45:00,4328.235,4328.505,4321.665,4326.315,3045
2025-12-18 09:00:00,4326.355,4328.445,4324.355,4326.145,4091
2025-12-18 09:15:00,4326.145,4328.055,4323.315,4324.575,3804
2025-12-18 09:30:00,4324.565,4326.755,4320.828,4324.175,3984
2025-12-18 09:45:00,4324.155,4324.285,4320.485,4323.275,3685
2025-12-18 10:00:00,4323.245,4325.685,4322.765,4324.485,2477
2025-12-18 10:15:00,4324.505,4325.295,4322.875,4323.225,2126
2025-12-18 10:30:00,4323.505,4327.195,4321.765,4326.675,1988
2025-12-18 10:45:00,4326.655,4327.375,4323.805,4325.235,3071
2025-12-18 11:00:00,4325.255,4328.555,4324.035,4327.085,2803
2025-12-18 11:15:00,4327.155,4328.115,4325.145,4325.625,2779
2025-12-18 11:30:00,4325.625,4327.015,4324.995,4326.425,2661
2025-12-18 11:45:00,4326.425,4326.695,4324.455,4325.465,2900
2025-12-18 12:00:00,4325.455,4326.435,4321.425,4323.745,3283
2025-12-18 12:15:00,4323.775,4324.075,4317.005,4319.165,3248
2025-12-18 12:30:00,4319.148,4323.335,4318.325,4322.315,3263
2025-12-18 12:45:00,4322.255,4322.535,4319.915,4320.585,2848
2025-12-18 13:00:00,4320.525,4323.915,4314.435,4316.155,5234
2025-12-18 13:15:00,4316.085,4323.725,4315.665,4320.495,5048
2025-12-18 13:30:00,4320.505,4338.155,4320.455,4336.405,7273
2025-12-18 13:45:00,4336.195,4342.845,4334.775,4336.315,5803
2025-12-18 14:00:00,4336.315,4341.115,4332.738,4336.075,5998
2025-12-18 14:15:00,4336.075,4338.665,4332.205,4332.405,5569
2025-12-18 14:30:00,4332.495,4340.965,4311.205,4314.025,9893
2025-12-18 14:45:00,4314.115,4329.855,4308.285,4328.295,8676
2025-12-18 15:00:00,4328.375,4336.715,4326.268,4330.475,7887
2025-12-18 15:15:00,4330.455,4334.055,4324.745,4332.745,7694
2025-12-18 15:30:00,4332.595,4341.385,4330.945,4337.175,5981
2025-12-18 15:45:00,4337.195,4341.045,4334.105,4337.868,5692
2025-12-18 16:00:00,4337.745,4367.915,4337.495,4361.939,7579
2025-12-18 16:15:00,4361.939,4374.395,4361.698,4366.995,7883
2025-12-18 16:30:00,4367.015,4371.545,4363.155,4366.705,5996
2025-12-18 16:45:00,4366.735,4369.315,4356.025,4360.015,5922
2025-12-18 17:00:00,4360.195,4363.095,4322.335,4328.185,10022
2025-12-18 17:15:00,4328.145,4332.615,4321.765,4327.645,8401
2025-12-18 17:30:00,4327.685,4341.285,4326.035,4337.095,6583
2025-12-18 17:45:00,4337.125,4338.085,4324.695,4333.075,5706
2025-12-18 18:00:00,4333.135,4340.655,4331.315,4339.145,4778
2025-12-18 18:15:00,4339.155,4341.065,4331.565,4331.985,5565
2025-12-18 18:30:00,4331.965,4340.055,4331.675,4333.485,4008
2025-12-18 18:45:00,4333.465,4334.105,4325.465,4331.555,4857
2025-12-18 19:00:00,4331.555,4332.685,4326.225,4329.055,4735
2025-12-18 19:15:00,4329.085,4334.105,4328.325,4333.505,4474
2025-12-18 19:30:00,4333.525,4334.635,4327.385,4329.335,5634
2025-12-18 19:45:00,4329.315,4330.435,4322.525,4324.735,5039
2025-12-18 20:00:00,4324.795,4335.615,4324.355,4333.388,5052
2025-12-18 20:15:00,4333.455,4333.755,4328.169,4332.165,4612
2025-12-18 20:30:00,4332.125,4338.085,4330.805,4335.855,5080
2025-12-18 20:45:00,4335.835,4336.135,4332.005,4334.675,5021
2025-12-18 21:00:00,4334.585,4334.585,4331.125,4332.455,1503
2025-12-18 21:15:00,4332.495,4332.845,4330.495,4331.825,1376
2025-12-18 21:30:00,4331.765,4332.425,4328.315,4330.535,1109
2025-12-18 21:45:00,4330.618,4333.615,4330.618,4330.625,1336
2025-12-18 23:00:00,4331.698,4335.798,4331.395,4334.298,485
2025-12-18 23:15:00,4334.498,4336.198,4333.635,4333.635,562
2025-12-18 23:30:00,4333.628,4335.295,4333.285,4333.775,614
2025-12-18 23:45:00,4333.825,4336.695,4333.535,4334.865,802
2025-12-19 00:00:00,4334.845,4335.495,4329.115,4329.745,1400
2025-12-19 00:15:00,4329.725,4331.875,4327.665,4331.055,1071
2025-12-19 00:30:00,4331.115,4332.185,4327.535,4328.215,958
2025-12-19 00:45:00,4328.185,4330.875,4325.555,4325.855,1383
2025-12-19 01:00:00,4325.875,4327.295,4320.065,4325.575,5206
2025-12-19 01:15:00,4325.625,4328.305,4309.825,4312.945,4434
2025-12-19 01:30:00,4312.985,4318.715,4308.715,4317.195,4535
2025-12-19 01:45:00,4317.235,4323.785,4316.545,4323.035,3089
2025-12-19 02:00:00,4323.155,4327.705,4323.035,4324.025,2619
2025-12-19 02:15:00,4323.825,4324.525,4321.415,4324.345,1259
2025-12-19 02:30:00,4324.365,4325.845,4314.425,4315.755,2937
2025-12-19 02:45:00,4315.765,4318.285,4313.965,4316.485,2862
2025-12-19 03:00:00,4316.455,4317.665,4312.485,4316.105,3296
2025-12-19 03:15:00,4316.115,4321.298,4312.595,4319.045,3679
2025-12-19 03:30:00,4319.025,4322.215,4317.015,4319.385,1718
2025-12-19 03:45:00,4319.325,4320.835,4317.395,4317.835,1806
2025-12-19 04:00:00,4317.805,4319.648,4317.485,4318.855,1515
2025-12-19 04:15:00,4318.895,4319.815,4316.725,4317.195,2618
2025-12-19 04:30:00,4317.155,4321.445,4317.005,4320.125,2721
2025-12-19 04:45:00,4320.365,4322.705,4319.485,4322.495,2469
2025-12-19 05:00:00,4322.525,4323.625,4318.145,4318.405,2127
2025-12-19 05:15:00,4318.315,4320.655,4317.305,4319.695,1545
2025-12-19 05:30:00,4319.725,4326.435,4319.615,4324.925,4218
2025-12-19 05:45:00,4324.965,4328.755,4324.555,4325.685,5279
2025-12-19 06:00:00,4325.665,4327.285,4324.025,4326.895,3320
2025-12-19 06:15:00,4327.185,4329.315,4326.045,4326.975,3697
2025-12-19 06:30:00,4326.995,4327.935,4321.415,4324.025,4114
2025-12-19 06:45:00,4323.935,4326.985,4322.345,4326.155,3292
2025-12-19 07:00:00,4326.135,4328.175,4322.785,4326.995,2743
2025-12-19 07:15:00,4326.975,4327.595,4322.915,4327.365,2556
2025-12-19 07:30:00,4327.325,4329.415,4324.715,4324.745,1894
2025-12-19 07:45:00,4324.805,4325.135,4321.398,4322.445,2594
2025-12-19 08:00:00,4322.335,4324.545,4320.815,4322.715,2517
2025-12-19 08:15:00,4322.715,4325.925,4322.115,4324.855,2478
2025-12-19 08:30:00,4324.835,4330.695,4324.775,4327.655,3046
2025-12-19 08:45:00,4327.658,4328.415,4325.735,4325.785,3121
2025-12-19 09:00:00,4325.735,4327.325,4324.195,4326.615,2101
2025-12-19 09:15:00,4326.635,4328.195,4325.695,4326.735,1846
2025-12-19 09:30:00,4326.665,4330.845,4325.615,4330.415,2295
2025-12-19 09:45:00,4330.435,4333.475,4327.065,4329.255,3567
2025-12-19 10:00:00,4329.275,4331.515,4327.885,4330.108,2081
2025-12-19 10:15:00,4330.108,4331.195,4326.865,4327.135,2207
2025-12-19 10:30:00,4327.075,4327.605,4322.235,4327.075,2430
2025-12-19 10:45:00,4327.035,4329.415,4326.455,4327.605,1952
2025-12-19 11:00:00,4327.515,4328.845,4325.425,4326.215,2592
2025-12-19 11:15:00,4326.145,4328.495,4325.515,4326.848,1763
2025-12-19 11:30:00,4326.848,4327.698,4324.915,4327.165,2585
2025-12-19 11:45:00,4327.195,4329.325,4326.475,4327.075,2678
2025-12-19 12:00:00,4327.075,4327.295,4320.475,4323.875,3249
2025-12-19 12:15:00,4323.835,4327.655,4323.115,4325.445,2534
2025-12-19 12:30:00,4325.535,4328.685,4324.025,4325.655,2092
2025-12-19 12:45:00,4325.695,4327.025,4323.045,4326.468,2830
2025-12-19 13:00:00,4326.475,4334.595,4325.815,4329.908,4406
2025-12-19 13:15:00,4329.915,4335.045,4327.355,4334.715,4655
2025-12-19 13:30:00,4334.765,4335.155,4328.565,4329.375,4427
2025-12-19 13:45:00,4329.285,4332.455,4327.095,4328.075,3901
2025-12-19 14:00:00,4328.105,4334.035,4325.085,4327.905,5633
2025-12-19 14:15:00,4327.795,4330.105,4325.235,4327.535,4118
2025-12-19 14:30:00,4327.485,4337.715,4326.525,4334.605,7455
2025-12-19 14:45:00,4334.635,4334.845,4319.528,4331.975,7367
2025-12-19 15:00:00,4331.905,4345.295,4331.715,4341.505,6785
2025-12-19 15:15:00,4341.435,4346.395,4334.975,4337.325,6388
2025-12-19 15:30:00,4337.385,4344.575,4336.325,4339.745,5991
2025-12-19 15:45:00,4339.775,4348.975,4339.665,4347.635,5296
2025-12-19 16:00:00,4347.595,4354.388,4342.745,4342.855,6755
2025-12-19 16:15:00,4342.835,4347.165,4341.845,4346.449,5114
2025-12-19 16:30:00,4346.488,4350.125,4343.035,4345.325,4447
2025-12-19 16:45:00,4345.375,4351.035,4344.245,4349.705,5153
2025-12-19 17:00:00,4349.725,4353.575,4346.798,4346.828,4215
2025-12-19 17:15:00,4346.838,4352.518,4346.798,4351.755,4120
2025-12-19 17:30:00,4351.725,4353.815,4349.745,4351.165,3473
2025-12-19 17:45:00,4351.205,4355.715,4350.315,4353.305,3677
2025-12-19 18:00:00,4353.345,4354.578,4350.165,4353.575,4139
2025-12-19 18:15:00,4353.555,4356.365,4351.828,4354.335,4613
2025-12-19 18:30:00,4354.285,4354.765,4344.598,4344.698,3819
2025-12-19 18:45:00,4344.458,4349.575,4342.995,4348.365,3405
2025-12-19 19:00:00,4348.385,4350.375,4346.275,4347.075,2614
2025-12-19 19:15:00,4347.045,4349.205,4346.215,4347.515,1817
2025-12-19 19:30:00,4347.495,4349.875,4346.369,4346.635,1788
2025-12-19 19:45:00,4346.655,4348.705,4344.935,4345.065,2691
2025-12-19 20:00:00,4345.025,4346.295,4341.878,4342.108,3256
2025-12-19 20:15:00,4342.205,4345.685,4341.075,4345.098,2484
2025-12-19 20:30:00,4344.898,4344.898,4338.455,4340.195,2678
2025-12-19 20:45:00,4340.025,4340.715,4336.565,4339.405,4763
2025-12-19 21:00:00,4339.445,4340.045,4337.125,4338.475,1094
2025-12-19 21:15:00,4338.505,4339.005,4336.695,4337.525,1000
2025-12-19 21:30:00,4337.545,4338.515,4336.275,4337.985,978
2025-12-19 21:45:00,4337.985,4339.165,4336.998,4338.669,1188
2025-12-22 00:00:00,4354.885,4364.475,4354.885,4359.295,4176
2025-12-22 00:15:00,4359.265,4364.998,4358.455,4362.945,2177
2025-12-22 00:30:00,4363.248,4366.115,4361.495,4361.635,1928
2025-12-22 00:45:00,4361.615,4365.185,4361.605,4364.775,1438
2025-12-22 01:00:00,4364.835,4372.275,4362.315,4364.348,5917
2025-12-22 01:15:00,4364.448,4369.915,4361.025,4367.705,4113
2025-12-22 01:30:00,4367.745,4383.715,4367.645,4381.655,4829
2025-12-22 01:45:00,4381.655,4384.628,4379.415,4382.605,4829
2025-12-22 02:00:00,4382.539,4384.085,4378.345,4380.295,3736
2025-12-22 02:15:00,4380.335,4382.155,4378.618,4378.708,1953
2025-12-22 02:30:00,4378.708,4385.338,4378.388,4383.725,3286
2025-12-22 02:45:00,4383.685,4388.435,4381.875,4385.595,3173
2025-12-22 03:00:00,4385.675,4389.735,4383.995,4386.348,2593
2025-12-22 03:15:00,4386.258,4390.525,4384.958,4388.705,2248
2025-12-22 03:30:00,4388.735,4391.715,4387.745,4391.175,1555
2025-12-22 03:45:00,4391.205,4394.615,4391.205,4392.265,1390
2025-12-22 04:00:00,4392.248,4396.435,4390.948,4396.385,1478
2025-12-22 04:15:00,4396.415,4397.055,4392.808,4394.355,1416
2025-12-22 04:30:00,4394.355,4395.805,4393.725,4394.895,1043
2025-12-22 04:45:00,4394.865,4400.795,4394.635,4398.098,1725
2025-12-22 05:00:00,4398.079,4403.395,4396.445,4400.825,1797
2025-12-22 05:15:00,4400.855,4405.165,4398.305,4404.575,1929
2025-12-22 05:30:00,4404.605,4409.245,4396.955,4401.075,5744
2025-12-22 05:45:00,4401.105,4406.435,4399.555,4399.768,3486
2025-12-22 06:00:00,4399.835,4404.615,4398.515,4403.398,3578
2025-12-22 06:15:00,4403.419,4405.029,4399.358,4400.725,3606
2025-12-22 06:30:00,4400.755,4409.035,4399.755,4408.115,3277
2025-12-22 06:45:00,4408.085,4419.695,4407.845,4419.025,3950
2025-12-22 07:00:00,4419.045,4420.165,4410.058,4412.619,3959
2025-12-22 07:15:00,4412.619,4416.299,4411.498,4415.458,2722
2025-12-22 07:30:00,4415.469,4417.748,4412.115,4416.125,2235
2025-12-22 07:45:00,4416.155,4416.255,4412.205,4414.019,1677
2025-12-22 08:00:00,4414.019,4414.385,4409.655,4411.915,3044
2025-12-22 08:15:00,4411.898,4413.105,4409.095,4413.105,2035
2025-12-22 08:30:00,4413.135,4414.685,4406.698,4409.848,2911
2025-12-22 08:45:00,4409.748,4410.888,4405.895,4407.939,2102
2025-12-22 09:00:00,4407.939,4412.815,4407.639,4411.915,2025
2025-12-22 09:15:00,4411.978,4413.835,4410.575,4412.155,1638
2025-12-22 09:30:00,4412.125,4413.378,4411.175,4411.965,1325
2025-12-22 09:45:00,4412.025,4414.535,4410.715,4410.785,1217
2025-12-22 10:00:00,4410.825,4415.555,4410.715,4413.665,1464
2025-12-22 10:15:00,4413.695,4414.015,4410.865,4411.035,1347
2025-12-22 10:30:00,4411.055,4411.208,4405.798,4408.655,2612
2025-12-22 10:45:00,4408.805,4411.245,4408.288,4408.345,1025
2025-12-22 11:00:00,4408.335,4409.555,4405.755,4408.998,1802
2025-12-22 11:15:00,4408.998,4410.268,4407.868,4408.848,2578
2025-12-22 11:30:00,4408.865,4411.468,4408.218,4409.788,2954
2025-12-22 11:45:00,4409.788,4410.678,4408.415,4410.045,2435
2025-12-22 12:00:00,4410.025,4413.015,4405.905,4406.825,3726
2025-12-22 12:15:00,4406.805,4412.115,4406.695,4408.865,2634
2025-12-22 12:30:00,4408.835,4410.555,4407.395,4409.215,2803
2025-12-22 12:45:00,4409.235,4415.755,4409.015,4415.535,2249
2025-12-22 13:00:00,4415.535,4426.818,4414.898,4425.125,5314
2025-12-22 13:15:00,4425.155,4427.035,4413.025,4418.365,5236
2025-12-22 13:30:00,4418.495,4426.365,4418.045,4423.615,3968
2025-12-22 13:45:00,4423.625,4426.965,4419.515,4423.475,4016
2025-12-22 14:00:00,4423.505,4426.975,4421.355,4426.025,3224
2025-12-22 14:15:00,4426.005,4428.895,4423.845,4426.185,4286
2025-12-22 14:30:00,4426.235,4426.235,4414.485,4422.725,7585
2025-12-22 14:45:00,4422.798,4429.325,4417.285,4419.065,7283
2025-12-22 15:00:00,4419.045,4423.345,4413.425,4415.825,6416
2025-12-22 15:15:00,4415.845,4419.665,4411.725,4417.845,5650
2025-12-22 15:30:00,4417.875,4427.865,4416.375,4427.555,4978
2025-12-22 15:45:00,4427.615,4435.338,4427.595,4431.548,4587
2025-12-22 16:00:00,4431.548,4437.885,4427.975,4437.885,4442
2025-12-22 16:15:00,4437.915,4440.165,4435.215,4437.615,4453
2025-12-22 16:30:00,4437.645,4441.948,4432.885,4435.665,4071
2025-12-22 16:45:00,4435.625,4438.705,4434.195,4438.415,3267
2025-12-22 17:00:00,4438.435,4441.435,4435.035,4441.375,2464
2025-12-22 17:15:00,4441.405,4441.885,4433.425,4433.905,3104
2025-12-22 17:30:00,4433.935,4437.448,4431.825,4435.595,3594
2025-12-22 17:45:00,4435.595,4438.575,4435.235,4438.275,3413
2025-12-22 18:00:00,4438.325,4438.725,4434.245,4436.535,2795
2025-12-22 18:15:00,4436.565,4438.355,4433.198,4434.005,3807
2025-12-22 18:30:00,4433.935,4437.075,4431.985,4432.615,3227
2025-12-22 18:45:00,4432.615,4436.465,4429.205,4435.105,3347
2025-12-22 19:00:00,4435.055,4435.705,4429.515,4429.965,3327
2025-12-22 19:15:00,4429.975,4432.875,4428.675,4432.605,2437
2025-12-22 19:30:00,4432.565,4433.885,4431.099,4432.515,1598
2025-12-22 19:45:00,4432.485,4433.665,4431.525,4433.395,1571
2025-12-22 20:00:00,4433.298,4438.445,4433.225,4438.415,2202
2025-12-22 20:15:00,4438.455,4438.505,4431.605,4432.045,2392
2025-12-22 20:30:00,4432.015,4435.285,4431.385,4434.415,2494
2025-12-22 20:45:00,4434.435,4439.098,4433.955,4438.455,4172
2025-12-22 21:00:00,4438.415,4443.135,4438.215,4442.898,2499
2025-12-22 21:15:00,4442.898,4448.795,4442.075,4447.615,2095
2025-12-22 21:30:00,4447.585,4448.945,4444.485,4444.715,1936
2025-12-22 21:45:00,4444.765,4445.845,4442.409,4442.805,1496
2025-12-22 23:00:00,4446.098,4454.885,4444.269,4454.755,1605
2025-12-22 23:15:00,4454.765,4459.405,4454.665,4458.498,2016
2025-12-22 23:30:00,4458.498,4458.598,4452.475,4457.995,1770
2025-12-22 23:45:00,4457.965,4461.598,4454.758,4459.865,2204
2025-12-23 00:00:00,4459.865,4466.445,4457.705,4465.985,2337
2025-12-23 00:15:00,4465.965,4468.295,4463.515,4467.898,1760
2025-12-23 00:30:00,4467.865,4469.698,4466.045,4468.245,1494
2025-12-23 00:45:00,4468.205,4470.325,4467.095,4470.305,1357
2025-12-23 01:00:00,4470.255,4486.435,4470.195,4485.305,6735
2025-12-23 01:15:00,4485.335,4485.815,4469.299,4476.955,6145
2025-12-23 01:30:00,4476.925,4485.645,4476.685,4484.505,4031
2025-12-23 01:45:00,4484.775,4490.485,4481.785,4486.455,3854
2025-12-23 02:00:00,4486.435,4488.225,4481.015,4484.945,4075
2025-12-23 02:15:00,4485.055,4489.235,4484.455,4486.385,1957
2025-12-23 02:30:00,4486.385,4497.345,4486.385,4495.538,3910
2025-12-23 02:45:00,4495.385,4495.798,4488.915,4493.225,3534
2025-12-23 03:00:00,4493.155,4496.475,4485.425,4486.145,4692
2025-12-23 03:15:00,4486.185,4488.625,4482.765,4486.775,4806
2025-12-23 03:30:00,4486.895,4488.665,4485.425,4486.075,3958
2025-12-23 03:45:00,4486.075,4486.899,4483.675,4486.425,3933
2025-12-23 04:00:00,4486.335,4488.145,4484.355,4486.845,3006
2025-12-23 04:15:00,4486.805,4488.115,4484.255,4486.225,2069
2025-12-23 04:30:00,4486.195,4486.855,4483.905,4484.355,2580
2025-12-23 04:45:00,4484.305,4484.915,4478.645,4482.335,3662
2025-12-23 05:00:00,4482.315,4484.665,4479.955,4480.595,3209
2025-12-23 05:15:00,4480.485,4481.425,4476.355,4480.235,4110
2025-12-23 05:30:00,4480.135,4485.375,4476.365,4480.975,5633
2025-12-23 05:45:00,4481.005,4482.475,4474.665,4475.045,4353
2025-12-23 06:00:00,4475.025,4478.005,4469.265,4471.265,4221
2025-12-23 06:15:00,4471.215,4476.365,4470.355,4475.885,3312
2025-12-23 06:30:00,4475.885,4477.598,4474.415,4475.945,3996
2025-12-23 06:45:00,4475.925,4481.315,4475.425,4481.215,3629
2025-12-23 07:00:00,4481.185,4482.855,4478.055,4481.475,4119
2025-12-23 07:15:00,4481.545,4485.635,4480.715,4483.835,4123
2025-12-23 07:30:00,4483.795,4486.498,4483.328,4483.698,3759
2025-12-23 07:45:00,4483.675,4489.405,4483.495,4486.375,4752
2025-12-23 08:00:00,4486.345,4489.298,4485.025,4487.875,4255
2025-12-23 08:15:00,4487.855,4490.315,4486.035,4486.945,3614
2025-12-23 08:30:00,4486.925,4492.035,4484.425,4491.735,2586
2025-12-23 08:45:00,4491.765,4492.995,4488.189,4489.575,2977
2025-12-23 09:00:00,4489.545,4490.835,4480.145,4481.165,4022
2025-12-23 09:15:00,4481.125,4484.225,4478.875,4482.935,3622
2025-12-23 09:30:00,4482.915,4484.815,4479.368,4481.495,2521
2025-12-23 09:45:00,4481.525,4482.898,4477.945,4479.945,2907
2025-12-23 10:00:00,4479.995,4484.615,4479.125,4484.355,2819
2025-12-23 10:15:00,4484.395,4487.255,4482.595,4485.535,2727
2025-12-23 10:30:00,4485.535,4485.585,4481.228,4482.375,2488
2025-12-23 10:45:00,4482.405,4485.825,4482.335,4484.005,2979
2025-12-23 11:00:00,4483.985,4486.015,4482.925,4484.255,2262
2025-12-23 11:15:00,4484.255,4485.465,4482.855,4483.625,1771
2025-12-23 11:30:00,4483.695,4488.335,4482.865,4488.235,1556
2025-12-23 11:45:00,4488.205,4494.005,4487.085,4493.325,3638
2025-12-23 12:00:00,4493.265,4493.515,4485.435,4485.595,2637
2025-12-23 12:15:00,4485.645,4485.685,4482.975,4484.935,1783
2025-12-23 12:30:00,4484.965,4487.415,4484.215,4485.835,2460
2025-12-23 12:45:00,4485.875,4489.025,4485.495,4486.175,2584
2025-12-23 13:00:00,4486.025,4494.428,4485.875,4494.158,5569
2025-12-23 13:15:00,4494.665,4497.175,4486.415,4488.635,5440
2025-12-23 13:30:00,4488.635,4492.375,4484.265,4489.585,6164
2025-12-23 13:45:00,4489.525,4490.685,4473.015,4478.915,7150
2025-12-23 14:00:00,4478.915,4479.695,4454.398,4469.225,7219
2025-12-23 14:15:00,4469.435,4471.985,4462.915,4464.695,6196
2025-12-23 14:30:00,4464.735,4464.735,4447.415,4452.535,8987
2025-12-23 14:45:00,4452.685,4459.245,4441.138,4445.485,7887
2025-12-23 15:00:00,4445.455,4450.365,4429.975,4448.295,10317
2025-12-23 15:15:00,4448.375,4451.865,4439.295,4442.385,7435
2025-12-23 15:30:00,4442.385,4456.965,4441.315,4453.065,7149
2025-12-23 15:45:00,4453.095,4459.065,4451.215,4458.148,6089
2025-12-23 16:00:00,4458.185,4463.115,4455.995,4460.385,4911
2025-12-23 16:15:00,4460.445,4465.205,4458.885,4461.285,4868
2025-12-23 16:30:00,4461.285,4466.815,4455.559,4465.648,6548
2025-12-23 16:45:00,4465.648,4476.385,4465.648,4474.055,5905
2025-12-23 17:00:00,4474.045,4479.698,4471.415,4475.185,5945
2025-12-23 17:15:00,4475.225,4478.385,4470.055,4477.435,5836
2025-12-23 17:30:00,4477.895,4479.185,4473.625,4478.355,6712
2025-12-23 17:45:00,4478.355,4478.765,4469.505,4472.545,4846
2025-12-23 18:00:00,4472.805,4481.055,4472.775,4477.345,4040
2025-12-23 18:15:00,4477.375,4479.098,4473.915,4477.498,3947
2025-12-23 18:30:00,4478.095,4478.198,4472.555,4476.205,2998
2025-12-23 18:45:00,4476.305,4484.815,4476.305,4484.305,2936
2025-12-23 19:00:00,4484.345,4496.105,4484.059,4493.475,4716
2025-12-23 19:15:00,4493.495,4493.495,4487.125,4489.825,2691
2025-12-23 19:30:00,4489.905,4493.698,4487.775,4492.698,3815
2025-12-23 19:45:00,4492.585,4492.698,4488.848,4490.618,3389
2025-12-23 20:00:00,4490.618,4493.898,4489.215,4493.275,3726
2025-12-23 20:15:00,4493.285,4494.298,4491.185,4491.785,3308
2025-12-23 20:30:00,4491.785,4493.055,4489.065,4492.135,4505
2025-12-23 20:45:00,4492.159,4499.669,4491.655,4497.448,4585
2025-12-23 21:00:00,4497.448,4498.499,4490.155,4490.998,2908
2025-12-23 21:15:00,4491.098,4491.599,4489.648,4489.848,1677
2025-12-23 21:30:00,4489.848,4491.118,4488.058,4488.959,2998
2025-12-23 21:45:00,4488.969,4489.559,4483.215,4483.935,2097
2025-12-23 23:00:00,4486.298,4495.275,4481.298,4494.975,1355
2025-12-23 23:15:00,4494.995,4497.755,4490.565,4491.895,2068
2025-12-23 23:30:00,4492.075,4508.545,4491.985,4505.175,3139
2025-12-23 23:45:00,4504.975,4510.175,4499.365,4503.125,2720
2025-12-24 00:00:00,4503.095,4512.435,4500.495,4507.595,2794
2025-12-24 00:15:00,4507.675,4513.795,4507.635,4513.635,2763
2025-12-24 00:30:00,4513.605,4517.685,4512.655,4517.498,3177
2025-12-24 00:45:00,4517.605,4518.035,4507.895,4511.748,4261
2025-12-24 01:00:00,4511.748,4519.795,4506.675,4511.685,7898
2025-12-24 01:15:00,4511.705,4525.765,4511.705,4521.305,6319
2025-12-24 01:30:00,4521.349,4523.295,4518.065,4519.915,5567
2025-12-24 01:45:00,4519.949,4523.185,4518.205,4518.635,5425
2025-12-24 02:00:00,4518.635,4519.035,4504.505,4511.205,6357
2025-12-24 02:15:00,4511.248,4512.215,4505.648,4506.675,4372
2025-12-24 02:30:00,4506.605,4510.979,4504.339,4508.315,5737
2025-12-24 02:45:00,4508.325,4511.998,4474.035,4477.275,6077
2025-12-24 03:00:00,4477.185,4485.785,4467.919,4485.275,6495
2025-12-24 03:15:00,4485.565,4496.159,4485.145,4491.095,6387
2025-12-24 03:30:00,4491.065,4498.255,4489.945,4494.875,3794
2025-12-24 03:45:00,4494.925,4495.045,4491.675,4492.825,3215
2025-12-24 04:00:00,4492.875,4495.415,4491.765,4494.165,3437
2025-12-24 04:15:00,4494.275,4497.275,4491.005,4496.735,3795
2025-12-24 04:30:00,4496.795,4501.225,4495.945,4499.945,1912
2025-12-24 04:45:00,4499.965,4500.975,4496.255,4498.995,2285
2025-12-24 05:00:00,4498.945,4500.198,4484.775,4490.405,3963
2025-12-24 05:15:00,4490.395,4494.225,4489.125,4492.045,2852
2025-12-24 05:30:00,4492.065,4496.735,4490.125,4495.355,5062
2025-12-24 05:45:00,4495.385,4496.905,4487.745,4488.235,4560
2025-12-24 06:00:00,4488.285,4492.698,4486.298,4492.398,3246
2025-12-24 06:15:00,4492.355,4492.498,4484.935,4487.295,3746
2025-12-24 06:30:00,4487.325,4497.735,4487.285,4494.185,2777
2025-12-24 06:45:00,4494.048,4497.115,4492.425,4493.365,4204
2025-12-24 07:00:00,4493.355,4494.675,4490.315,4493.205,3404
2025-12-24 07:15:00,4493.175,4494.348,4490.865,4491.285,2677
2025-12-24 07:30:00,4491.265,4491.915,4488.138,4488.185,1804
2025-12-24 07:45:00,4488.465,4489.076,4483.195,4483.625,3139
2025-12-24 08:00:00,4483.585,4486.725,4477.805,4485.055,4681
2025-12-24 08:15:00,4485.055,4490.485,4482.955,4484.498,3677
2025-12-24 08:30:00,4484.558,4492.548,4482.055,4489.838,3918
2025-12-24 08:45:00,4489.838,4490.258,4481.185,4481.995,4327
2025-12-24 09:00:00,4482.005,4487.725,4481.635,4487.605,3161
2025-12-24 09:15:00,4487.565,4493.105,4487.235,4489.115,3289
2025-12-24 09:30:00,4489.085,4491.995,4486.035,4491.225,2663
2025-12-24 09:45:00,4491.225,4495.885,4491.055,4494.475,3159
2025-12-24 10:00:00,4494.475,4499.525,4489.495,4490.215,2945
2025-12-24 10:15:00,4490.295,4496.165,4489.345,4493.945,2489
2025-12-24 10:30:00,4493.915,4494.465,4481.988,4485.545,2983
2025-12-24 10:45:00,4485.525,4490.425,4484.475,4489.175,2124
2025-12-24 11:00:00,4489.215,4490.165,4484.585,4487.525,2553
2025-12-24 11:15:00,4487.525,4488.875,4486.135,4486.905,1988
2025-12-24 11:30:00,4486.945,4488.225,4482.795,4487.945,2326
2025-12-24 11:45:00,4487.945,4491.685,4485.765,4491.235,4486
2025-12-24 12:00:00,4491.235,4495.525,4490.685,4494.925,3873
2025-12-24 12:15:00,4494.905,4495.705,4490.465,4492.695,3536
2025-12-24 12:30:00,4492.725,4493.185,4489.585,4490.005,2472
2025-12-24 12:45:00,4489.995,4492.195,4489.435,4490.345,3231
2025-12-24 13:00:00,4490.485,4493.245,4480.895,4484.835,6862
2025-12-24 13:15:00,4484.865,4486.645,4474.175,4478.025,6084
2025-12-24 13:30:00,4478.035,4485.895,4477.355,4484.885,4549
2025-12-24 13:45:00,4484.925,4488.695,4482.955,4487.635,3596
2025-12-24 14:00:00,4487.715,4489.195,4483.665,4485.015,7457
2025-12-24 14:15:00,4485.095,4487.235,4481.805,4484.745,5779
2025-12-24 14:30:00,4484.805,4488.665,4468.915,4480.925,8760
2025-12-24 14:45:00,4480.925,4481.915,4460.335,4464.445,10886
2025-12-24 15:00:00,4464.595,4474.725,4461.245,4474.355,8580
2025-12-24 15:15:00,4474.345,4476.275,4460.975,4469.625,8084
2025-12-24 15:30:00,4469.405,4472.635,4449.498,4452.885,9247
2025-12-24 15:45:00,4452.835,4460.465,4447.895,4458.235,9407
2025-12-24 16:00:00,4458.195,4470.835,4455.725,4465.898,6956
2025-12-24 16:15:00,4465.615,4468.825,4463.715,4468.115,5030
2025-12-24 16:30:00,4468.615,4476.365,4466.879,4474.889,5490
2025-12-24 16:45:00,4474.938,4477.775,4471.685,4476.475,4785
2025-12-24 17:00:00,4476.455,4487.515,4475.125,4483.315,6309
2025-12-24 17:15:00,4483.285,4484.525,4475.508,4477.348,6040
2025-12-24 17:30:00,4477.348,4482.769,4476.755,4479.199,5942
2025-12-24 17:45:00,4479.279,4483.329,4478.969,4480.249,5012
2025-12-24 18:00:00,4480.279,4481.248,4476.918,4477.538,3109
2025-12-24 18:15:00,4477.545,4481.979,4477.508,4480.349,2596
2025-12-24 18:30:00,4480.318,4481.509,4478.268,4479.029,1531
2025-12-25 23:00:00,4490.045,4490.635,4482.655,4488.835,2515
2025-12-25 23:15:00,4488.805,4499.505,4487.485,4497.205,2836
2025-12-25 23:30:00,4497.175,4498.615,4488.498,4495.795,2347
2025-12-25 23:45:00,4495.805,4499.625,4491.495,4494.785,2081
2025-12-26 00:00:00,4494.875,4505.215,4491.945,4502.865,2787
2025-12-26 00:15:00,4502.885,4506.925,4500.865,4506.825,2120
2025-12-26 00:30:00,4506.795,4507.775,4503.918,4507.125,3962
2025-12-26 00:45:00,4507.435,4517.465,4506.075,4517.335,4520
2025-12-26 01:00:00,4517.375,4530.975,4508.205,4509.885,9073
2025-12-26 01:15:00,4509.509,4517.898,4506.335,4509.865,7180
2025-12-26 01:30:00,4509.825,4515.475,4496.855,4506.495,5996
2025-12-26 01:45:00,4506.595,4506.865,4499.525,4503.845,6040
2025-12-26 02:00:00,4503.545,4507.235,4497.998,4506.095,6314
2025-12-26 02:15:00,4505.835,4509.505,4501.325,4501.765,5311
2025-12-26 02:30:00,4501.765,4501.875,4491.535,4498.755,6282
2025-12-26 02:45:00,4498.745,4508.458,4498.015,4508.408,7056
2025-12-26 03:00:00,4508.408,4511.398,4500.705,4511.298,5999
2025-12-26 03:15:00,4511.298,4513.015,4502.358,4502.358,6388
2025-12-26 03:30:00,4502.598,4503.575,4497.175,4502.745,4539
2025-12-26 03:45:00,4502.745,4505.485,4499.998,4501.565,4193
2025-12-26 04:00:00,4501.589,4509.565,4500.235,4507.315,5727
2025-12-26 04:15:00,4507.355,4509.998,4504.245,4509.135,3301
2025-12-26 04:30:00,4509.115,4511.365,4505.205,4507.645,3867
2025-12-26 04:45:00,4507.645,4510.925,4506.145,4508.775,3829
2025-12-26 05:00:00,4508.769,4511.165,4506.945,4508.785,3947
2025-12-26 05:15:00,4508.805,4509.835,4505.645,4506.985,5306
2025-12-26 05:30:00,4506.985,4514.515,4506.935,4511.675,5517
2025-12-26 05:45:00,4511.525,4513.085,4509.185,4509.595,6543
2025-12-26 06:00:00,4509.595,4513.285,4508.455,4512.425,5436
2025-12-26 06:15:00,4512.515,4518.455,4512.095,4518.005,4990
2025-12-26 06:30:00,4518.095,4519.155,4514.425,4518.185,5791
2025-12-26 06:45:00,4518.179,4518.225,4507.555,4511.275,6914
2025-12-26 07:00:00,4511.269,4514.505,4510.275,4513.955,4083
2025-12-26 07:15:00,4513.975,4515.225,4507.578,4508.945,4314
2025-12-26 07:30:00,4508.945,4512.438,4507.648,4507.845,2933
2025-12-26 07:45:00,4507.845,4510.999,4507.488,4510.555,4343
2025-12-26 08:00:00,4510.625,4514.545,4509.175,4514.545,3152
2025-12-26 08:15:00,4514.605,4516.915,4513.788,4514.718,3301
2025-12-26 08:30:00,4514.808,4516.908,4512.795,4514.145,3218
2025-12-26 08:45:00,4514.105,4519.145,4513.765,4518.505,3253
2025-12-26 09:00:00,4518.445,4520.178,4514.848,4515.455,3576
2025-12-26 09:15:00,4515.585,4518.488,4514.665,4517.058,2764
2025-12-26 09:30:00,4517.058,4518.008,4512.465,4513.305,2171
2025-12-26 09:45:00,4513.355,4514.878,4511.518,4512.258,3828
2025-12-26 10:00:00,4512.295,4518.975,4511.675,4518.308,2967
2025-12-26 10:15:00,4518.368,4523.165,4516.558,4520.365,3878
2025-12-26 10:30:00,4520.299,4521.695,4513.605,4514.805,4712
2025-12-26 10:45:00,4514.755,4515.175,4510.808,4513.865,3310
2025-12-26 11:00:00,4513.925,4515.228,4503.498,4509.598,4484
2025-12-26 11:15:00,4509.598,4511.575,4503.498,4504.905,5174
2025-12-26 11:30:00,4504.965,4508.775,4503.498,4507.395,5055
2025-12-26 11:45:00,4507.345,4509.575,4502.505,4509.495,4674
2025-12-26 12:00:00,4509.545,4510.805,4506.695,4510.398,4115
2025-12-26 12:15:00,4510.298,4512.395,4507.985,4511.675,3465
2025-12-26 12:30:00,4511.705,4514.905,4511.698,4512.298,2681
2025-12-26 12:45:00,4512.398,4513.745,4506.255,4508.535,3265
2025-12-26 13:00:00,4508.485,4514.908,4503.205,4514.285,6629
2025-12-26 13:15:00,4514.295,4519.535,4512.398,4517.508,6265
2025-12-26 13:30:00,4517.528,4528.155,4517.458,4521.495,6330
2025-12-26 13:45:00,4521.615,4525.509,4514.685,4524.839,6964
2025-12-26 14:00:00,4524.865,4526.855,4522.235,4525.605,5840
2025-12-26 14:15:00,4525.575,4529.755,4522.895,4529.065,5777
2025-12-26 14:30:00,4529.155,4532.855,4518.729,4520.735,9565
2025-12-26 14:45:00,4520.615,4526.355,4512.385,4520.675,8995
2025-12-26 15:00:00,4520.695,4530.175,4519.275,4526.785,7894
2025-12-26 15:15:00,4526.775,4533.598,4525.515,4532.985,5807
2025-12-26 15:30:00,4532.965,4545.285,4531.525,4537.698,7401
2025-12-26 15:45:00,4537.895,4547.045,4537.068,4546.245,7202
2025-12-26 16:00:00,4546.275,4549.715,4534.405,4538.915,7970
2025-12-26 16:15:00,4538.729,4546.815,4536.975,4545.405,6874
2025-12-26 16:30:00,4545.435,4545.985,4538.735,4539.285,5194
2025-12-26 16:45:00,4539.315,4543.215,4531.155,4536.155,6403
2025-12-26 17:00:00,4536.155,4537.698,4525.215,4525.989,6059
2025-12-26 17:15:00,4526.029,4527.855,4516.798,4517.855,6979
2025-12-26 17:30:00,4517.905,4520.115,4509.625,4516.015,7361
2025-12-26 17:45:00,4516.039,4524.395,4512.155,4518.795,7127
2025-12-26 18:00:00,4518.729,4521.325,4514.515,4517.435,6786
2025-12-26 18:15:00,4517.435,4524.315,4515.815,4518.765,6679
2025-12-26 18:30:00,4518.805,4530.105,4515.915,4529.335,6809
2025-12-26 18:45:00,4529.335,4532.535,4527.485,4530.875,5899
2025-12-26 19:00:00,4530.895,4534.065,4524.645,4533.405,5472
2025-12-26 19:15:00,4533.455,4535.365,4528.395,4529.439,5420
2025-12-26 19:30:00,4529.085,4529.965,4521.555,4525.055,4501
2025-12-26 19:45:00,4524.955,4526.705,4519.625,4523.515,5278
2025-12-26 20:00:00,4523.535,4533.755,4522.605,4532.635,4904
2025-12-26 20:15:00,4532.675,4535.395,4521.498,4523.455,4351
2025-12-26 20:30:00,4523.298,4531.125,4522.355,4530.265,5171
2025-12-26 20:45:00,4530.215,4533.179,4525.365,4530.755,5682
2025-12-26 21:00:00,4530.779,4532.798,4526.835,4528.178,2963
2025-12-26 21:15:00,4528.088,4532.578,4527.898,4531.048,3449
2025-12-26 21:30:00,4531.048,4534.408,4529.008,4531.785,3995
2025-12-26 21:45:00,4531.955,4533.975,4529.388,4532.365,2806
2025-12-29 00:00:00,4526.448,4527.545,4513.598,4523.415,5850
2025-12-29 00:15:00,4523.415,4523.425,4481.865,4486.255,7731
2025-12-29 00:30:00,4486.255,4502.748,4471.498,4489.048,6600
2025-12-29 00:45:00,4489.048,4506.409,4488.869,4496.998,4988
2025-12-29 01:00:00,4496.899,4514.429,4491.998,4511.788,7953
2025-12-29 01:15:00,4511.719,4516.959,4495.035,4498.748,5975
2025-12-29 01:30:00,4498.748,4507.135,4491.408,4501.375,7838
2025-12-29 01:45:00,4501.375,4506.365,4494.605,4496.795,6335
2025-12-29 02:00:00,4496.805,4509.075,4495.925,4506.648,5672
2025-12-29 02:15:00,4506.665,4513.985,4503.755,4512.155,3910
2025-12-29 02:30:00,4512.139,4515.485,4508.515,4511.465,6087
2025-12-29 02:45:00,4511.485,4515.595,4508.865,4512.025,5721
2025-12-29 03:00:00,4512.025,4518.535,4509.045,4515.115,5981
2025-12-29 03:15:00,4515.065,4518.065,4511.735,4512.405,7163
2025-12-29 03:30:00,4512.495,4520.175,4512.475,4516.215,5091
2025-12-29 03:45:00,4516.215,4517.165,4513.265,4516.315,3722
2025-12-29 04:00:00,4516.145,4516.665,4507.569,4514.745,4648
2025-12-29 04:15:00,4514.785,4515.865,4510.545,4514.015,3909
2025-12-29 04:30:00,4514.005,4519.325,4512.775,4515.625,2962
2025-12-29 04:45:00,4515.665,4516.185,4513.095,4515.425,3975
2025-12-29 05:00:00,4515.349,4515.349,4509.575,4514.425,4135
2025-12-29 05:15:00,4514.425,4515.565,4510.795,4513.555,3976
2025-12-29 05:30:00,4513.645,4519.245,4511.775,4516.085,4491
2025-12-29 05:45:00,4516.085,4517.305,4504.699,4506.225,5931
2025-12-29 06:00:00,4506.325,4510.289,4500.015,4505.745,7396
2025-12-29 06:15:00,4505.745,4506.875,4488.865,4490.395,5389
2025-12-29 06:30:00,4490.265,4497.535,4483.925,4486.785,6187
2025-12-29 06:45:00,4486.815,4487.625,4470.815,4474.715,6822
2025-12-29 07:00:00,4474.648,4475.965,4444.735,4473.089,9111
2025-12-29 07:15:00,4473.089,4481.619,4470.898,4470.969,5747
2025-12-29 07:30:00,4471.095,4479.189,4469.798,4473.079,4975
2025-12-29 07:45:00,4473.038,4478.448,4472.518,4474.175,5251
2025-12-29 08:00:00,4474.275,4485.735,4465.748,4483.555,5972
2025-12-29 08:15:00,4483.465,4488.255,4479.535,4479.589,4526
2025-12-29 08:30:00,4479.615,4480.225,4469.359,4469.808,6042
2025-12-29 08:45:00,4469.808,4471.748,4452.225,4460.599,6986
2025-12-29 09:00:00,4460.599,4467.615,4458.805,4467.135,6400
2025-12-29 09:15:00,4467.135,4468.685,4461.615,4465.479,4938
2025-12-29 09:30:00,4465.479,4475.575,4459.895,4475.395,4464
2025-12-29 09:45:00,4475.445,4476.095,4468.715,4471.855,2878
2025-12-29 10:00:00,4471.795,4474.265,4468.635,4471.095,3011
2025-12-29 10:15:00,4471.015,4472.165,4462.255,4462.355,3236
2025-12-29 10:30:00,4462.365,4463.505,4456.735,4459.605,4139
2025-12-29 10:45:00,4459.565,4463.075,4458.105,4460.555,3380
2025-12-29 11:00:00,4460.505,4460.705,4455.515,4457.885,3115
2025-12-29 11:15:00,4457.865,4467.535,4457.335,4465.025,3306
2025-12-29 11:30:00,4464.995,4465.665,4433.835,4452.685,4660
2025-12-29 11:45:00,4452.665,4453.255,4441.395,4446.325,6470
2025-12-29 12:00:00,4446.545,4455.775,4445.215,4452.225,5670
2025-12-29 12:15:00,4452.275,4456.748,4451.345,4456.448,4524
2025-12-29 12:30:00,4456.358,4464.185,4454.348,4462.085,4061
2025-12-29 12:45:00,4462.095,4464.548,4460.198,4463.998,3982
2025-12-29 13:00:00,4464.098,4467.288,4456.248,4457.348,8769
2025-12-29 13:15:00,4457.348,4459.619,4445.0,4451.335,8002
2025-12-29 13:30:00,4451.295,4454.505,4424.985,4429.205,8825
2025-12-29 13:45:00,4429.185,4429.255,4406.775,4421.075,9272
2025-12-29 14:00:00,4421.105,4421.105,4385.825,4398.105,10371
2025-12-29 14:15:00,4398.148,4405.128,4386.355,4389.375,7996
2025-12-29 14:30:00,4389.795,4389.795,4356.155,4373.455,11277
2025-12-29 14:45:00,4373.455,4384.255,4358.405,4359.845,10081
2025-12-29 15:00:00,4359.885,4360.065,4328.005,4342.705,10403
2025-12-29 15:15:00,4342.725,4342.725,4300.698,4319.245,10417
2025-12-29 15:30:00,4319.165,4336.585,4316.355,4331.115,8934
2025-12-29 15:45:00,4331.145,4339.515,4322.225,4325.065,8038
2025-12-29 16:00:00,4325.015,4342.585,4323.215,4333.635,8783
2025-12-29 16:15:00,4333.645,4337.375,4323.935,4333.855,7584
2025-12-29 16:30:00,4333.785,4342.353,4328.618,4334.535,6184
2025-12-29 16:45:00,4334.415,4347.148,4334.135,4341.325,6044
2025-12-29 17:00:00,4341.785,4342.645,4325.495,4329.745,7354
2025-12-29 17:15:00,4329.615,4333.348,4322.375,4328.885,5298
2025-12-29 17:30:00,4328.905,4329.648,4314.845,4319.585,6084
2025-12-29 17:45:00,4319.555,4329.165,4319.375,4328.005,5429
2025-12-29 18:00:00,4327.975,4333.075,4325.655,4329.205,5596
2025-12-29 18:15:00,4329.315,4334.625,4322.545,4327.555,6463
2025-12-29 18:30:00,4327.575,4333.925,4325.965,4329.998,4427
2025-12-29 18:45:00,4329.998,4331.985,4327.915,4331.098,3142
2025-12-29 19:00:00,4331.398,4335.368,4327.298,4334.948,3806
2025-12-29 19:15:00,4335.048,4336.425,4328.255,4330.285,4260
2025-12-29 19:30:00,4330.645,4335.435,4329.898,4331.985,3255
2025-12-29 19:45:00,4332.025,4337.635,4330.805,4336.655,2842
2025-12-29 20:00:00,4336.685,4344.265,4336.305,4342.098,4177
2025-12-29 20:15:00,4342.098,4342.448,4336.635,4340.365,3332
2025-12-29 20:30:00,4340.385,4341.198,4325.545,4333.045,4098
2025-12-29 20:45:00,4333.105,4335.385,4328.555,4334.455,5393
2025-12-29 21:00:00,4334.535,4339.085,4328.165,4335.715,3479
2025-12-29 21:15:00,4335.715,4337.575,4330.285,4331.255,2882
2025-12-29 21:30:00,4331.235,4332.135,4327.095,4329.375,3073
2025-12-29 21:45:00,4329.395,4332.555,4329.185,4331.475,1772
2025-12-29 23:00:00,4332.498,4346.815,4332.209,4340.385,2187
2025-12-29 23:15:00,4340.375,4340.585,4322.965,4333.485,3301
2025-12-29 23:30:00,4333.645,4336.915,4330.598,4336.625,1980
2025-12-29 23:45:00,4336.615,4346.635,4335.995,4345.455,2297
2025-12-30 00:00:00,4345.465,4347.095,4337.755,4346.435,3104
2025-12-30 00:15:00,4346.405,4350.465,4343.445,4348.855,2429
2025-12-30 00:30:00,4348.855,4349.025,4339.455,4340.498,3706
2025-12-30 00:45:00,4340.455,4342.698,4334.285,4339.555,5374
2025-12-30 01:00:00,4339.585,4339.765,4324.195,4334.815,7023
2025-12-30 01:15:00,4334.785,4342.995,4334.785,4336.325,5172
2025-12-30 01:30:00,4336.355,4349.345,4331.655,4346.885,5686
2025-12-30 01:45:00,4346.865,4359.965,4346.395,4359.965,7125
2025-12-30 02:00:00,4359.935,4361.605,4351.488,4355.005,6987
2025-12-30 02:15:00,4355.015,4357.565,4352.398,4355.599,5488
2025-12-30 02:30:00,4354.325,4356.789,4348.598,4354.039,6896
2025-12-30 02:45:00,4354.029,4364.469,4354.029,4362.259,6175
2025-12-30 03:00:00,4362.375,4365.035,4356.865,4360.498,5427
2025-12-30 03:15:00,4360.698,4368.925,4358.548,4367.735,5686
2025-12-30 03:30:00,4367.775,4368.555,4360.865,4363.165,3670
2025-12-30 03:45:00,4363.175,4364.565,4355.965,4358.875,4404
2025-12-30 04:00:00,4358.895,4362.055,4357.285,4361.055,2117
2025-12-30 04:15:00,4361.075,4365.485,4360.295,4362.835,2063
2025-12-30 04:30:00,4362.835,4369.595,4361.935,4366.615,2605
2025-12-30 04:45:00,4366.598,4366.925,4362.005,4363.275,1707
2025-12-30 05:00:00,4363.315,4364.555,4358.515,4363.715,2252
2025-12-30 05:15:00,4363.745,4376.009,4362.155,4372.025,4074
2025-12-30 05:30:00,4371.995,4379.765,4371.685,4374.535,7353
2025-12-30 05:45:00,4374.455,4379.395,4372.355,4377.348,5426
2025-12-30 06:00:00,4377.275,4378.115,4372.198,4372.875,4881
2025-12-30 06:15:00,4372.905,4373.665,4363.898,4366.248,5466
2025-12-30 06:30:00,4366.215,4369.585,4359.835,4361.685,5499
2025-12-30 06:45:00,4361.625,4366.398,4359.605,4364.275,5513
2025-12-30 07:00:00,4364.285,4368.585,4358.715,4368.435,4939
2025-12-30 07:15:00,4368.465,4372.205,4365.495,4367.875,4165
2025-12-30 07:30:00,4367.895,4376.795,4367.805,4376.665,3732
2025-12-30 07:45:00,4376.665,4383.035,4369.805,4372.098,4112
2025-12-30 08:00:00,4372.098,4373.445,4363.115,4370.095,4193
2025-12-30 08:15:00,4370.265,4371.128,4351.565,4353.045,4094
2025-12-30 08:30:00,4353.145,4360.105,4349.955,4359.025,4696
2025-12-30 08:45:00,4359.025,4366.105,4354.105,4364.595,3907
2025-12-30 09:00:00,4364.565,4373.625,4363.905,4372.845,4654
2025-12-30 09:15:00,4372.825,4376.245,4367.505,4368.265,3740
2025-12-30 09:30:00,4368.235,4371.525,4366.995,4368.105,3669
2025-12-30 09:45:00,4368.155,4373.735,4367.285,4371.915,4030
2025-12-30 10:00:00,4371.895,4376.015,4367.575,4375.625,3659
2025-12-30 10:15:00,4375.695,4382.545,4374.495,4381.965,4227
2025-12-30 10:30:00,4381.635,4391.515,4381.465,4382.365,4502
2025-12-30 10:45:00,4382.355,4385.215,4378.385,4384.485,3052
2025-12-30 11:00:00,4385.225,4390.035,4384.858,4386.745,3858
2025-12-30 11:15:00,4386.775,4389.385,4385.485,4388.635,3309
2025-12-30 11:30:00,4388.665,4389.095,4383.395,4384.515,3207
2025-12-30 11:45:00,4384.515,4384.945,4380.875,4383.965,3935
2025-12-30 12:00:00,4383.965,4397.025,4383.115,4395.935,4409
2025-12-30 12:15:00,4395.935,4399.055,4391.295,4393.475,6194
2025-12-30 12:30:00,4393.425,4402.435,4392.645,4399.325,4274
2025-12-30 12:45:00,4399.398,4402.0,4396.045,4400.895,5216
2025-12-30 13:00:00,4401.065,4403.998,4397.015,4399.045,7510
2025-12-30 13:15:00,4399.045,4399.055,4389.855,4393.455,6966
2025-12-30 13:30:00,4393.485,4393.575,4375.905,4379.098,8580
2025-12-30 13:45:00,4379.025,4389.215,4375.985,4388.035,6893
2025-12-30 14:00:00,4388.075,4390.325,4382.325,4385.885,6587
2025-12-30 14:15:00,4385.975,4390.945,4380.625,4390.325,6296
2025-12-30 14:30:00,4390.325,4391.905,4364.005,4371.085,9788
2025-12-30 14:45:00,4371.125,4371.995,4355.335,4365.915,10219
2025-12-30 15:00:00,4365.909,4372.898,4360.445,4368.898,8758
2025-12-30 15:15:00,4369.105,4377.245,4364.685,4365.865,6858
2025-12-30 15:30:00,4365.975,4374.335,4359.295,4362.275,8069
2025-12-30 15:45:00,4362.225,4370.765,4360.825,4364.885,6983
2025-12-30 16:00:00,4365.085,4365.125,4354.585,4358.155,7051
2025-12-30 16:15:00,4358.205,4371.255,4357.405,4368.505,7025
2025-12-30 16:30:00,4368.535,4368.625,4362.065,4366.855,6984
2025-12-30 16:45:00,4366.855,4379.575,4365.948,4377.405,7117
2025-12-30 17:00:00,4377.395,4381.625,4373.035,4373.075,6759
2025-12-30 17:15:00,4373.055,4376.515,4368.115,4374.625,5583
2025-12-30 17:30:00,4374.665,4376.005,4364.545,4368.355,5281
2025-12-30 17:45:00,4368.235,4370.325,4363.965,4369.885,4085
2025-12-30 18:00:00,4369.925,4378.425,4368.545,4370.795,5472
2025-12-30 18:15:00,4370.795,4372.055,4365.795,4370.715,6030
2025-12-30 18:30:00,4370.675,4370.905,4362.355,4365.715,4445
2025-12-30 18:45:00,4365.745,4367.335,4362.725,4364.259,5228
2025-12-30 19:00:00,4364.259,4367.755,4363.225,4366.435,4685
2025-12-30 19:15:00,4366.455,4367.475,4363.808,4365.755,3968
2025-12-30 19:30:00,4365.755,4366.305,4359.928,4362.539,3194
2025-12-30 19:45:00,4362.509,4362.739,4337.565,4348.345,7326
2025-12-30 20:00:00,4348.345,4350.105,4338.068,4348.029,7650
2025-12-30 20:15:00,4348.085,4352.699,4345.818,4350.185,4926
2025-12-30 20:30:00,4350.155,4355.245,4345.838,4348.605,5130
2025-12-30 20:45:00,4348.855,4351.455,4337.735,4341.395,6132
2025-12-30 21:00:00,4341.395,4350.065,4340.555,4348.065,3794
2025-12-30 21:15:00,4348.069,4348.755,4346.248,4346.275,2026
2025-12-30 21:30:00,4346.248,4349.065,4346.025,4348.465,968
2025-12-30 21:45:00,4348.425,4349.145,4334.455,4338.029,3076
2025-12-30 23:00:00,4340.098,4346.055,4338.745,4345.525,1752
2025-12-30 23:15:00,4345.525,4345.545,4331.885,4333.755,2744
2025-12-30 23:30:00,4333.675,4342.505,4328.765,4339.205,3359
2025-12-30 23:45:00,4339.265,4339.335,4333.098,4338.655,2637
2025-12-31 00:00:00,4338.655,4343.798,4338.585,4341.255,1855
2025-12-31 00:15:00,4341.235,4342.845,4332.385,4336.255,2538
2025-12-31 00:30:00,4336.205,4346.298,4332.515,4342.555,4248
2025-12-31 00:45:00,4342.548,4343.735,4336.098,4341.925,5328
2025-12-31 01:00:00,4342.105,4355.595,4336.549,4353.145,8704
2025-12-31 01:15:00,4353.095,4360.305,4348.965,4354.375,7319
2025-12-31 01:30:00,4354.555,4369.655,4354.005,4368.585,6814
2025-12-31 01:45:00,4368.765,4372.905,4365.048,4365.595,7070
2025-12-31 02:00:00,4365.698,4371.005,4360.948,4361.948,4843
2025-12-31 02:15:00,4361.948,4363.785,4357.348,4360.875,4116
2025-12-31 02:30:00,4360.875,4370.925,4357.555,4369.955,7006
2025-12-31 02:45:00,4369.935,4370.465,4346.375,4348.525,8869
2025-12-31 03:00:00,4348.545,4359.339,4343.248,4359.015,8219
2025-12-31 03:15:00,4359.015,4359.415,4340.435,4348.298,8528
2025-12-31 03:30:00,4348.298,4353.715,4346.198,4351.455,6429
2025-12-31 03:45:00,4351.559,4352.245,4345.048,4347.898,5641
2025-12-31 04:00:00,4348.098,4350.898,4344.505,4347.835,5505
2025-12-31 04:15:00,4347.798,4348.195,4341.735,4346.005,5507
2025-12-31 04:30:00,4345.985,4347.925,4342.245,4342.855,5672
2025-12-31 04:45:00,4342.905,4345.715,4330.255,4332.598,4255
2025-12-31 05:00:00,4332.375,4334.339,4328.975,4334.315,5214
2025-12-31 05:15:00,4334.335,4342.865,4332.415,4342.375,4538
2025-12-31 05:30:00,4342.515,4342.745,4317.798,4324.395,8178
2025-12-31 05:45:00,4324.598,4327.375,4275.525,4285.365,8049
2025-12-31 06:00:00,4285.385,4301.005,4273.805,4298.805,6669
2025-12-31 06:15:00,4298.785,4308.625,4291.998,4307.015,5743
2025-12-31 06:30:00,4307.245,4317.045,4304.515,4314.055,4542
2025-12-31 06:45:00,4314.075,4328.498,4311.585,4327.698,4458
2025-12-31 07:00:00,4327.955,4332.098,4323.285,4330.355,4798
2025-12-31 07:15:00,4330.395,4334.835,4328.698,4332.898,4230
2025-12-31 07:30:00,4332.898,4334.598,4330.085,4331.848,3573
2025-12-31 07:45:00,4331.848,4332.385,4326.395,4330.738,4112
2025-12-31 09:00:00,4307.135,4317.775,4306.885,4316.755,4479
2025-12-31 09:15:00,4316.735,4327.225,4310.645,4323.525,3936
2025-12-31 09:30:00,4323.505,4336.895,4323.165,4335.885,4053
2025-12-31 09:45:00,4335.855,4337.065,4325.148,4325.448,4324
2025-12-31 10:00:00,4325.448,4331.035,4324.295,4326.755,4120
2025-12-31 10:15:00,4326.755,4329.895,4319.215,4319.415,3526
2025-12-31 10:30:00,4319.195,4319.385,4304.698,4306.948,4171
2025-12-31 10:45:00,4306.948,4310.725,4303.015,4306.325,3673
2025-12-31 11:00:00,4306.155,4315.098,4303.858,4313.548,3448
2025-12-31 11:15:00,4313.675,4315.635,4309.675,4311.055,2944
2025-12-31 11:30:00,4311.075,4313.415,4307.748,4312.375,2642
2025-12-31 11:45:00,4312.355,4316.165,4309.245,4310.725,3173
2025-12-31 12:00:00,4310.775,4312.335,4305.235,4308.755,3133
2025-12-31 12:15:00,4308.735,4310.535,4302.598,4306.625,3495
2025-12-31 12:30:00,4306.605,4317.925,4306.465,4317.005,3546
2025-12-31 12:45:00,4316.995,4317.148,4310.535,4313.515,3486
2025-12-31 13:00:00,4313.485,4316.685,4307.745,4311.375,3991
2025-12-31 13:15:00,4311.448,4329.075,4311.215,4328.035,5060
2025-12-31 13:30:00,4328.015,4334.635,4325.345,4332.635,4934
2025-12-31 13:45:00,4332.805,4347.915,4331.735,4345.395,5848
2025-12-31 14:00:00,4345.465,4348.155,4334.248,4339.785,5948
2025-12-31 14:15:00,4339.825,4344.648,4332.448,4336.748,5940
2025-12-31 14:30:00,4336.548,4348.248,4332.315,4343.698,9118
2025-12-31 14:45:00,4343.798,4353.048,4342.065,4345.548,7671
2025-12-31 15:00:00,4345.548,4345.685,4328.915,4331.355,7984
2025-12-31 15:15:00,4331.385,4338.398,4326.418,4336.798,8057
2025-12-31 15:30:00,4336.798,4341.348,4328.428,4330.578,6894
2025-12-31 15:45:00,4330.578,4337.645,4326.788,4337.145,7218
2025-12-31 16:00:00,4337.175,4339.505,4321.378,4323.608,6571
2025-12-31 16:15:00,4323.608,4329.278,4321.488,4325.105,5910
2025-12-31 16:30:00,4325.145,4329.315,4318.805,4319.425,5154
2025-12-31 16:45:00,4319.395,4324.405,4316.685,4322.618,4567
2025-12-31 17:00:00,4322.618,4327.958,4320.345,4323.285,4856
2025-12-31 17:15:00,4323.305,4324.555,4317.885,4320.435,4433
2025-12-31 17:30:00,4320.415,4329.158,4318.765,4325.038,5249
2025-12-31 17:45:00,4325.048,4326.575,4319.825,4321.395,5266
2025-12-31 18:00:00,4321.555,4327.545,4321.259,4327.198,5741
2025-12-31 18:15:00,4327.198,4331.275,4323.345,4328.065,5733
2025-12-31 18:30:00,4328.048,4328.648,4318.185,4321.698,4656
2025-12-31 18:45:00,4321.645,4321.725,4315.365,4319.255,4177
2025-12-31 19:00:00,4319.545,4322.525,4315.298,4317.425,4339
2025-12-31 19:15:00,4317.455,4319.575,4316.168,4317.175,3663
2025-12-31 19:30:00,4317.135,4317.585,4307.585,4310.635,5662
2025-12-31 19:45:00,4310.465,4313.925,4308.375,4311.115,4314
2025-12-31 20:00:00,4311.125,4315.285,4304.195,4314.565,4974
2025-12-31 20:15:00,4314.625,4318.748,4312.525,4314.405,4068
2025-12-31 20:30:00,4314.455,4324.285,4314.005,4320.695,4590
2025-12-31 20:45:00,4320.735,4321.285,4306.435,4313.045,5379
2025-12-31 21:00:00,4313.305,4314.475,4310.359,4312.748,2114
2025-12-31 21:15:00,4312.748,4312.848,4306.835,4309.648,1250
2025-12-31 21:30:00,4309.648,4316.185,4309.095,4314.475,1688
2025-12-31 21:45:00,4314.505,4318.719,4313.559,4318.679,1810
2026-01-01 23:00:00,4323.698,4335.055,4323.198,4330.625,1693
2026-01-01 23:15:00,4330.555,4342.505,4327.865,4339.515,1966
2026-01-01 23:30:00,4339.605,4345.505,4338.015,4344.965,1556
2026-01-01 23:45:00,4345.025,4351.005,4341.528,4347.805,2030
2026-01-02 00:00:00,4347.798,4352.725,4344.095,4347.715,1652
2026-01-02 00:15:00,4347.675,4349.185,4341.075,4346.605,1880
2026-01-02 00:30:00,4346.598,4350.595,4346.248,4349.375,3167
2026-01-02 00:45:00,4349.435,4355.545,4349.375,4353.715,3085
2026-01-02 01:00:00,4353.695,4355.575,4345.045,4346.315,3768
2026-01-02 01:15:00,4346.445,4349.655,4344.295,4348.975,4352
2026-01-02 01:30:00,4348.975,4351.295,4345.325,4346.215,4719
2026-01-02 01:45:00,4346.475,4354.295,4345.815,4347.685,3129
2026-01-02 02:00:00,4347.635,4351.825,4345.475,4346.675,2024
2026-01-02 02:15:00,4346.695,4348.215,4344.735,4347.645,3229
2026-01-02 02:30:00,4347.675,4353.095,4345.475,4351.205,3850
2026-01-02 02:45:00,4351.205,4362.915,4350.915,4362.585,3815
2026-01-02 03:00:00,4362.555,4371.585,4361.785,4368.765,3273
2026-01-02 03:15:00,4368.745,4370.665,4365.365,4368.728,3974
2026-01-02 03:30:00,4368.728,4374.535,4367.805,4373.425,3870
2026-01-02 03:45:00,4373.335,4375.398,4371.655,4374.748,3601
2026-01-02 04:00:00,4374.759,4378.135,4373.548,4374.555,3099
2026-01-02 04:15:00,4374.525,4375.955,4371.215,4373.345,3298
2026-01-02 04:30:00,4373.335,4375.175,4371.315,4375.095,2864
2026-01-02 04:45:00,4375.105,4375.645,4371.038,4372.898,2259
2026-01-02 05:00:00,4373.215,4379.998,4370.598,4377.395,2887
2026-01-02 05:15:00,4377.435,4379.765,4375.005,4378.255,2811
2026-01-02 05:30:00,4378.205,4379.475,4377.435,4378.405,2018
2026-01-02 05:45:00,4378.425,4381.495,4377.975,4380.335,2107
2026-01-02 06:00:00,4380.345,4380.548,4373.598,4374.865,1973
2026-01-02 06:15:00,4374.745,4379.885,4373.308,4379.625,3204
2026-01-02 06:30:00,4379.595,4379.595,4373.865,4373.868,2380
2026-01-02 06:45:00,4373.885,4375.925,4372.965,4374.315,2709
2026-01-02 07:00:00,4374.355,4377.775,4372.035,4377.045,2920
2026-01-02 07:15:00,4377.075,4377.235,4371.635,4373.465,3300
2026-01-02 07:30:00,4373.435,4380.415,4371.945,4375.575,2813
2026-01-02 07:45:00,4375.525,4383.165,4375.115,4382.525,3308
2026-01-02 08:00:00,4382.545,4386.155,4380.555,4384.565,2799
2026-01-02 08:15:00,4384.498,4385.398,4381.298,4384.898,2267
2026-01-02 08:30:00,4384.898,4390.198,4383.798,4390.198,3183
2026-01-02 08:45:00,4390.098,4397.315,4386.335,4386.598,3894
2026-01-02 09:00:00,4386.598,4390.698,4385.748,4389.675,3445
2026-01-02 09:15:00,4389.648,4391.248,4382.858,4388.405,3891
2026-01-02 09:30:00,4388.405,4389.565,4386.508,4388.355,2578
2026-01-02 09:45:00,4388.355,4389.115,4384.638,4385.055,2746
2026-01-02 10:00:00,4385.085,4388.198,4384.198,4387.698,2599
2026-01-02 10:15:00,4387.635,4389.458,4385.248,4385.948,2819
2026-01-02 10:30:00,4385.948,4396.325,4384.328,4393.415,3608
2026-01-02 10:45:00,4393.475,4398.235,4393.345,4395.818,2682
2026-01-02 11:00:00,4395.915,4397.495,4393.555,4394.795,2211
2026-01-02 11:15:00,4394.748,4398.998,4393.845,4394.015,2116
2026-01-02 11:30:00,4394.015,4395.198,4391.238,4394.598,2740
2026-01-02 11:45:00,4394.615,4395.138,4390.245,4392.535,3064
2026-01-02 12:00:00,4392.565,4396.805,4390.598,4394.815,2957
2026-01-02 12:15:00,4394.815,4397.875,4392.628,4393.015,2748
2026-01-02 12:30:00,4392.935,4394.295,4384.705,4387.585,3450
2026-01-02 12:45:00,4387.595,4394.418,4385.025,4393.978,3789
2026-01-02 13:00:00,4393.978,4400.808,4392.218,4399.425,4278
2026-01-02 13:15:00,4399.425,4401.928,4372.855,4374.325,6790
2026-01-02 13:30:00,4374.125,4377.035,4365.545,4372.375,5538
2026-01-02 13:45:00,4372.325,4377.615,4361.695,4365.785,4809
2026-01-02 14:00:00,4365.905,4372.525,4364.375,4369.995,4101
2026-01-02 14:15:00,4370.025,4373.495,4366.698,4368.215,4268
2026-01-02 14:30:00,4368.175,4370.025,4347.635,4356.125,9461
2026-01-02 14:45:00,4356.195,4362.955,4352.105,4353.275,7651
2026-01-02 15:00:00,4352.955,4356.905,4333.485,4340.595,7788
2026-01-02 15:15:00,4340.565,4342.555,4330.065,4336.335,8023
2026-01-02 15:30:00,4336.435,4346.595,4331.425,4345.935,5918
2026-01-02 15:45:00,4345.915,4346.865,4333.345,4335.095,6895
2026-01-02 16:00:00,4335.055,4337.095,4320.175,4322.335,7861
2026-01-02 16:15:00,4322.275,4324.785,4314.845,4321.495,7673
2026-01-02 16:30:00,4321.105,4327.948,4314.925,4325.555,5933
2026-01-02 16:45:00,4325.595,4328.155,4321.245,4326.335,5464
2026-01-02 17:00:00,4326.305,4333.215,4324.609,4329.975,5298
2026-01-02 17:15:00,4330.015,4332.895,4323.805,4328.545,4335
2026-01-02 17:30:00,4328.605,4331.105,4323.085,4326.155,4869
2026-01-02 17:45:00,4326.175,4327.865,4322.475,4322.825,5295
2026-01-02 18:00:00,4322.785,4323.425,4312.275,4314.155,4600
2026-01-02 18:15:00,4314.115,4321.435,4310.008,4318.315,5481
2026-01-02 18:30:00,4318.285,4319.275,4309.618,4312.275,4366
2026-01-02 18:45:00,4312.305,4315.515,4311.815,4314.955,4426
2026-01-02 19:00:00,4315.325,4321.905,4315.325,4321.235,4005
2026-01-02 19:15:00,4321.485,4322.925,4316.115,4318.225,3662
2026-01-02 19:30:00,4318.355,4326.005,4317.905,4322.425,3946
2026-01-02 19:45:00,4322.375,4322.625,4317.165,4317.845,3904
2026-01-02 20:00:00,4317.815,4321.255,4316.925,4319.735,4392
2026-01-02 20:15:00,4319.169,4329.195,4318.575,4328.265,4293
2026-01-02 20:30:00,4328.165,4329.065,4325.125,4326.625,3583
2026-01-02 20:45:00,4326.595,4331.345,4326.165,4331.325,4213
2026-01-02 21:00:00,4331.405,4331.595,4326.635,4328.715,2453
2026-01-02 21:15:00,4328.715,4329.525,4327.525,4328.645,1123
2026-01-02 21:30:00,4328.595,4330.155,4327.075,4328.345,1140
2026-01-02 21:45:00,4328.275,4333.165,4328.225,4331.575,1945
2026-01-05 00:00:00,4372.275,4379.685,4370.025,4377.625,2885
2026-01-05 00:15:00,4377.625,4389.198,4377.195,4386.555,3290
2026-01-05 00:30:00,4386.548,4396.475,4385.315,4387.675,4452
2026-01-05 00:45:00,4387.625,4395.865,4384.648,4394.765,5034
2026-01-05 01:00:00,4394.905,4421.195,4394.195,4402.615,9487
2026-01-05 01:15:00,4402.535,4405.035,4393.685,4395.725,7696
2026-01-05 01:30:00,4395.758,4404.755,4392.775,4404.045,7621
2026-01-05 01:45:00,4404.105,4406.605,4390.558,4401.655,7789
2026-01-05 02:00:00,4401.695,4404.815,4388.365,4393.875,6857
2026-01-05 02:15:00,4393.869,4402.635,4392.105,4401.765,4989
2026-01-05 02:30:00,4401.715,4406.648,4399.465,4399.505,6569
2026-01-05 02:45:00,4400.075,4409.095,4398.145,4404.985,7312
2026-01-05 03:00:00,4404.948,4413.875,4404.855,4410.295,6928
2026-01-05 03:15:00,4410.355,4412.395,4405.885,4407.175,5249
2026-01-05 03:30:00,4407.155,4410.365,4403.155,4409.305,4620
2026-01-05 03:45:00,4409.275,4409.925,4399.485,4399.615,4387
2026-01-05 04:00:00,4399.645,4404.155,4397.005,4399.785,3082
2026-01-05 04:15:00,4399.745,4406.135,4399.665,4404.645,2447
2026-01-05 04:30:00,4404.675,4407.405,4403.915,4405.495,2457
2026-01-05 04:45:00,4405.535,4408.055,4403.415,4403.865,2640
2026-01-05 05:00:00,4403.835,4408.725,4403.538,4407.875,2770
2026-01-05 05:15:00,4407.925,4412.465,4406.848,4412.245,2563
2026-01-05 05:30:00,4412.215,4414.335,4401.648,4401.648,4992
2026-01-05 05:45:00,4401.648,4412.195,4400.978,4412.185,5619
2026-01-05 06:00:00,4412.125,4419.835,4411.025,4417.869,5894
2026-01-05 06:15:00,4417.889,4425.975,4415.489,4423.655,5391
2026-01-05 06:30:00,4424.055,4426.095,4415.965,4419.795,5841
2026-01-05 06:45:00,4419.755,4421.905,4417.835,4420.235,4598
2026-01-05 07:00:00,4420.205,4423.685,4416.475,4419.795,3934
2026-01-05 07:15:00,4419.785,4423.135,4418.535,4420.128,3305
2026-01-05 07:30:00,4420.108,4424.695,4418.248,4424.255,4108
2026-01-05 07:45:00,4424.245,4424.318,4419.688,4421.465,3883
2026-01-05 08:00:00,4421.465,4424.948,4419.025,4424.135,3736
2026-01-05 08:15:00,4424.085,4429.915,4424.085,4426.298,3840
2026-01-05 08:30:00,4426.275,4430.735,4423.195,4429.835,4309
2026-01-05 08:45:00,4429.835,4433.675,4429.725,4429.885,2911
2026-01-05 09:00:00,4429.655,4431.845,4425.798,4430.395,3267
2026-01-05 09:15:00,4430.415,4434.148,4429.655,4432.265,3492
2026-01-05 09:30:00,4432.255,4438.025,4430.725,4437.309,3818
2026-01-05 09:45:00,4437.309,4437.815,4433.475,4434.525,4406
2026-01-05 10:00:00,4434.485,4434.948,4430.505,4432.828,2782
2026-01-05 10:15:00,4432.828,4436.325,4430.959,4432.848,2486
2026-01-05 10:30:00,4432.795,4438.785,4432.538,4434.885,2480
2026-01-05 10:45:00,4434.885,4439.675,4434.068,4436.085,4162
2026-01-05 11:00:00,4436.115,4437.305,4430.005,4432.955,4234
2026-01-05 11:15:00,4433.005,4433.415,4410.285,4416.925,5164
2026-01-05 11:30:00,4416.945,4424.405,4414.848,4423.965,3875
2026-01-05 11:45:00,4423.915,4425.885,4417.905,4419.035,3829
2026-01-05 12:00:00,4419.065,4421.225,4416.525,4417.675,4428
2026-01-05 12:15:00,4417.675,4418.345,4413.545,4415.379,4112
2026-01-05 12:30:00,4415.375,4416.835,4406.095,4409.755,3606
2026-01-05 12:45:00,4409.715,4412.185,4405.265,4409.455,4250
2026-01-05 13:00:00,4409.485,4418.765,4406.985,4408.945,6560
2026-01-05 13:15:00,4408.985,4413.135,4396.415,4399.385,6704
2026-01-05 13:30:00,4399.315,4414.055,4396.045,4411.928,6696
2026-01-05 13:45:00,4411.928,4417.125,4411.175,4416.635,4781
2026-01-05 14:00:00,4416.685,4428.305,4416.685,4426.025,5796
2026-01-05 14:15:00,4426.055,4429.548,4419.975,4420.835,5830
2026-01-05 14:30:00,4420.905,4429.725,4417.598,4429.545,8729
2026-01-05 14:45:00,4429.415,4442.575,4427.785,4435.998,8123
2026-01-05 15:00:00,4435.998,4455.425,4435.998,4448.995,8300
2026-01-05 15:15:00,4449.015,4452.325,4441.908,4444.348,7149
2026-01-05 15:30:00,4444.348,4447.605,4435.345,4447.115,6542
2026-01-05 15:45:00,4447.165,4449.615,4440.335,4448.275,5234
2026-01-05 16:00:00,4448.255,4451.235,4438.125,4446.275,5196
2026-01-05 16:15:00,4446.275,4448.555,4439.748,4440.518,3878
2026-01-05 16:30:00,4440.448,4445.698,4439.748,4444.898,3976
2026-01-05 16:45:00,4444.845,4454.125,4440.565,4441.535,4666
2026-01-05 17:00:00,4441.815,4442.225,4432.095,4442.195,6042
2026-01-05 17:15:00,4442.175,4448.855,4442.025,4445.845,4117
2026-01-05 17:30:00,4445.785,4447.398,4437.475,4439.235,3900
2026-01-05 17:45:00,4439.205,4445.455,4438.835,4443.325,4657
2026-01-05 18:00:00,4443.295,4448.005,4441.628,4446.945,4240
2026-01-05 18:15:00,4446.975,4448.305,4439.475,4441.015,3761
2026-01-05 18:30:00,4440.825,4445.625,4440.705,4443.285,2542
2026-01-05 18:45:00,4443.348,4448.348,4442.445,4448.348,2269
2026-01-05 19:00:00,4448.348,4449.075,4434.585,4439.765,4904
2026-01-05 19:15:00,4439.705,4442.715,4437.498,4441.535,2877
2026-01-05 19:30:00,4441.515,4445.548,4440.935,4442.405,2657
2026-01-05 19:45:00,4442.435,4443.915,4438.198,4439.485,2797
2026-01-05 20:00:00,4439.448,4445.195,4438.785,4443.635,3215
2026-01-05 20:15:00,4443.655,4446.715,4442.575,4445.395,3056
2026-01-05 20:30:00,4445.375,4445.375,4437.735,4437.865,3389
2026-01-05 20:45:00,4437.945,4445.709,4437.875,4444.555,4418
2026-01-05 21:00:00,4444.545,4447.955,4444.545,4446.748,2988
2026-01-05 21:15:00,4446.755,4446.755,4443.058,4445.195,1248
2026-01-05 21:30:00,4445.195,4448.048,4445.048,4445.748,1064
2026-01-05 21:45:00,4445.848,4449.165,4445.098,4448.345,973
2026-01-05 23:00:00,4446.615,4459.815,4446.615,4451.135,1640
2026-01-05 23:15:00,4451.125,4453.225,4448.345,4448.658,1625
2026-01-05 23:30:00,4448.645,4449.975,4438.465,4442.745,2080
2026-01-05 23:45:00,4442.745,4443.845,4436.555,4440.285,1630
2026-01-06 00:00:00,4440.285,4441.455,4436.185,4440.198,2050
2026-01-06 00:15:00,4440.198,4442.415,4439.148,4440.675,1618
2026-01-06 00:30:00,4440.695,4444.548,4429.988,4436.385,3331
2026-01-06 00:45:00,4436.435,4438.005,4434.425,4436.285,2778
2026-01-06 01:00:00,4436.325,4442.105,4427.725,4441.735,6550
2026-01-06 01:15:00,4441.685,4444.115,4433.615,4434.785,5488
2026-01-06 01:30:00,4434.755,4443.145,4432.515,4439.055,5336
2026-01-06 01:45:00,4439.045,4452.145,4438.185,4450.325,5960
2026-01-06 02:00:00,4450.465,4460.109,4448.395,4459.225,7305
2026-01-06 02:15:00,4459.195,4460.655,4456.205,4460.125,4189
2026-01-06 02:30:00,4460.105,4461.125,4448.395,4453.335,5843
2026-01-06 02:45:00,4453.305,4457.305,4451.485,4454.695,3816
2026-01-06 03:00:00,4454.695,4465.325,4453.875,4462.405,4566
2026-01-06 03:15:00,4462.345,4467.785,4461.715,4463.385,5072
2026-01-06 03:30:00,4463.425,4467.315,4462.875,4465.945,2376
2026-01-06 03:45:00,4465.875,4467.885,4464.295,4467.305,2008
2026-01-06 04:00:00,4467.298,4468.235,4464.355,4465.465,1854
2026-01-06 04:15:00,4465.465,4467.135,4462.905,4464.435,2907
2026-01-06 04:30:00,4464.465,4466.135,4461.475,4462.415,1790
2026-01-06 04:45:00,4462.445,4468.275,4462.255,4467.205,2197
2026-01-06 05:00:00,4467.175,4469.305,4466.795,4466.945,2828
2026-01-06 05:15:00,4466.945,4470.465,4466.475,4469.525,2947
2026-01-06 05:30:00,4469.465,4473.915,4461.405,4462.765,5852
2026-01-06 05:45:00,4463.015,4464.498,4449.198,4451.725,6147
2026-01-06 06:00:00,4452.115,4458.165,4451.205,4456.645,4387
2026-01-06 06:15:00,4456.665,4461.095,4455.235,4461.005,4555
2026-01-06 06:30:00,4461.045,4465.515,4458.805,4463.325,4573
2026-01-06 06:45:00,4463.325,4466.655,4460.885,4465.595,4182
2026-01-06 07:00:00,4465.565,4470.035,4463.975,4468.135,3435
2026-01-06 07:15:00,4468.115,4469.425,4461.185,4464.218,2558
2026-01-06 07:30:00,4464.218,4466.945,4463.225,4464.255,2099
2026-01-06 07:45:00,4464.225,4466.135,4456.695,4459.125,3587
2026-01-06 08:00:00,4459.105,4463.335,4456.975,4461.755,4150
2026-01-06 08:15:00,4461.765,4475.485,4461.525,4470.648,3118
2026-01-06 08:30:00,4470.535,4472.348,4464.195,4465.435,4002
2026-01-06 08:45:00,4465.395,4469.148,4464.705,4467.948,3602
2026-01-06 09:00:00,4467.948,4468.185,4453.318,4457.648,4544
2026-01-06 09:15:00,4457.648,4457.935,4451.775,4456.379,4162
2026-01-06 09:30:00,4456.348,4456.665,4453.445,4455.585,2686
2026-01-06 09:45:00,4455.545,4455.875,4444.498,4446.055,5531
2026-01-06 10:00:00,4446.085,4452.065,4442.095,4449.905,4016
2026-01-06 10:15:00,4449.875,4452.268,4448.275,4449.798,2874
2026-01-06 10:30:00,4449.838,4455.549,4448.098,4450.679,3243
2026-01-06 10:45:00,4450.709,4452.855,4448.908,4451.455,2993
2026-01-06 11:00:00,4451.425,4452.915,4449.515,4450.455,2651
2026-01-06 11:15:00,4450.455,4455.405,4448.285,4455.185,2662
2026-01-06 11:30:00,4455.185,4462.148,4454.505,4461.848,3840
2026-01-06 11:45:00,4461.809,4464.198,4459.438,4462.948,3291
2026-01-06 12:00:00,4463.048,4464.375,4461.348,4461.858,3061
2026-01-06 12:15:00,4461.858,4465.395,4461.118,4464.098,3612
2026-01-06 12:30:00,4464.148,4466.065,4458.478,4461.639,4256
2026-01-06 12:45:00,4461.609,4464.615,4459.255,4463.365,2936
2026-01-06 13:00:00,4463.345,4467.769,4459.405,4465.159,6526
2026-01-06 13:15:00,4465.189,4470.175,4457.125,4458.835,6670
2026-01-06 13:30:00,4458.875,4461.875,4455.165,4460.835,5966
2026-01-06 13:45:00,4460.815,4468.095,4453.535,4467.695,6135
2026-01-06 14:00:00,4467.735,4472.255,4466.025,4471.488,5923
2026-01-06 14:15:00,4471.305,4472.998,4464.165,4466.445,5614
2026-01-06 14:30:00,4466.485,4482.848,4464.885,4479.045,8531
2026-01-06 14:45:00,4479.045,4489.448,4479.045,4487.425,7711
2026-01-06 15:00:00,4487.255,4490.615,4478.795,4479.835,8165
2026-01-06 15:15:00,4479.835,4482.978,4473.485,4480.579,7780
2026-01-06 15:30:00,4480.579,4481.605,4462.955,4475.258,8655
2026-01-06 15:45:00,4475.258,4479.525,4471.145,4478.025,6570
2026-01-06 16:00:00,4477.978,4482.848,4471.178,4478.485,6520
2026-01-06 16:15:00,4478.498,4485.105,4477.355,4483.165,5696
2026-01-06 16:30:00,4483.125,4488.575,4482.205,4487.825,5595
2026-01-06 16:45:00,4487.805,4488.555,4483.958,4487.915,5169
2026-01-06 17:00:00,4487.945,4489.975,4483.925,4488.125,4668
2026-01-06 17:15:00,4488.085,4489.905,4485.725,4486.805,4550
2026-01-06 17:30:00,4486.775,4489.595,4481.345,4483.625,4648
2026-01-06 17:45:00,4483.675,4491.248,4482.975,4489.148,4783
2026-01-06 18:00:00,4489.098,4491.308,4485.945,4490.875,4897
2026-01-06 18:15:00,4490.835,4493.775,4483.955,4485.558,6173
2026-01-06 18:30:00,4485.538,4487.545,4481.728,4485.905,5347
2026-01-06 18:45:00,4485.898,4490.098,4485.875,4488.215,3193
2026-01-06 19:00:00,4488.245,4489.165,4481.528,4481.905,4800
2026-01-06 19:15:00,4481.985,4484.455,4477.195,4480.675,5394
2026-01-06 19:30:00,4480.695,4483.385,4477.258,4481.295,4389
2026-01-06 19:45:00,4481.375,4483.505,4478.865,4481.195,4601
2026-01-06 20:00:00,4481.155,4486.625,4480.135,4485.115,4414
2026-01-06 20:15:00,4485.115,4487.565,4484.425,4485.315,3535
2026-01-06 20:30:00,4485.295,4489.935,4483.575,4489.475,4912
2026-01-06 20:45:00,4489.505,4496.498,4488.298,4493.448,5112
2026-01-06 21:00:00,4493.448,4494.398,4491.548,4491.648,2020
2026-01-06 21:15:00,4491.648,4494.298,4491.648,4493.698,915
2026-01-06 21:30:00,4493.745,4496.748,4493.598,4495.898,1145
2026-01-06 21:45:00,4495.858,4497.048,4493.185,4493.185,1335
2026-01-06 23:00:00,4494.298,4499.098,4494.298,4497.265,1285
2026-01-06 23:15:00,4497.305,4500.348,4496.648,4498.198,1637
2026-01-06 23:30:00,4498.135,4499.355,4494.755,4495.125,1134
2026-01-06 23:45:00,4495.095,4496.035,4491.935,4493.235,2100
2026-01-07 00:00:00,4493.185,4494.105,4490.045,4492.935,2046
2026-01-07 00:15:00,4492.975,4493.235,4489.405,4490.875,1663
2026-01-07 00:30:00,4491.105,4494.475,4487.845,4489.555,2807
2026-01-07 00:45:00,4489.538,4491.945,4481.999,4491.735,3769
2026-01-07 01:00:00,4491.695,4495.595,4468.945,4470.765,8460
2026-01-07 01:15:00,4470.735,4478.705,4470.525,4476.865,6248
2026-01-07 01:30:00,4476.885,4477.565,4464.568,4468.075,6870
2026-01-07 01:45:00,4468.095,4470.195,4460.625,4465.275,5346
2026-01-07 02:00:00,4465.255,4475.065,4459.308,4472.075,6934
2026-01-07 02:15:00,4472.035,4474.915,4468.009,4473.545,3534
2026-01-07 02:30:00,4473.525,4478.085,4473.215,4475.548,4803
2026-01-07 02:45:00,4475.548,4478.405,4473.455,4474.255,3939
2026-01-07 03:00:00,4474.305,4476.835,4471.365,4474.395,4404
2026-01-07 03:15:00,4474.455,4479.965,4472.405,4476.105,4695
2026-01-07 03:30:00,4476.135,4478.625,4475.298,4478.075,2844
2026-01-07 03:45:00,4478.055,4478.145,4473.445,4474.505,3801
2026-01-07 04:00:00,4474.525,4475.755,4468.925,4470.165,3844
2026-01-07 04:15:00,4470.138,4471.609,4465.665,4465.825,2936
2026-01-07 04:30:00,4465.785,4468.229,4463.165,4464.899,3266
2026-01-07 04:45:00,4464.899,4466.935,4463.515,4464.515,2354
2026-01-07 05:00:00,4464.495,4466.678,4461.695,4465.605,3079
2026-01-07 05:15:00,4465.635,4470.155,4465.015,4468.295,3266
2026-01-07 05:30:00,4468.275,4469.005,4448.395,4452.159,6988
2026-01-07 05:45:00,4452.119,4454.195,4442.935,4453.975,6020
2026-01-07 06:00:00,4453.975,4458.905,4452.575,4455.805,4048
2026-01-07 06:15:00,4455.825,4460.105,4451.935,4454.705,4337
2026-01-07 06:30:00,4454.725,4455.275,4443.385,4446.375,4628
2026-01-07 06:45:00,4446.315,4450.735,4441.248,4443.798,4729
2026-01-07 07:00:00,4443.798,4450.655,4441.375,4450.055,3963
2026-01-07 07:15:00,4450.045,4454.695,4448.085,4454.655,3423
2026-01-07 07:30:00,4454.675,4459.845,4453.355,4458.665,3492
2026-01-07 07:45:00,4458.665,4464.625,4458.325,4460.935,2848
2026-01-07 08:00:00,4460.785,4466.265,4459.085,4465.565,3037
2026-01-07 08:15:00,4465.595,4468.485,4463.505,4464.995,2765
2026-01-07 08:30:00,4465.025,4474.648,4463.855,4466.475,3289
2026-01-07 08:45:00,4466.405,4470.465,4465.258,4468.075,2745
2026-01-07 09:00:00,4467.895,4468.415,4459.215,4465.655,4251
2026-01-07 09:15:00,4465.595,4467.135,4461.545,4462.095,3701
2026-01-07 09:30:00,4461.855,4464.285,4460.695,4461.315,2832
2026-01-07 09:45:00,4461.315,4465.445,4459.845,4463.215,3278
2026-01-07 10:00:00,4463.165,4465.465,4461.105,4464.595,3304
2026-01-07 10:15:00,4464.595,4466.445,4458.495,4459.695,3475
2026-01-07 10:30:00,4459.695,4467.005,4458.548,4465.725,3392
2026-01-07 10:45:00,4465.585,4467.475,4463.485,4464.095,1921
2026-01-07 11:00:00,4464.065,4464.745,4460.905,4461.515,2030
2026-01-07 11:15:00,4461.485,4464.015,4454.945,4458.815,2251
2026-01-07 11:30:00,4458.875,4459.935,4450.155,4450.155,2970
2026-01-07 11:45:00,4450.185,4454.385,4446.255,4447.135,3549
2026-01-07 12:00:00,4447.505,4449.935,4443.245,4445.425,3577
2026-01-07 12:15:00,4445.395,4450.255,4439.135,4449.845,5255
2026-01-07 12:30:00,4449.795,4454.805,4449.165,4449.488,3996
2026-01-07 12:45:00,4449.558,4453.399,4444.685,4444.685,4707
2026-01-07 13:00:00,4444.609,4449.765,4427.505,4432.848,8214
2026-01-07 13:15:00,4432.848,4447.065,4429.735,4441.865,6383
2026-01-07 13:30:00,4441.915,4450.545,4437.995,4445.055,7586
2026-01-07 13:45:00,4445.098,4452.895,4444.465,4452.648,5092
2026-01-07 14:00:00,4452.655,4454.095,4446.809,4446.895,5532
2026-01-07 14:15:00,4446.889,4453.295,4442.465,4444.365,5642
2026-01-07 14:30:00,4444.239,4452.055,4435.485,4443.935,7384
2026-01-07 14:45:00,4444.005,4452.848,4440.595,4444.548,7187
2026-01-07 15:00:00,4444.548,4444.548,4426.305,4426.475,7955
2026-01-07 15:15:00,4426.505,4442.415,4423.135,4442.005,6907
2026-01-07 15:30:00,4441.985,4452.055,4441.655,4441.785,6833
2026-01-07 15:45:00,4441.835,4447.805,4440.145,4445.895,5809
2026-01-07 16:00:00,4445.845,4450.415,4443.615,4446.965,7266
2026-01-07 16:15:00,4446.965,4460.845,4444.285,4457.625,7341
2026-01-07 16:30:00,4457.648,4467.905,4456.615,4467.495,6663
2026-01-07 16:45:00,4467.495,4468.075,4461.705,4463.865,6518
2026-01-07 17:00:00,4463.875,4465.095,4457.565,4459.898,5362
2026-01-07 17:15:00,4459.835,4462.798,4456.898,4458.198,4207
2026-01-07 17:30:00,4458.475,4461.148,4455.695,4456.628,4327
2026-01-07 17:45:00,4456.628,4459.075,4449.455,4451.725,4934
2026-01-07 18:00:00,4451.685,4452.625,4447.785,4449.635,5151
2026-01-07 18:15:00,4449.675,4455.565,4446.815,4451.789,5186
2026-01-07 18:30:00,4451.805,4458.655,4451.465,4455.995,4160
2026-01-07 18:45:00,4455.995,4456.375,4449.855,4451.835,4247
2026-01-07 19:00:00,4451.865,4455.035,4447.675,4449.475,4305
2026-01-07 19:15:00,4449.435,4450.855,4445.105,4450.345,5096
2026-01-07 19:30:00,4450.345,4457.045,4450.255,4453.005,3251
2026-01-07 19:45:00,4453.055,4457.915,4451.745,4456.875,3502
2026-01-07 20:00:00,4456.835,4459.415,4455.225,4458.155,4832
2026-01-07 20:15:00,4458.155,4461.365,4455.815,4457.975,4208
2026-01-07 20:30:00,4458.005,4460.265,4456.325,4456.715,4096
2026-01-07 20:45:00,4456.549,4459.598,4450.325,4451.805,4635
2026-01-07 21:00:00,4452.075,4454.405,4449.688,4453.845,2091
2026-01-07 21:15:00,4453.865,4455.015,4451.735,4452.345,1086
2026-01-07 21:30:00,4452.275,4454.245,4452.085,4452.985,797
2026-01-07 21:45:00,4452.965,4456.505,4452.555,4455.635,1310
2026-01-07 23:00:00,4457.498,4462.198,4456.898,4459.455,926
2026-01-07 23:15:00,4459.495,4463.735,4458.925,4461.765,1380
2026-01-07 23:30:00,4461.745,4462.655,4459.675,4461.365,1109
2026-01-07 23:45:00,4461.305,4463.565,4459.585,4463.205,1163
2026-01-08 00:00:00,4463.145,4465.715,4462.235,4465.385,1474
2026-01-08 00:15:00,4465.345,4466.075,4453.655,4456.555,1782
2026-01-08 00:30:00,4456.585,4458.525,4449.965,4451.195,4339
2026-01-08 00:45:00,4451.125,4452.045,4446.395,4449.815,4153
2026-01-08 01:00:00,4449.835,4460.025,4444.145,4456.895,6221
2026-01-08 01:15:00,4456.915,4460.025,4454.118,4454.638,5992
2026-01-08 01:30:00,4454.535,4457.345,4445.509,4447.248,5409
2026-01-08 01:45:00,4447.348,4448.085,4441.678,4448.065,4666
2026-01-08 02:00:00,4448.065,4449.205,4440.035,4446.275,4932
2026-01-08 02:15:00,4446.275,4446.465,4440.555,4440.935,3973
2026-01-08 02:30:00,4440.785,4442.525,4433.275,4441.595,6748
2026-01-08 02:45:00,4441.595,4443.895,4437.018,4440.975,5512
2026-01-08 03:00:00,4440.965,4445.435,4438.618,4442.465,5582
2026-01-08 03:15:00,4442.375,4445.475,4437.005,4443.888,5969
2026-01-08 03:30:00,4443.888,4446.195,4439.765,4441.835,3034
2026-01-08 03:45:00,4441.755,4442.565,4437.805,4439.925,3578
2026-01-08 04:00:00,4439.925,4440.175,4436.335,4440.055,2994
2026-01-08 04:15:00,4440.055,4440.255,4436.215,4436.298,2470
2026-01-08 04:30:00,4436.308,4438.498,4431.745,4431.765,3391
2026-01-08 04:45:00,4431.805,4433.005,4429.838,4431.275,3213
2026-01-08 05:00:00,4431.225,4432.105,4425.575,4427.035,4322
2026-01-08 05:15:00,4426.995,4429.375,4422.465,4425.705,4044
2026-01-08 05:30:00,4425.665,4426.555,4415.215,4418.385,8707
2026-01-08 05:45:00,4418.465,4427.625,4415.505,4425.395,6001
2026-01-08 06:00:00,4425.375,4429.125,4415.415,4420.585,6290
2026-01-08 06:15:00,4420.535,4428.015,4418.245,4425.785,5930
2026-01-08 06:30:00,4425.798,4437.348,4425.785,4435.475,5009
2026-01-08 06:45:00,4435.505,4435.885,4429.735,4433.025,4992
2026-01-08 07:00:00,4432.995,4439.448,4431.705,4435.605,3859
2026-01-08 07:15:00,4435.535,4436.685,4430.498,4436.255,3460
2026-01-08 07:30:00,4436.325,4436.435,4430.705,4431.065,2513
2026-01-08 07:45:00,4431.008,4433.725,4428.005,4430.745,3495
2026-01-08 08:00:00,4430.725,4433.175,4425.295,4425.528,4090
2026-01-08 08:15:00,4425.528,4430.565,4425.055,4426.615,3102
2026-01-08 08:30:00,4426.585,4428.345,4419.438,4420.729,4569
2026-01-08 08:45:00,4420.965,4432.765,4420.625,4431.435,4522
2026-01-08 09:00:00,4431.239,4435.145,4430.285,4430.645,3245
2026-01-08 09:15:00,4430.605,4431.095,4425.825,4430.235,3309
2026-01-08 09:30:00,4430.215,4434.715,4429.655,4433.045,2922
2026-01-08 09:45:00,4432.975,4433.185,4428.805,4432.405,2327
2026-01-08 10:00:00,4432.425,4432.515,4427.455,4429.105,2596
2026-01-08 10:15:00,4429.165,4430.475,4422.755,4424.415,3001
2026-01-08 10:30:00,4424.385,4434.615,4423.505,4432.395,2285
2026-01-08 10:45:00,4432.375,4433.648,4429.735,4433.048,1835
2026-01-08 11:00:00,4433.048,4433.048,4427.255,4428.075,2190
2026-01-08 11:15:00,4428.045,4429.245,4424.495,4426.098,3368
2026-01-08 11:30:00,4426.055,4427.985,4424.395,4426.235,2469
2026-01-08 11:45:00,4426.215,4427.005,4421.885,4422.675,2611
2026-01-08 12:00:00,4422.735,4422.805,4411.898,4412.115,5371
2026-01-08 12:15:00,4412.105,4422.225,4407.485,4420.345,4560
2026-01-08 12:30:00,4420.315,4431.055,4419.875,4428.815,3817
2026-01-08 12:45:00,4428.795,4430.095,4426.078,4427.415,3766
2026-01-08 13:00:00,4427.375,4429.365,4417.095,4420.425,7118
2026-01-08 13:15:00,4420.265,4435.605,4420.195,4434.045,7267
2026-01-08 13:30:00,4434.095,4435.445,4425.785,4433.135,4857
2026-01-08 13:45:00,4433.115,4433.735,4421.455,4423.515,5421
2026-01-08 14:00:00,4423.575,4427.765,4418.915,4423.065,6247
2026-01-08 14:15:00,4423.035,4429.895,4419.085,4427.535,4890
2026-01-08 14:30:00,4427.298,4435.255,4421.615,4425.775,7900
2026-01-08 14:45:00,4425.755,4439.185,4425.605,4432.755,7545
2026-01-08 15:00:00,4432.725,4448.898,4427.615,4447.845,7359
2026-01-08 15:15:00,4447.698,4453.698,4442.965,4447.348,7214
2026-01-08 15:30:00,4447.435,4455.165,4446.438,4452.835,6338
2026-01-08 15:45:00,4453.145,4456.315,4447.325,4454.015,5677
2026-01-08 16:00:00,4454.035,4457.815,4446.905,4446.945,6029
2026-01-08 16:15:00,4446.895,4454.955,4446.695,4453.325,6130
2026-01-08 16:30:00,4453.305,4464.255,4451.615,4460.455,5723
2026-01-08 16:45:00,4460.485,4464.085,4457.425,4462.935,5631
2026-01-08 17:00:00,4462.945,4465.165,4457.835,4459.705,4065
2026-01-08 17:15:00,4459.675,4462.025,4457.275,4461.405,4633
2026-01-08 17:30:00,4461.635,4463.255,4458.598,4461.045,3313
2026-01-08 17:45:00,4461.075,4463.845,4458.885,4463.165,2986
2026-01-08 18:00:00,4463.175,4463.175,4452.155,4453.545,4392
2026-01-08 18:15:00,4453.625,4456.275,4449.095,4451.725,5516
2026-01-08 18:30:00,4451.775,4453.375,4447.675,4451.935,4061
2026-01-08 18:45:00,4451.955,4454.808,4449.048,4449.235,4179
2026-01-08 19:00:00,4449.208,4450.975,4446.635,4446.995,3743
2026-01-08 19:15:00,4447.035,4449.615,4444.565,4447.575,4636
2026-01-08 19:30:00,4447.555,4452.685,4447.465,4451.405,3451
2026-01-08 19:45:00,4451.405,4452.775,4449.345,4451.895,2952
2026-01-08 20:00:00,4451.875,4458.685,4451.285,4458.005,2864
2026-01-08 20:15:00,4457.955,4473.595,4457.115,4469.698,4813
2026-01-08 20:30:00,4469.955,4477.898,4469.955,4473.315,4825
2026-01-08 20:45:00,4473.215,4477.735,4471.675,4475.925,4776
2026-01-08 21:00:00,4475.835,4479.398,4475.835,4477.548,1893
2026-01-08 21:15:00,4477.548,4478.295,4472.458,4474.645,1831
2026-01-08 21:30:00,4474.645,4475.498,4472.398,4473.945,1387
2026-01-08 21:45:00,4473.835,4478.395,4473.525,4477.555,1340
2026-01-08 23:00:00,4478.698,4483.548,4475.035,4476.655,1628
2026-01-08 23:15:00,4476.695,4478.585,4474.855,4476.965,1287
2026-01-08 23:30:00,4477.065,4477.265,4474.998,4475.625,1223
2026-01-08 23:45:00,4475.655,4476.065,4472.515,4475.485,1329
2026-01-09 00:00:00,4475.445,4476.675,4471.355,4471.495,1280
2026-01-09 00:15:00,4471.465,4472.595,4463.055,4465.495,2118
2026-01-09 00:30:00,4465.475,4468.415,4463.635,4467.515,2314
2026-01-09 00:45:00,4467.545,4467.565,4459.525,4462.218,3502
2026-01-09 01:00:00,4462.238,4465.248,4452.685,4458.915,6690
2026-01-09 01:15:00,4458.865,4461.135,4452.585,4457.155,4681
2026-01-09 01:30:00,4457.125,4463.268,4455.725,4462.315,4430
2026-01-09 01:45:00,4462.295,4469.805,4462.145,4468.745,4404
2026-01-09 02:00:00,4468.715,4476.295,4468.625,4471.695,4296
2026-01-09 02:15:00,4471.725,4474.355,4469.768,4472.055,1926
2026-01-09 02:30:00,4471.995,4475.348,4468.098,4473.085,3545
2026-01-09 02:45:00,4473.115,4473.445,4465.425,4469.305,4162
2026-01-09 03:00:00,4469.275,4469.765,4461.995,4464.125,4802
2026-01-09 03:15:00,4464.215,4466.175,4460.855,4463.195,4282
2026-01-09 03:30:00,4463.175,4465.265,4460.215,4463.595,2196
2026-01-09 03:45:00,4463.625,4465.605,4463.395,4463.905,1929
2026-01-09 04:00:00,4463.875,4465.455,4462.255,4462.318,1979
2026-01-09 04:15:00,4462.318,4463.745,4460.558,4462.545,2060
2026-01-09 04:30:00,4462.575,4464.675,4461.458,4463.085,1700
2026-01-09 04:45:00,4463.055,4466.785,4461.775,4464.465,1464
2026-01-09 05:00:00,4464.445,4466.575,4461.585,4462.855,1357
2026-01-09 05:15:00,4462.935,4464.865,4457.985,4464.425,2268
2026-01-09 05:30:00,4464.455,4471.535,4464.295,4467.255,4105
2026-01-09 05:45:00,4467.195,4469.248,4465.335,4467.845,3358
2026-01-09 06:00:00,4468.335,4470.795,4465.815,4467.065,3303
2026-01-09 06:15:00,4466.965,4473.415,4465.835,4473.415,3248
2026-01-09 06:30:00,4473.315,4475.535,4472.795,4474.861,3212
2026-01-09 06:45:00,4474.903,4477.125,4472.475,4473.805,3914
2026-01-09 07:00:00,4473.875,4475.235,4470.445,4471.135,1948
2026-01-09 07:15:00,4471.135,4472.935,4468.299,4470.145,2033
2026-01-09 07:30:00,4470.495,4472.538,4468.355,4471.315,1809
2026-01-09 07:45:00,4471.355,4473.345,4469.105,4469.935,2242
2026-01-09 08:00:00,4470.025,4476.685,4466.145,4474.005,3064
2026-01-09 08:15:00,4474.055,4475.105,4472.095,4472.868,2582
2026-01-09 08:30:00,4472.868,4473.469,4465.355,4466.485,2682
2026-01-09 08:45:00,4466.505,4468.475,4463.905,4468.345,2571
2026-01-09 09:00:00,4468.295,4474.795,4468.245,4474.625,2753
2026-01-09 09:15:00,4474.535,4477.445,4472.995,4473.725,2417
2026-01-09 09:30:00,4473.775,4474.725,4471.375,4471.495,2532
2026-01-09 09:45:00,4471.725,4474.155,4470.398,4470.815,1812
2026-01-09 10:00:00,4470.785,4473.935,4469.415,4471.805,1554
2026-01-09 10:15:00,4471.805,4473.615,4468.665,4468.695,1624
2026-01-09 10:30:00,4468.668,4472.128,4467.895,4468.828,2122
2026-01-09 10:45:00,4468.838,4472.465,4466.798,4472.248,1825
2026-01-09 11:00:00,4472.248,4474.468,4469.655,4471.725,1846
2026-01-09 11:15:00,4471.775,4472.675,4470.205,4470.305,1430
2026-01-09 11:30:00,4470.355,4471.605,4468.925,4470.348,1751
2026-01-09 11:45:00,4470.348,4475.898,4468.385,4475.048,2057
2026-01-09 12:00:00,4474.995,4480.335,4471.745,4473.825,3064
2026-01-09 12:15:00,4473.898,4474.545,4466.725,4467.395,2896
2026-01-09 12:30:00,4467.435,4468.388,4460.705,4465.815,3444
2026-01-09 12:45:00,4465.835,4468.065,4463.355,4465.685,2794
2026-01-09 13:00:00,4465.765,4473.385,4463.215,4467.215,6128
2026-01-09 13:15:00,4467.215,4474.455,4461.745,4472.235,6292
2026-01-09 13:30:00,4472.355,4491.595,4458.595,4486.548,9437
2026-01-09 13:45:00,4486.648,4488.455,4478.458,4482.178,7569
2026-01-09 14:00:00,4482.178,4496.315,4480.175,4489.075,7945
2026-01-09 14:15:00,4489.105,4495.588,4483.225,4493.955,7046
2026-01-09 14:30:00,4493.935,4497.898,4482.285,4487.515,9783
2026-01-09 14:45:00,4487.585,4495.105,4478.985,4494.095,9608
2026-01-09 15:00:00,4494.075,4499.975,4489.818,4496.258,8839
2026-01-09 15:15:00,4496.258,4510.775,4493.158,4505.025,8795
2026-01-09 15:30:00,4505.105,4516.898,4504.915,4514.078,7191
2026-01-09 15:45:00,4514.085,4514.515,4508.035,4511.988,6434
2026-01-09 16:00:00,4511.988,4513.908,4499.498,4502.818,7384
2026-01-09 16:15:00,4502.818,4506.765,4499.948,4503.248,6056
2026-01-09 16:30:00,4503.255,4506.608,4500.568,4504.398,5800
2026-01-09 16:45:00,4504.398,4507.865,4501.475,4506.305,4454
2026-01-09 17:00:00,4506.315,4511.455,4504.225,4508.585,5001
2026-01-09 17:15:00,4508.555,4508.575,4501.525,4503.555,4710
2026-01-09 17:30:00,4503.555,4509.798,4500.918,4501.605,4713
2026-01-09 17:45:00,4501.585,4502.805,4481.615,4484.205,6675
2026-01-09 18:00:00,4484.105,4493.015,4482.655,4492.605,5644
2026-01-09 18:15:00,4492.605,4494.335,4489.425,4491.275,5721
2026-01-09 18:30:00,4491.275,4504.305,4491.008,4502.085,4913
2026-01-09 18:45:00,4502.085,4502.565,4494.985,4495.755,4614
2026-01-09 19:00:00,4495.755,4497.795,4492.425,4496.805,4291
2026-01-09 19:15:00,4496.765,4501.425,4496.375,4498.595,3806
2026-01-09 19:30:00,4498.645,4499.935,4495.615,4496.595,3499
2026-01-09 19:45:00,4496.595,4501.498,4496.595,4498.925,2992
2026-01-09 20:00:00,4498.865,4506.788,4497.405,4506.478,4303
2026-01-09 20:15:00,4506.478,4509.098,4502.898,4505.055,4748
2026-01-09 20:30:00,4505.148,4505.638,4502.115,4503.728,4434
2026-01-09 20:45:00,4503.825,4509.805,4503.388,4507.275,5914
2026-01-09 21:00:00,4507.265,4508.365,4504.748,4507.948,1275
2026-01-09 21:15:00,4508.148,4510.245,4507.275,4509.435,1037
2026-01-09 21:30:00,4509.415,4510.998,4505.708,4509.748,1258
2026-01-09 21:45:00,4509.748,4510.358,4507.748,4509.015,1205
2026-01-12 00:00:00,4539.775,4553.975,4536.055,4553.255,3658
2026-01-12 00:15:00,4553.215,4565.705,4550.885,4564.335,4117
2026-01-12 00:30:00,4564.285,4593.845,4561.848,4591.285,6986
2026-01-12 00:45:00,4591.155,4601.048,4587.785,4588.548,7148
2026-01-12 01:00:00,4588.548,4594.498,4577.545,4581.365,9299
2026-01-12 01:15:00,4581.295,4583.835,4573.668,4582.245,8296
2026-01-12 01:30:00,4582.325,4583.875,4571.588,4573.175,7574
2026-01-12 01:45:00,4573.189,4578.755,4569.755,4569.755,6019
2026-01-12 02:00:00,4569.725,4574.609,4561.355,4566.625,7832
2026-01-12 02:15:00,4566.645,4569.899,4563.898,4566.005,4567
2026-01-12 02:30:00,4566.005,4578.815,4562.138,4578.735,6949
2026-01-12 02:45:00,4578.705,4581.745,4573.335,4577.345,5889
2026-01-12 03:00:00,4577.225,4580.355,4574.905,4578.485,4193
2026-01-12 03:15:00,4578.435,4581.055,4576.115,4580.865,4191
2026-01-12 03:30:00,4580.915,4581.255,4572.335,4572.515,3285
2026-01-12 03:45:00,4572.575,4574.425,4567.445,4570.285,2808
2026-01-12 04:00:00,4570.305,4570.995,4565.425,4568.565,2898
2026-01-12 04:15:00,4568.585,4571.995,4567.025,4568.395,3173
2026-01-12 04:30:00,4568.415,4569.815,4563.118,4567.745,3594
2026-01-12 04:45:00,4567.745,4570.085,4566.035,4568.365,2468
2026-01-12 05:00:00,4568.415,4571.875,4565.835,4570.015,2853
2026-01-12 05:15:00,4569.965,4573.725,4569.475,4572.245,1744
2026-01-12 05:30:00,4571.855,4582.785,4569.745,4581.455,4564
2026-01-12 05:45:00,4581.495,4584.695,4578.535,4580.575,5616
2026-01-12 06:00:00,4580.615,4580.615,4571.095,4572.445,4889
2026-01-12 06:15:00,4572.485,4575.815,4569.455,4573.505,3416
2026-01-12 06:30:00,4573.475,4576.235,4571.875,4574.285,3572
2026-01-12 06:45:00,4574.255,4579.865,4573.755,4578.395,4361
2026-01-12 07:00:00,4578.415,4583.855,4574.585,4583.295,3735
2026-01-12 07:15:00,4583.295,4587.285,4578.775,4581.305,4032
2026-01-12 07:30:00,4581.335,4585.225,4578.435,4583.565,3116
2026-01-12 07:45:00,4583.595,4589.465,4582.975,4587.485,2768
2026-01-12 08:00:00,4587.455,4589.085,4581.855,4583.255,3352
2026-01-12 08:15:00,4583.215,4584.335,4579.235,4583.395,3299
2026-01-12 08:30:00,4583.415,4589.265,4581.615,4585.475,3062
2026-01-12 08:45:00,4585.495,4598.315,4584.825,4596.695,3730
2026-01-12 09:00:00,4596.725,4597.565,4593.068,4596.765,4141
2026-01-12 09:15:00,4596.735,4599.245,4593.995,4596.245,3495
2026-01-12 09:30:00,4596.225,4596.835,4593.248,4595.168,2784
2026-01-12 09:45:00,4595.168,4595.278,4587.415,4588.945,3573
2026-01-12 10:00:00,4588.965,4593.215,4585.835,4591.865,2660
2026-01-12 10:15:00,4591.845,4593.935,4588.595,4592.345,2090
2026-01-12 10:30:00,4592.395,4594.435,4586.448,4589.585,2658
2026-01-12 10:45:00,4589.615,4595.145,4589.505,4594.055,2032
2026-01-12 11:00:00,4594.075,4594.725,4590.418,4590.835,2037
2026-01-12 11:15:00,4590.815,4593.795,4583.655,4584.875,2664
2026-01-12 11:30:00,4584.895,4592.005,4584.125,4591.845,2674
2026-01-12 11:45:00,4591.995,4592.005,4581.415,4584.995,2561
2026-01-12 12:00:00,4585.015,4586.585,4579.455,4581.875,3510
2026-01-12 12:15:00,4581.855,4582.625,4578.145,4582.565,3000
2026-01-12 12:30:00,4582.615,4586.755,4582.125,4586.095,2692
2026-01-12 12:45:00,4586.085,4590.575,4585.285,4590.315,3259
2026-01-12 13:00:00,4590.285,4609.285,4588.345,4606.375,6843
2026-01-12 13:15:00,4606.775,4610.935,4604.108,4604.595,6029
2026-01-12 13:30:00,4604.495,4613.095,4604.469,4608.775,4938
2026-01-12 13:45:00,4608.905,4620.185,4607.605,4615.555,4832
2026-01-12 14:00:00,4615.585,4617.055,4592.205,4596.295,8202
2026-01-12 14:15:00,4596.019,4599.385,4584.615,4586.165,7703
2026-01-12 14:30:00,4586.125,4611.165,4585.095,4604.045,9771
2026-01-12 14:45:00,4604.085,4607.815,4597.098,4601.778,9147
2026-01-12 15:00:00,4601.775,4619.125,4601.548,4617.149,7545
2026-01-12 15:15:00,4617.149,4621.985,4610.095,4619.348,6829
2026-01-12 15:30:00,4619.348,4627.275,4618.298,4623.298,6814
2026-01-12 15:45:00,4623.098,4624.698,4617.805,4621.135,5289
2026-01-12 16:00:00,4620.765,4629.655,4617.355,4628.885,5349
2026-01-12 16:15:00,4628.875,4629.975,4619.485,4619.755,5603
2026-01-12 16:30:00,4619.785,4622.975,4607.508,4612.135,5637
2026-01-12 16:45:00,4612.115,4618.155,4611.845,4616.625,3922
2026-01-12 17:00:00,4616.675,4618.285,4613.505,4615.129,3939
2026-01-12 17:15:00,4615.109,4618.325,4611.805,4615.988,4360
2026-01-12 17:30:00,4615.978,4616.715,4610.565,4612.948,4416
2026-01-12 17:45:00,4613.048,4620.448,4612.915,4616.155,4159
2026-01-12 18:00:00,4616.195,4618.435,4608.255,4608.285,3886
2026-01-12 18:15:00,4607.829,4608.425,4600.215,4605.345,6068
2026-01-12 18:30:00,4605.395,4610.685,4602.905,4605.685,3392
2026-01-12 18:45:00,4605.745,4610.935,4603.515,4610.655,3009
2026-01-12 19:00:00,4610.685,4614.435,4608.535,4613.705,3157
2026-01-12 19:15:00,4613.735,4617.125,4612.485,4616.725,3173
2026-01-12 19:30:00,4616.745,4618.695,4613.795,4616.175,2862
2026-01-12 19:45:00,4616.155,4616.725,4609.075,4610.975,3333
2026-01-12 20:00:00,4611.015,4611.625,4599.755,4602.815,4956
2026-01-12 20:15:00,4602.915,4604.295,4599.505,4602.245,5004
2026-01-12 20:30:00,4602.245,4604.605,4592.375,4592.585,5153
2026-01-12 20:45:00,4592.635,4599.115,4591.405,4593.555,5708
2026-01-12 21:00:00,4593.535,4596.835,4590.969,4592.348,2301
2026-01-12 21:15:00,4592.288,4594.095,4590.665,4593.605,1510
2026-01-12 21:30:00,4593.625,4595.005,4589.845,4590.275,1479
2026-01-12 21:45:00,4590.335,4598.815,4589.195,4598.545,2255
2026-01-12 23:00:00,4599.498,4607.098,4577.335,4578.705,2524
2026-01-12 23:15:00,4578.005,4588.365,4577.965,4584.298,3844
2026-01-12 23:30:00,4584.298,4589.825,4583.655,4585.805,2941
2026-01-12 23:45:00,4585.825,4599.305,4585.725,4599.095,2753
2026-01-13 00:00:00,4599.205,4599.365,4591.895,4592.498,2434
2026-01-13 00:15:00,4592.115,4595.705,4587.665,4587.898,1821
2026-01-13 00:30:00,4587.898,4590.598,4584.148,4586.015,2347
2026-01-13 00:45:00,4585.975,4591.995,4585.975,4587.045,2127
2026-01-13 01:00:00,4587.065,4595.555,4581.435,4592.235,6616
2026-01-13 01:15:00,4592.265,4595.365,4581.255,4581.298,4967
2026-01-13 01:30:00,4581.245,4586.995,4575.275,4582.885,5665
2026-01-13 01:45:00,4582.855,4585.875,4577.395,4577.655,5115
2026-01-13 02:00:00,4577.625,4590.325,4576.455,4586.385,4884
2026-01-13 02:15:00,4586.085,4587.175,4583.295,4583.575,2916
2026-01-13 02:30:00,4583.555,4589.995,4581.725,4588.925,4734
2026-01-13 02:45:00,4588.905,4594.815,4588.855,4594.025,4130
2026-01-13 03:00:00,4593.865,4599.455,4592.545,4597.625,3349
2026-01-13 03:15:00,4597.605,4598.545,4594.705,4595.535,3384
2026-01-13 03:30:00,4595.505,4597.915,4593.058,4593.785,2293
2026-01-13 03:45:00,4593.825,4595.125,4592.325,4593.955,2434
2026-01-13 04:00:00,4593.925,4597.835,4593.725,4597.395,2159
2026-01-13 04:15:00,4597.465,4599.485,4596.425,4597.185,2257
2026-01-13 04:30:00,4597.155,4599.635,4594.528,4598.645,2064
2026-01-13 04:45:00,4598.615,4599.135,4595.845,4596.148,2043
2026-01-13 05:00:00,4596.095,4598.248,4591.405,4594.175,2349
2026-01-13 05:15:00,4594.195,4601.315,4594.155,4601.155,1847
2026-01-13 05:30:00,4601.125,4601.945,4585.395,4594.115,5009
2026-01-13 05:45:00,4594.165,4596.035,4590.815,4591.925,3684
2026-01-13 06:00:00,4591.815,4592.185,4587.735,4590.195,4899
2026-01-13 06:15:00,4590.195,4590.715,4581.985,4584.635,4067
2026-01-13 06:30:00,4584.725,4585.865,4573.325,4575.755,4376
2026-01-13 06:45:00,4575.805,4583.215,4575.098,4581.555,3425
2026-01-13 07:00:00,4581.595,4585.165,4578.875,4584.565,2429
2026-01-13 07:15:00,4584.585,4584.785,4578.705,4583.685,2475
2026-01-13 07:30:00,4583.635,4586.945,4579.385,4580.145,2457
2026-01-13 07:45:00,4580.115,4582.225,4577.215,4580.445,2357
2026-01-13 08:00:00,4580.495,4591.445,4579.505,4587.515,2830
2026-01-13 08:15:00,4587.148,4592.425,4584.615,4589.905,2726
2026-01-13 08:30:00,4589.935,4596.855,4589.115,4593.215,3061
2026-01-13 08:45:00,4593.278,4595.245,4591.575,4592.555,2141
2026-01-13 09:00:00,4592.585,4595.515,4589.258,4593.835,2309
2026-01-13 09:15:00,4593.805,4594.825,4587.709,4588.798,2240
2026-01-13 09:30:00,4588.798,4591.855,4586.355,4590.445,2698
2026-01-13 09:45:00,4590.425,4590.735,4585.368,4585.698,1985
2026-01-13 10:00:00,4585.948,4586.698,4580.065,4583.335,2100
2026-01-13 10:15:00,4583.315,4586.115,4580.765,4584.348,2344
2026-01-13 10:30:00,4584.149,4588.115,4581.358,4587.015,2366
2026-01-13 10:45:00,4587.035,4587.085,4585.0,4586.145,1699
2026-01-13 11:00:00,4586.105,4588.735,4584.625,4584.655,1794
2026-01-13 11:15:00,4584.635,4588.975,4581.905,4586.505,2604
2026-01-13 11:30:00,4586.478,4589.645,4584.865,4589.645,1427
2026-01-13 11:45:00,4589.595,4591.915,4586.075,4588.365,2832
2026-01-13 12:00:00,4588.435,4588.995,4582.945,4583.335,2473
2026-01-13 12:15:00,4583.355,4584.508,4577.615,4580.235,2176
2026-01-13 12:30:00,4580.195,4586.095,4579.075,4585.695,1985
2026-01-13 12:45:00,4585.585,4595.035,4585.315,4593.045,2663
2026-01-13 13:00:00,4592.995,4606.105,4590.405,4602.309,6348
2026-01-13 13:15:00,4602.309,4606.225,4598.915,4600.155,6453
2026-01-13 13:30:00,4599.915,4620.105,4599.905,4617.615,8336
2026-01-13 13:45:00,4617.548,4620.548,4606.798,4611.145,6934
2026-01-13 14:00:00,4611.165,4618.728,4608.695,4618.415,6293
2026-01-13 14:15:00,4618.325,4623.448,4614.418,4618.118,6222
2026-01-13 14:30:00,4618.118,4625.788,4611.495,4625.645,9278
2026-01-13 14:45:00,4625.645,4634.285,4622.475,4629.065,8709
2026-01-13 15:00:00,4629.075,4629.555,4613.998,4621.185,8343
2026-01-13 15:15:00,4620.975,4623.055,4600.415,4608.405,9252
2026-01-13 15:30:00,4608.525,4616.105,4605.0,4614.555,7258
2026-01-13 15:45:00,4614.535,4620.445,4612.535,4618.905,6205
2026-01-13 16:00:00,4618.885,4620.445,4606.298,4612.275,6400
2026-01-13 16:15:00,4612.345,4612.695,4592.775,4598.275,7411
2026-01-13 16:30:00,4598.235,4609.078,4596.425,4608.478,5926
2026-01-13 16:45:00,4608.478,4613.595,4606.975,4613.045,4653
2026-01-13 17:00:00,4612.985,4615.725,4606.315,4608.145,4496
2026-01-13 17:15:00,4608.145,4612.345,4606.125,4609.515,4176
2026-01-13 17:30:00,4609.475,4611.735,4602.975,4604.175,5155
2026-01-13 17:45:00,4604.108,4606.745,4586.348,4590.255,6893
2026-01-13 18:00:00,4590.255,4594.095,4585.485,4593.958,8144
2026-01-13 18:15:00,4593.965,4594.725,4580.835,4591.585,8233
2026-01-13 18:30:00,4591.515,4600.498,4589.575,4599.985,6076
2026-01-13 18:45:00,4600.015,4601.735,4593.748,4593.758,5921
2026-01-13 19:00:00,4593.758,4595.615,4583.985,4595.335,6306
2026-01-13 19:15:00,4595.335,4597.015,4584.385,4593.075,4417
2026-01-13 19:30:00,4593.075,4598.765,4592.275,4595.785,4084
2026-01-13 19:45:00,4595.955,4598.745,4590.425,4597.305,4231
2026-01-13 20:00:00,4597.325,4597.555,4589.995,4592.695,4276
2026-01-13 20:15:00,4592.725,4595.035,4587.385,4588.675,5063
2026-01-13 20:30:00,4588.555,4588.899,4569.185,4584.848,7109
2026-01-13 20:45:00,4584.865,4589.009,4582.145,4585.718,6366
2026-01-13 21:00:00,4585.995,4589.048,4583.175,4583.188,2152
2026-01-13 21:15:00,4583.215,4589.145,4582.508,4587.575,2281
2026-01-13 21:30:00,4587.565,4589.175,4585.325,4588.665,1727
2026-01-13 21:45:00,4588.685,4589.585,4585.325,4585.655,1504
2026-01-13 23:00:00,4586.165,4595.615,4586.165,4595.585,1523
2026-01-13 23:15:00,4595.615,4597.565,4592.745,4596.915,1621
2026-01-13 23:30:00,4596.885,4596.895,4592.805,4594.045,1781
2026-01-13 23:45:00,4594.015,4598.655,4593.488,4596.805,1318
2026-01-14 00:00:00,4596.795,4607.535,4596.745,4604.885,2558
2026-01-14 00:15:00,4604.835,4610.375,4602.725,4609.465,2479
2026-01-14 00:30:00,4609.485,4610.455,4606.698,4608.465,2327
2026-01-14 00:45:00,4608.495,4610.245,4604.475,4608.898,3404
2026-01-14 01:00:00,4608.995,4616.885,4605.875,4615.225,5725
2026-01-14 01:15:00,4615.205,4618.425,4611.695,4614.375,4184
2026-01-14 01:30:00,4614.345,4618.585,4613.195,4614.435,4658
2026-01-14 01:45:00,4614.465,4619.765,4613.348,4619.025,4478
2026-01-14 02:00:00,4619.055,4620.695,4613.935,4618.125,4936
2026-01-14 02:15:00,4618.185,4621.175,4616.425,4619.865,2723
2026-01-14 02:30:00,4620.075,4622.325,4617.835,4621.235,4208
2026-01-14 02:45:00,4621.195,4623.535,4617.965,4620.325,3259
2026-01-14 11:00:00,4632.945,4636.255,4630.025,4635.285,2647
2026-01-14 11:15:00,4635.305,4637.315,4628.938,4629.925,2982
2026-01-14 11:30:00,4629.995,4632.615,4627.115,4630.535,2527
2026-01-14 11:45:00,4630.455,4631.325,4625.795,4630.145,2618
2026-01-14 12:00:00,4630.375,4638.315,4630.055,4635.575,4382
2026-01-14 12:15:00,4635.515,4638.755,4633.815,4635.945,2732
2026-01-14 12:30:00,4635.895,4638.065,4633.695,4634.208,3372
2026-01-14 12:45:00,4634.208,4641.595,4633.355,4638.455,3522
2026-01-14 13:00:00,4638.485,4641.395,4627.035,4628.395,6715
2026-01-14 13:15:00,4628.199,4635.135,4627.305,4631.155,5652
2026-01-14 13:30:00,4631.165,4637.135,4623.645,4636.665,6844
2026-01-14 13:45:00,4636.745,4636.835,4629.225,4635.495,4817
2026-01-14 14:00:00,4635.535,4638.765,4629.495,4634.075,4999
2026-01-14 14:15:00,4634.135,4637.855,4630.815,4635.185,5078
2026-01-14 14:30:00,4634.888,4634.888,4613.945,4618.765,8969
2026-01-14 14:45:00,4618.645,4620.475,4606.655,4617.035,9455
2026-01-14 15:00:00,4616.958,4616.958,4599.165,4615.515,10350
2026-01-14 15:15:00,4615.465,4626.415,4614.045,4615.325,8202
2026-01-14 15:30:00,4615.135,4621.735,4609.595,4612.885,7699
2026-01-14 15:45:00,4612.865,4619.175,4610.335,4617.715,6903
2026-01-14 16:00:00,4617.735,4621.405,4614.755,4617.675,5814
2026-01-14 16:15:00,4617.535,4624.615,4616.175,4621.555,6028
2026-01-14 16:30:00,4621.505,4623.035,4613.695,4615.425,6118
2026-01-14 16:45:00,4615.385,4617.295,4608.445,4616.855,6559
2026-01-14 17:00:00,4616.805,4618.905,4609.635,4615.505,5151
2026-01-14 17:15:00,4615.495,4615.615,4605.265,4611.225,5636
2026-01-14 17:30:00,4611.265,4611.925,4600.985,4604.185,6334
2026-01-14 17:45:00,4604.075,4616.475,4603.765,4614.125,7669
2026-01-14 18:00:00,4614.075,4623.475,4612.645,4623.475,5798
2026-01-14 18:15:00,4623.445,4629.865,4622.355,4628.005,6138
2026-01-14 18:30:00,4628.035,4633.335,4627.758,4631.185,4826
2026-01-14 18:45:00,4631.155,4637.115,4629.758,4635.005,5060
2026-01-14 19:00:00,4634.975,4642.695,4632.915,4636.525,6113
2026-01-14 19:15:00,4636.605,4639.885,4633.915,4634.825,5015
2026-01-14 19:30:00,4634.805,4640.345,4634.348,4639.608,4792
2026-01-14 19:45:00,4639.608,4641.198,4635.495,4638.995,5205
2026-01-14 20:00:00,4639.045,4641.335,4625.905,4636.185,7148
2026-01-14 20:15:00,4636.135,4637.755,4630.735,4634.155,5138
2026-01-14 20:30:00,4634.115,4635.345,4625.485,4625.545,5028
2026-01-14 20:45:00,4625.625,4632.845,4625.625,4632.445,6164
2026-01-14 21:00:00,4632.385,4632.875,4624.325,4624.335,2209
2026-01-14 21:15:00,4624.285,4626.775,4620.725,4622.185,2974
2026-01-14 21:30:00,4622.125,4623.145,4617.665,4620.955,1820
2026-01-14 21:45:00,4621.015,4628.745,4619.715,4626.065,2735
2026-01-14 23:00:00,4629.225,4631.645,4611.648,4616.505,3070
2026-01-14 23:15:00,4616.325,4618.155,4605.035,4608.855,3822
2026-01-14 23:30:00,4608.825,4612.825,4602.575,4606.155,3474
2026-01-14 23:45:00,4606.638,4615.965,4606.638,4615.015,3290
2026-01-15 00:00:00,4614.935,4617.535,4611.265,4616.305,2750
2026-01-15 00:15:00,4616.275,4617.915,4613.998,4616.395,2093
2026-01-15 00:30:00,4616.425,4617.765,4613.125,4613.725,2139
2026-01-15 00:45:00,4613.685,4617.375,4609.945,4614.895,3571
2026-01-15 01:00:00,4614.875,4617.395,4606.395,4608.915,6288
2026-01-15 01:15:00,4608.865,4609.875,4596.795,4600.395,6631
2026-01-15 01:30:00,4600.475,4602.765,4583.215,4602.245,8666
2026-01-15 01:45:00,4602.305,4606.895,4596.948,4599.665,6816
2026-01-15 02:00:00,4599.748,4614.305,4597.405,4613.665,5274
2026-01-15 02:15:00,4613.685,4614.375,4606.975,4610.575,3929
2026-01-15 02:30:00,4610.755,4614.415,4603.995,4607.195,5016
2026-01-15 02:45:00,4607.115,4607.345,4595.255,4602.735,4817
2026-01-15 03:00:00,4602.715,4604.095,4589.298,4591.025,5782
2026-01-15 03:15:00,4591.095,4594.498,4580.955,4584.865,5960
2026-01-15 03:30:00,4584.965,4597.315,4580.925,4596.415,4448
2026-01-15 03:45:00,4596.395,4596.395,4589.125,4592.015,3590
2026-01-15 04:00:00,4592.015,4594.365,4586.695,4593.655,3368
2026-01-15 04:15:00,4593.655,4597.175,4590.385,4593.785,3253
2026-01-15 04:30:00,4593.735,4595.585,4589.025,4590.675,2415
2026-01-15 04:45:00,4590.615,4595.305,4589.685,4591.965,2730
2026-01-15 05:00:00,4591.945,4592.255,4587.185,4587.355,2618
2026-01-15 05:15:00,4587.315,4592.835,4580.815,4592.835,2797
2026-01-15 05:30:00,4592.885,4593.775,4581.145,4589.465,5138
2026-01-15 05:45:00,4589.415,4598.685,4587.205,4594.945,4301
2026-01-15 06:00:00,4594.975,4608.375,4593.255,4605.085,5094
2026-01-15 06:15:00,4605.165,4609.905,4603.525,4603.875,4323
2026-01-15 06:30:00,4603.685,4607.855,4600.115,4605.335,3930
2026-01-15 06:45:00,4605.315,4611.785,4603.258,4609.845,3649
2026-01-15 07:00:00,4609.825,4610.795,4605.675,4609.255,3038
2026-01-15 07:15:00,4609.235,4613.365,4608.395,4610.005,2663
2026-01-15 07:30:00,4609.955,4611.045,4601.455,4603.855,2656
2026-01-15 07:45:00,4603.815,4604.175,4599.015,4601.565,3251
2026-01-15 08:00:00,4601.585,4604.405,4597.685,4603.675,4209
2026-01-15 08:15:00,4603.675,4606.135,4600.095,4601.945,3094
2026-01-15 08:30:00,4602.265,4606.915,4598.985,4606.195,3053
2026-01-15 08:45:00,4606.325,4606.545,4600.945,4604.115,2946
2026-01-15 09:00:00,4604.125,4604.665,4600.435,4603.825,2774
2026-01-15 09:15:00,4603.855,4605.265,4601.745,4604.335,2569
2026-01-15 09:30:00,4604.305,4611.065,4602.505,4609.275,3608
2026-01-15 09:45:00,4609.255,4612.935,4607.735,4612.445,2976
2026-01-15 10:00:00,4612.415,4613.895,4609.155,4612.215,2999
2026-01-15 10:15:00,4612.245,4615.665,4611.075,4611.925,2642
2026-01-15 10:30:00,4611.945,4619.155,4610.415,4617.835,2703
2026-01-15 10:45:00,4617.875,4620.555,4616.915,4619.615,2527
2026-01-15 11:00:00,4619.665,4621.375,4618.395,4618.755,2198
2026-01-15 11:15:00,4618.775,4620.285,4617.075,4618.935,1952
2026-01-15 11:30:00,4618.965,4622.755,4617.445,4617.765,2368
2026-01-15 11:45:00,4617.795,4620.205,4615.305,4619.005,2653
2026-01-15 12:00:00,4619.105,4620.555,4614.435,4614.685,2325
2026-01-15 12:15:00,4614.725,4618.515,4613.678,4616.365,2740
2026-01-15 12:30:00,4616.335,4618.375,4615.165,4617.005,2502
2026-01-15 12:45:00,4617.025,4617.355,4611.465,4613.755,3264
2026-01-15 13:00:00,4613.785,4615.905,4609.425,4611.315,6941
2026-01-15 13:15:00,4611.275,4613.855,4602.335,4605.185,7391
2026-01-15 13:30:00,4605.095,4605.095,4587.935,4589.785,7953
2026-01-15 13:45:00,4589.745,4594.195,4582.135,4588.015,6435
2026-01-15 14:00:00,4588.195,4599.715,4583.105,4599.675,6150
2026-01-15 14:15:00,4599.635,4606.475,4596.145,4602.405,5725
2026-01-15 14:30:00,4602.495,4611.755,4601.335,4602.345,9989
2026-01-15 14:45:00,4602.445,4614.795,4599.915,4610.795,9421
2026-01-15 15:00:00,4610.508,4614.855,4603.468,4613.025,8367
2026-01-15 15:15:00,4612.995,4617.708,4611.978,4616.198,8283
2026-01-15 15:30:00,4616.198,4617.248,4608.965,4611.255,7147
2026-01-15 15:45:00,4611.205,4616.898,4609.585,4615.145,6124
2026-01-15 16:00:00,4615.165,4622.968,4608.295,4621.798,6347
2026-01-15 16:15:00,4621.845,4624.325,4611.088,4611.248,7114
2026-01-15 16:30:00,4611.248,4613.098,4604.075,4606.975,6265
2026-01-15 16:45:00,4606.948,4606.975,4600.975,4605.295,6085
2026-01-15 17:00:00,4605.315,4610.948,4605.315,4609.348,4482
2026-01-15 17:15:00,4609.398,4613.355,4607.355,4610.465,4203
2026-01-15 17:30:00,4610.445,4616.298,4609.895,4614.108,4258
2026-01-15 17:45:00,4614.108,4616.625,4613.325,4616.198,4946
2026-01-15 18:00:00,4616.065,4620.115,4616.048,4617.498,5131
2026-01-15 18:15:00,4617.425,4620.848,4617.005,4619.178,5356
2026-01-15 18:30:00,4618.225,4618.388,4613.168,4615.248,4776
2026-01-15 18:45:00,4615.258,4619.498,4615.118,4617.308,4321
2026-01-15 19:00:00,4617.308,4621.295,4617.098,4618.728,4768
2026-01-15 19:15:00,4618.595,4620.298,4617.338,4617.868,3354
2026-01-15 19:30:00,4617.888,4618.778,4614.738,4616.478,3980
2026-01-15 19:45:00,4616.478,4616.845,4612.485,4615.635,3411
2026-01-15 20:00:00,4615.635,4616.115,4603.765,4605.365,5058
2026-01-15 20:15:00,4605.335,4608.565,4600.399,4604.735,7370
2026-01-15 20:30:00,4604.765,4609.009,4603.535,4607.798,6277
2026-01-15 20:45:00,4607.798,4608.745,4603.225,4605.555,7221
2026-01-15 21:00:00,4605.545,4611.975,4604.175,4611.925,3584
2026-01-15 21:15:00,4611.875,4615.315,4611.045,4613.895,3256
2026-01-15 21:30:00,4613.949,4615.405,4613.375,4615.368,1514
2026-01-15 21:45:00,4615.368,4616.088,4613.258,4614.819,1952
2026-01-15 23:00:00,4613.498,4620.448,4613.455,4613.855,1291
2026-01-15 23:15:00,4613.845,4614.855,4608.448,4608.565,2647
2026-01-15 23:30:00,4608.648,4610.779,4606.675,4607.835,2460
2026-01-15 23:45:00,4607.425,4610.395,4606.055,4609.855,2140
2026-01-16 00:00:00,4609.835,4609.915,4602.948,4605.375,2048
2026-01-16 00:15:00,4605.415,4610.845,4604.948,4607.298,1772
2026-01-16 00:30:00,4607.398,4607.698,4600.615,4600.998,4945
2026-01-16 00:45:00,4600.998,4601.545,4598.098,4599.648,3872
2026-01-16 01:00:00,4599.495,4604.695,4593.565,4603.445,5698
2026-01-16 01:15:00,4603.475,4607.095,4599.525,4605.985,4466
2026-01-16 01:30:00,4605.955,4608.325,4601.315,4604.895,3810
2026-01-16 01:45:00,4604.995,4605.205,4598.805,4600.335,4424
2026-01-16 02:00:00,4600.305,4603.485,4597.105,4597.835,5305
2026-01-16 02:15:00,4597.919,4604.005,4596.545,4599.648,3690
2026-01-16 02:30:00,4599.605,4600.615,4590.975,4595.748,5691
2026-01-16 02:45:00,4595.745,4598.425,4591.695,4594.448,4370
2026-01-16 03:00:00,4594.825,4599.115,4594.195,4598.385,3697
2026-01-16 03:15:00,4598.405,4599.615,4595.015,4595.335,3124
2026-01-16 03:30:00,4595.285,4597.185,4592.605,4596.085,2193
2026-01-16 03:45:00,4596.115,4597.225,4594.975,4596.115,2471
2026-01-16 04:00:00,4596.055,4599.455,4595.835,4598.385,2229
2026-01-16 04:15:00,4598.365,4601.125,4597.848,4598.198,1819
2026-01-16 04:30:00,4598.198,4600.635,4596.998,4599.689,2172
2026-01-16 04:45:00,4599.689,4601.915,4598.755,4600.869,2253
2026-01-16 05:00:00,4600.885,4601.115,4595.105,4596.305,2843
2026-01-16 05:15:00,4596.365,4601.325,4595.235,4601.075,3052
2026-01-16 05:30:00,4601.005,4606.665,4596.095,4606.645,4740
2026-01-16 05:45:00,4606.615,4615.735,4606.365,4611.275,4356
2026-01-16 06:00:00,4611.235,4612.095,4603.695,4604.265,4451
2026-01-16 06:15:00,4604.555,4608.969,4603.285,4604.325,4856
2026-01-16 06:30:00,4604.325,4607.775,4595.465,4595.785,3923
2026-01-16 06:45:00,4595.825,4599.015,4593.865,4597.845,4351
2026-01-16 07:00:00,4597.915,4611.825,4596.515,4609.805,2669
2026-01-16 07:15:00,4609.805,4609.825,4604.655,4605.645,2300
2026-01-16 07:30:00,4605.745,4611.635,4600.735,4602.665,3279
2026-01-16 07:45:00,4602.685,4609.475,4601.635,4607.285,2232
2026-01-16 08:00:00,4607.245,4610.345,4604.455,4604.605,2703
2026-01-16 08:15:00,4604.605,4610.355,4604.298,4607.175,2379
2026-01-16 08:30:00,4607.108,4608.775,4601.658,4601.785,2046
2026-01-16 08:45:00,4601.795,4607.095,4600.945,4602.985,1998
2026-01-16 09:00:00,4603.045,4608.335,4602.125,4604.665,2150
2026-01-16 09:15:00,4604.685,4604.755,4599.425,4600.895,1884
2026-01-16 09:30:00,4600.915,4603.225,4598.615,4603.095,1240
2026-01-16 09:45:00,4603.075,4603.115,4599.975,4600.395,1851
2026-01-16 10:00:00,4600.325,4607.745,4600.235,4606.785,1955
2026-01-16 10:15:00,4606.765,4610.945,4606.675,4607.175,1926
2026-01-16 10:30:00,4607.145,4609.125,4606.605,4607.275,1355
2026-01-16 10:45:00,4607.255,4608.425,4599.465,4599.885,2141
2026-01-16 11:00:00,4599.915,4606.515,4598.285,4606.305,2907
2026-01-16 11:15:00,4606.245,4611.335,4605.305,4610.955,2120
2026-01-16 11:30:00,4610.935,4615.665,4609.475,4615.235,2022
2026-01-16 11:45:00,4615.265,4615.965,4612.235,4612.335,1646
2026-01-16 12:00:00,4612.365,4612.535,4609.048,4610.555,2198
2026-01-16 12:15:00,4610.645,4612.675,4604.265,4606.048,2193
2026-01-16 12:30:00,4606.148,4606.448,4601.795,4603.098,2317
2026-01-16 12:45:00,4603.035,4605.048,4596.915,4601.598,2898
2026-01-16 13:00:00,4601.628,4605.305,4594.348,4595.955,6190
2026-01-16 13:15:00,4596.035,4597.448,4582.105,4586.595,7740
2026-01-16 13:30:00,4586.655,4601.045,4584.885,4599.335,6423
2026-01-16 13:45:00,4599.325,4602.698,4596.785,4601.625,4753
2026-01-16 14:00:00,4601.605,4608.405,4598.015,4606.735,4885
2026-01-16 14:15:00,4606.765,4609.235,4598.048,4598.718,4113
2026-01-16 14:30:00,4598.619,4611.348,4595.748,4608.595,7575
2026-01-16 14:45:00,4608.565,4614.505,4607.045,4607.445,7054
2026-01-16 15:00:00,4607.475,4620.035,4607.268,4615.748,6475
2026-01-16 15:15:00,4615.848,4617.348,4564.295,4564.855,9377
2026-01-16 15:30:00,4564.825,4570.105,4536.515,4555.145,11915
2026-01-16 15:45:00,4555.315,4575.305,4555.315,4570.855,8892
2026-01-16 16:00:00,4570.835,4592.885,4567.138,4592.695,7874
2026-01-16 16:15:00,4592.798,4596.385,4584.098,4591.335,6882
2026-01-16 16:30:00,4591.555,4598.835,4587.885,4596.005,5675
2026-01-16 16:45:00,4596.095,4597.225,4581.655,4591.025,5868
2026-01-16 17:00:00,4590.965,4592.985,4584.945,4590.535,5246
2026-01-16 17:15:00,4590.525,4590.635,4576.395,4578.205,5848
2026-01-16 17:30:00,4578.195,4586.475,4576.575,4580.388,4692
2026-01-16 17:45:00,4580.388,4583.475,4578.415,4581.185,4226
2026-01-16 18:00:00,4581.155,4588.775,4579.648,4584.255,4966
2026-01-16 18:15:00,4584.225,4591.365,4581.565,4589.735,4491
2026-01-16 18:30:00,4589.795,4595.865,4588.305,4595.125,4054
2026-01-16 18:45:00,4595.155,4595.695,4582.025,4582.415,3972
2026-01-16 19:00:00,4582.395,4588.065,4580.725,4583.775,3788
2026-01-16 19:15:00,4583.635,4585.995,4580.655,4583.705,3553
2026-01-16 19:30:00,4583.755,4591.435,4583.585,4588.965,3297
2026-01-16 19:45:00,4588.975,4592.149,4588.175,4590.245,3727
2026-01-16 20:00:00,4590.285,4595.655,4588.565,4592.848,4040
2026-01-16 20:15:00,4592.748,4592.848,4587.198,4587.935,3395
2026-01-16 20:30:00,4587.929,4587.945,4580.335,4583.918,4622
2026-01-16 20:45:00,4583.918,4588.825,4581.315,4581.685,5684
2026-01-16 21:00:00,4581.598,4586.545,4581.598,4586.345,1776
2026-01-16 21:15:00,4586.375,4598.085,4586.085,4591.985,2600
2026-01-16 21:30:00,4592.085,4595.555,4591.348,4594.148,1499
2026-01-16 21:45:00,4594.028,4596.648,4593.948,4595.515,1654
2026-01-19 00:00:00,4672.375,4675.825,4664.965,4665.275,4324
2026-01-19 00:15:00,4665.275,4678.085,4660.685,4675.445,3918
2026-01-19 00:30:00,4675.425,4681.735,4672.958,4677.398,3928
2026-01-19 00:45:00,4677.698,4678.648,4671.755,4674.995,3124
2026-01-19 01:00:00,4675.215,4678.285,4661.448,4662.765,7592
2026-01-19 01:15:00,4662.735,4669.475,4656.195,4662.055,6825
2026-01-19 01:30:00,4662.055,4664.255,4655.835,4662.225,4630
2026-01-19 01:45:00,4662.275,4667.285,4656.815,4657.045,4443
2026-01-19 02:00:00,4657.025,4664.775,4652.845,4658.865,4205
2026-01-19 02:15:00,4658.885,4662.065,4656.655,4659.845,2198
2026-01-19 02:30:00,4659.815,4663.665,4656.265,4658.275,4102
2026-01-19 02:45:00,4658.305,4664.135,4654.655,4662.275,4331
2026-01-19 03:00:00,4662.225,4669.385,4662.225,4668.665,3432
2026-01-19 03:15:00,4668.645,4669.675,4663.635,4664.248,3184
2026-01-19 03:30:00,4664.448,4665.685,4661.468,4662.548,2811
2026-01-19 03:45:00,4662.548,4663.198,4657.845,4658.048,2674
2026-01-19 04:00:00,4658.208,4662.155,4657.898,4662.145,2078
2026-01-19 04:15:00,4662.125,4664.755,4660.235,4662.275,2434
2026-01-19 04:30:00,4662.275,4662.945,4658.995,4661.415,1612
2026-01-19 04:45:00,4661.155,4665.865,4660.935,4663.095,2170
2026-01-19 05:00:00,4663.075,4670.955,4662.955,4669.295,1995
2026-01-19 05:15:00,4669.265,4671.955,4668.509,4668.815,1704
2026-01-19 05:30:00,4668.769,4674.165,4663.458,4663.985,3501
2026-01-19 05:45:00,4664.015,4671.805,4663.835,4669.815,3318
2026-01-19 06:00:00,4669.815,4670.255,4666.529,4668.989,3067
2026-01-19 06:15:00,4669.009,4672.455,4668.235,4669.505,2700
2026-01-19 06:30:00,4669.505,4676.305,4669.385,4672.235,2810
2026-01-19 06:45:00,4672.275,4678.855,4672.205,4677.765,3555
2026-01-19 07:00:00,4677.725,4678.415,4667.885,4669.505,3291
2026-01-19 07:15:00,4669.455,4669.945,4663.335,4667.195,2985
2026-01-19 07:30:00,4667.205,4669.535,4664.385,4664.485,1611
2026-01-19 07:45:00,4664.515,4666.065,4661.628,4664.955,2451
2026-01-19 08:00:00,4664.955,4673.655,4663.545,4669.078,3068
2026-01-19 08:15:00,4669.078,4670.905,4666.845,4669.145,1901
2026-01-19 08:30:00,4669.175,4670.725,4666.395,4667.615,1799
2026-01-19 08:45:00,4667.585,4668.945,4661.345,4663.275,3119
2026-01-19 09:00:00,4663.275,4671.405,4661.658,4670.655,2953
2026-01-19 09:15:00,4670.685,4672.645,4665.778,4666.258,3448
2026-01-19 09:30:00,4666.215,4670.265,4664.598,4669.365,2152
2026-01-19 09:45:00,4669.395,4669.685,4666.898,4668.205,1513
2026-01-19 10:00:00,4668.155,4670.105,4666.555,4670.075,1409
2026-01-19 10:15:00,4670.365,4671.055,4665.245,4665.585,1816
2026-01-19 10:30:00,4665.555,4666.895,4660.948,4661.315,2526
2026-01-19 10:45:00,4661.335,4666.775,4661.215,4663.565,1962
2026-01-19 11:00:00,4663.595,4666.425,4661.685,4664.185,1271
2026-01-19 11:15:00,4664.215,4667.005,4661.555,4666.725,1130
2026-01-19 11:30:00,4666.755,4667.335,4659.725,4664.605,1720
2026-01-19 11:45:00,4664.685,4665.885,4659.425,4660.295,3547
2026-01-19 12:00:00,4660.335,4666.175,4659.825,4665.695,1925
2026-01-19 12:15:00,4665.695,4671.895,4665.605,4670.775,2487
2026-01-19 12:30:00,4670.735,4673.585,4669.785,4671.435,2175
2026-01-19 12:45:00,4671.465,4672.665,4667.815,4671.805,2355
2026-01-19 13:00:00,4671.599,4673.375,4668.298,4670.095,3903
2026-01-19 13:15:00,4670.125,4671.865,4668.435,4671.625,3185
2026-01-19 13:30:00,4671.575,4673.565,4666.165,4668.105,2560
2026-01-19 13:45:00,4668.035,4669.105,4664.185,4665.905,2427
2026-01-19 14:00:00,4665.885,4666.525,4661.198,4664.698,2727
2026-01-19 14:15:00,4664.798,4668.355,4663.039,4667.915,2714
2026-01-19 14:30:00,4667.885,4670.205,4663.705,4667.015,2970
2026-01-19 14:45:00,4666.955,4668.775,4665.175,4666.355,2688
2026-01-19 15:00:00,4666.315,4670.765,4664.375,4667.885,3154
2026-01-19 15:15:00,4667.915,4668.665,4663.995,4666.415,3025
2026-01-19 15:30:00,4666.445,4670.975,4665.715,4670.135,2467
2026-01-19 15:45:00,4670.135,4675.955,4669.475,4674.055,2879
2026-01-19 16:00:00,4674.085,4675.435,4671.145,4672.255,2090
2026-01-19 16:15:00,4672.225,4672.635,4670.145,4671.335,1754
2026-01-19 16:30:00,4671.488,4673.635,4670.298,4673.035,1462
2026-01-19 16:45:00,4673.085,4673.535,4671.385,4671.945,2558
2026-01-19 17:00:00,4671.975,4672.895,4670.285,4670.675,1388
2026-01-19 17:15:00,4670.645,4671.198,4668.848,4670.695,1772
2026-01-19 17:30:00,4670.755,4676.125,4670.735,4676.055,2137
2026-01-19 17:45:00,4676.075,4678.665,4673.888,4676.035,2466
2026-01-19 18:00:00,4676.015,4676.015,4673.475,4675.205,2064
2026-01-19 18:15:00,4675.245,4680.105,4674.905,4678.205,1755
2026-01-19 18:30:00,4678.305,4678.615,4674.635,4677.485,1137
2026-01-19 18:45:00,4677.505,4677.925,4674.995,4676.248,1219
2026-01-19 19:00:00,4676.248,4676.348,4671.548,4671.555,1977
2026-01-19 19:15:00,4671.565,4672.298,4666.848,4669.975,2052
2026-01-19 23:00:00,4671.298,4676.448,4665.578,4670.348,1951
2026-01-19 23:15:00,4670.235,4671.898,4664.298,4665.825,1252
2026-01-19 23:30:00,4666.035,4668.615,4664.185,4665.935,1275
2026-01-19 23:45:00,4665.905,4666.735,4664.715,4665.135,949
2026-01-20 00:00:00,4665.145,4667.745,4663.798,4667.715,1503
2026-01-20 00:15:00,4667.695,4667.815,4659.245,4659.425,1505
2026-01-20 00:30:00,4659.425,4666.195,4659.335,4662.965,2066
2026-01-20 00:45:00,4662.935,4663.985,4660.085,4660.095,2348
2026-01-20 01:00:00,4660.115,4673.335,4659.665,4670.075,4887
2026-01-20 01:15:00,4670.095,4672.135,4665.835,4670.825,4041
2026-01-20 01:30:00,4670.795,4675.885,4670.795,4672.915,3164
2026-01-20 01:45:00,4672.795,4674.625,4665.475,4669.505,4085
2026-01-20 02:00:00,4669.395,4671.765,4665.205,4665.865,3712
2026-01-20 02:15:00,4665.745,4673.345,4665.355,4671.845,2541
2026-01-20 02:30:00,4671.875,4674.645,4670.085,4673.855,3669
2026-01-20 02:45:00,4673.925,4674.055,4666.515,4668.505,3550
2026-01-20 03:00:00,4668.565,4671.385,4665.735,4671.385,3213
2026-01-20 03:15:00,4671.435,4673.995,4670.955,4673.095,3498
2026-01-20 03:30:00,4672.965,4678.765,4672.565,4676.675,2163
2026-01-20 03:45:00,4676.715,4681.355,4676.715,4679.985,2403
2026-01-20 04:00:00,4679.965,4682.365,4679.405,4680.185,2068
2026-01-20 04:15:00,4680.245,4686.915,4680.195,4685.548,3283
2026-01-20 04:30:00,4685.465,4693.098,4684.145,4689.318,3369
2026-01-20 04:45:00,4689.318,4696.785,4688.498,4695.025,3296
2026-01-20 05:00:00,4694.995,4701.235,4694.355,4699.425,3030
2026-01-20 05:15:00,4699.415,4700.405,4694.645,4695.735,2297
2026-01-20 05:30:00,4695.765,4706.035,4694.115,4704.875,5028
2026-01-20 05:45:00,4704.895,4716.395,4704.695,4714.148,4245
2026-01-20 06:00:00,4714.148,4716.925,4707.175,4712.905,4765
2026-01-20 06:15:00,4712.935,4715.295,4709.275,4712.275,3922
2026-01-20 06:30:00,4712.295,4714.905,4705.355,4710.605,4507
2026-01-20 06:45:00,4710.625,4715.075,4709.115,4712.285,2969
2026-01-20 07:00:00,4712.245,4717.545,4711.215,4715.335,2846
2026-01-20 07:15:00,4715.315,4722.005,4714.548,4717.735,3026
2026-01-20 07:30:00,4718.095,4721.415,4716.475,4719.855,2515
2026-01-20 07:45:00,4719.835,4722.505,4714.575,4715.915,2698
2026-01-20 08:00:00,4715.945,4725.395,4714.745,4724.305,3242
2026-01-20 08:15:00,4724.235,4725.095,4717.658,4718.355,3503
2026-01-20 08:30:00,4718.315,4724.325,4715.715,4722.725,3452
2026-01-20 08:45:00,4722.775,4731.435,4722.535,4729.205,3650
2026-01-20 09:00:00,4729.225,4731.445,4723.875,4725.065,3320
2026-01-20 09:15:00,4725.045,4733.725,4720.998,4733.135,3370
2026-01-20 09:30:00,4733.105,4736.045,4732.705,4734.075,2859
2026-01-20 09:45:00,4734.095,4737.285,4732.095,4732.165,3061
2026-01-20 10:00:00,4732.195,4734.825,4729.988,4731.105,2642
2026-01-20 10:15:00,4731.125,4733.195,4727.455,4727.558,3004
2026-01-20 10:30:00,4727.578,4729.045,4723.075,4724.295,3176
2026-01-20 10:45:00,4724.285,4728.035,4722.785,4726.355,2128
2026-01-20 11:00:00,4726.375,4727.805,4721.415,4726.115,2425
2026-01-20 11:15:00,4726.255,4729.115,4725.498,4726.645,2538
2026-01-20 11:30:00,4726.805,4732.145,4725.605,4732.095,2956
2026-01-20 11:45:00,4732.175,4735.145,4730.385,4732.885,3166
2026-01-20 12:00:00,4732.678,4732.678,4728.195,4729.885,2876
2026-01-20 12:15:00,4730.015,4730.225,4725.935,4726.355,2840
2026-01-20 12:30:00,4726.415,4728.885,4723.765,4726.555,3420
2026-01-20 12:45:00,4726.535,4729.145,4725.795,4727.365,3260
2026-01-20 13:00:00,4727.345,4728.235,4721.875,4723.298,5661
2026-01-20 13:15:00,4723.198,4725.798,4715.735,4719.105,5251
2026-01-20 13:30:00,4719.135,4730.175,4715.075,4729.515,5551
2026-01-20 13:45:00,4729.715,4738.165,4727.235,4736.855,7384
2026-01-20 14:00:00,4736.905,4748.298,4732.055,4740.645,6922
2026-01-20 14:15:00,4740.595,4750.455,4740.095,4750.395,6261
2026-01-20 14:30:00,4750.365,4750.835,4728.295,4738.035,9876
2026-01-20 14:45:00,4737.808,4742.055,4732.925,4740.805,9026
2026-01-20 15:00:00,4740.658,4748.295,4738.215,4744.335,7295
2026-01-20 15:15:00,4744.295,4744.375,4722.028,4723.795,9288
2026-01-20 15:30:00,4723.815,4735.455,4722.285,4732.535,8906
2026-01-20 15:45:00,4732.535,4738.955,4728.768,4737.215,7236
2026-01-20 16:00:00,4737.235,4743.165,4728.685,4741.225,6217
2026-01-20 16:15:00,4741.445,4743.965,4735.165,4740.905,5292
2026-01-20 16:30:00,4740.835,4745.385,4740.345,4745.025,4365
2026-01-20 16:45:00,4745.065,4757.355,4745.045,4753.255,5137
2026-01-20 17:00:00,4753.245,4754.085,4745.755,4753.825,4738
2026-01-20 17:15:00,4753.705,4756.398,4751.498,4754.765,4067
2026-01-20 17:30:00,4754.745,4757.755,4751.885,4756.325,3627
2026-01-20 17:45:00,4756.355,4762.205,4751.978,4758.898,5450
2026-01-20 18:00:00,4758.915,4764.955,4758.285,4762.905,4580
2026-01-20 18:15:00,4762.925,4766.045,4759.215,4761.315,4136
2026-01-20 18:30:00,4761.275,4762.655,4756.955,4757.405,3973
2026-01-20 18:45:00,4757.435,4760.098,4752.485,4759.205,3996
2026-01-20 19:00:00,4759.205,4760.248,4756.235,4758.955,3763
2026-01-20 19:15:00,4758.898,4766.145,4758.035,4759.308,3225
2026-01-20 19:30:00,4759.255,4763.795,4756.585,4763.225,3199
2026-01-20 19:45:00,4763.058,4763.698,4758.335,4760.555,2530
2026-01-20 20:00:00,4760.505,4760.995,4755.498,4759.915,3014
2026-01-20 20:15:00,4759.865,4760.565,4747.048,4750.165,4937
2026-01-20 20:30:00,4750.185,4754.945,4748.605,4749.525,4209
2026-01-20 20:45:00,4749.565,4757.715,4749.105,4756.405,4136
2026-01-20 21:00:00,4756.415,4760.265,4756.055,4760.205,2206
2026-01-20 21:15:00,4760.215,4760.725,4759.185,4759.505,2196
2026-01-20 21:30:00,4759.505,4759.508,4757.005,4759.015,1072
2026-01-20 21:45:00,4759.035,4763.775,4758.645,4762.945,1244
2026-01-20 23:00:00,4761.375,4765.798,4756.578,4757.825,1311
2026-01-20 23:15:00,4758.025,4760.925,4757.585,4759.495,1148
2026-01-20 23:30:00,4759.465,4773.405,4758.415,4773.405,1401
2026-01-20 23:45:00,4773.435,4780.895,4771.745,4775.625,2967
2026-01-21 00:00:00,4775.605,4777.565,4770.198,4776.465,2028
2026-01-21 00:15:00,4776.445,4779.655,4773.485,4776.925,1620
2026-01-21 00:30:00,4776.895,4785.655,4776.445,4784.855,2664
2026-01-21 00:45:00,4784.815,4787.495,4781.985,4784.325,2514
2026-01-21 01:00:00,4784.305,4809.735,4783.315,4807.575,6518
2026-01-21 01:15:00,4807.545,4827.465,4804.815,4827.195,6204
2026-01-21 01:30:00,4827.165,4836.365,4814.725,4818.595,6914
2026-01-21 01:45:00,4818.545,4843.925,4818.545,4835.045,5171
2026-01-21 02:00:00,4835.155,4841.945,4822.385,4827.915,5040
2026-01-21 02:15:00,4827.955,4827.985,4817.005,4824.705,3704
2026-01-21 02:30:00,4824.675,4839.325,4822.065,4830.775,4631
2026-01-21 02:45:00,4830.785,4836.835,4827.395,4836.465,4291
2026-01-21 03:00:00,4836.455,4849.545,4832.825,4833.435,4847
2026-01-21 03:15:00,4832.898,4836.655,4826.795,4833.475,4833
2026-01-21 03:30:00,4833.505,4846.095,4831.535,4842.625,3137
2026-01-21 03:45:00,4842.655,4846.855,4839.698,4844.735,2427
2026-01-21 04:00:00,4844.675,4846.245,4837.695,4844.615,2970
2026-01-21 04:15:00,4844.665,4853.975,4843.705,4849.615,3334
2026-01-21 04:30:00,4849.595,4865.365,4849.585,4865.225,3253
2026-01-21 04:45:00,4865.325,4870.685,4862.065,4865.795,3004
2026-01-21 05:00:00,4865.695,4866.865,4858.605,4866.785,2936
2026-01-21 05:15:00,4866.805,4873.945,4863.335,4868.605,3056
2026-01-21 05:30:00,4868.575,4878.065,4863.635,4870.825,5394
2026-01-21 05:45:00,4870.775,4876.945,4868.775,4869.745,3718
2026-01-21 06:00:00,4869.805,4875.195,4864.025,4871.315,4079
2026-01-21 06:15:00,4871.285,4888.075,4869.848,4883.585,4487
2026-01-21 06:30:00,4883.565,4887.075,4858.748,4861.148,5311
2026-01-21 06:45:00,4861.148,4865.805,4845.455,4847.275,5834
2026-01-21 07:00:00,4847.255,4848.885,4834.465,4836.798,6108
2026-01-21 07:15:00,4837.015,4850.525,4832.375,4848.855,5610
2026-01-21 07:30:00,4849.315,4851.435,4838.445,4848.975,4661
2026-01-21 07:45:00,4849.025,4856.875,4847.495,4855.055,2887
2026-01-21 08:00:00,4855.075,4863.835,4853.455,4858.315,3264
2026-01-21 08:15:00,4858.345,4869.375,4858.245,4866.615,2673
2026-01-21 08:30:00,4866.575,4867.885,4858.748,4861.145,2985
2026-01-21 08:45:00,4861.115,4862.835,4851.325,4854.435,3242
2026-01-21 09:00:00,4854.455,4862.215,4852.115,4859.675,2534
2026-01-21 09:15:00,4859.725,4876.485,4857.845,4875.525,3582
2026-01-21 09:30:00,4875.485,4876.965,4863.915,4866.065,3078
2026-01-21 09:45:00,4866.085,4867.365,4858.985,4860.175,2916
2026-01-21 10:00:00,4860.135,4866.555,4859.235,4863.255,2423
2026-01-21 10:15:00,4863.225,4864.255,4859.645,4860.215,2380
2026-01-21 10:30:00,4860.175,4865.575,4859.825,4864.755,2324
2026-01-21 10:45:00,4864.775,4866.498,4861.898,4861.898,2327
2026-01-21 11:00:00,4861.898,4865.298,4860.645,4864.998,1825
2026-01-21 11:15:00,4864.998,4871.305,4864.798,4866.968,2217
2026-01-21 11:30:00,4866.705,4867.155,4860.315,4861.995,2514
2026-01-21 11:45:00,4861.975,4866.705,4854.975,4866.705,2813
2026-01-21 12:00:00,4866.735,4867.325,4861.055,4862.065,2605
2026-01-21 12:15:00,4862.005,4864.685,4855.415,4864.675,2876
2026-01-21 12:30:00,4864.695,4870.715,4863.485,4865.475,2521
2026-01-21 12:45:00,4865.515,4867.095,4856.635,4864.975,2934
2026-01-21 13:00:00,4865.313,4871.305,4858.255,4869.055,5002
2026-01-21 13:15:00,4869.085,4871.375,4861.608,4867.815,4698
2026-01-21 13:30:00,4867.845,4878.925,4866.768,4877.135,4149
2026-01-21 13:45:00,4877.165,4880.135,4869.848,4879.215,4387
2026-01-21 14:00:00,4879.195,4880.635,4839.115,4844.085,8884
2026-01-21 14:15:00,4844.065,4864.355,4841.568,4860.275,7440
2026-01-21 14:30:00,4860.085,4872.245,4849.795,4860.545,9305
2026-01-21 14:45:00,4860.555,4861.785,4846.485,4851.595,8892
2026-01-21 15:00:00,4851.515,4868.575,4846.785,4860.085,8569
2026-01-21 15:15:00,4860.055,4861.625,4812.415,4830.798,10205
2026-01-21 15:30:00,4830.798,4845.275,4828.765,4837.185,8822
2026-01-21 15:45:00,4837.145,4854.365,4833.815,4847.505,7397
2026-01-21 16:00:00,4847.535,4855.435,4843.545,4846.875,6477
2026-01-21 16:15:00,4846.865,4852.585,4828.915,4839.725,7118
2026-01-21 16:30:00,4839.795,4849.595,4833.448,4834.565,6834
2026-01-21 16:45:00,4834.545,4837.425,4819.615,4833.265,6942
2026-01-21 17:00:00,4833.295,4834.135,4815.315,4818.225,6855
2026-01-21 17:15:00,4817.809,4826.215,4814.278,4821.075,6623
2026-01-21 17:30:00,4821.095,4821.535,4802.325,4809.685,8072
2026-01-21 17:45:00,4809.645,4827.515,4808.415,4826.125,5522
2026-01-21 18:00:00,4826.155,4831.545,4822.475,4825.235,5942
2026-01-21 18:15:00,4825.255,4836.905,4819.515,4833.925,6321
2026-01-21 18:30:00,4833.985,4838.515,4830.105,4837.645,5080
2026-01-21 18:45:00,4837.505,4850.445,4835.885,4850.095,4477
2026-01-21 19:00:00,4850.125,4850.725,4842.885,4848.735,4691
2026-01-21 19:15:00,4848.705,4853.875,4805.005,4815.655,5986
2026-01-21 19:30:00,4815.645,4821.225,4765.598,4765.598,12102
2026-01-21 19:45:00,4765.685,4782.775,4755.345,4780.995,11104
2026-01-21 20:00:00,4780.858,4787.415,4771.915,4787.055,9159
2026-01-21 20:15:00,4787.255,4800.735,4784.405,4797.155,8706
2026-01-21 20:30:00,4797.195,4821.255,4796.225,4819.865,7601
2026-01-21 20:45:00,4819.925,4827.675,4816.025,4826.345,7137
2026-01-21 21:00:00,4826.315,4826.315,4813.005,4823.735,3373
2026-01-21 21:15:00,4823.775,4838.225,4823.445,4832.255,3250
2026-01-21 21:30:00,4832.285,4839.205,4831.835,4834.855,2507
2026-01-21 21:45:00,4834.875,4839.535,4827.775,4831.685,2811
2026-01-21 23:00:00,4832.695,4833.415,4800.708,4814.705,2194
2026-01-21 23:15:00,4814.745,4814.975,4784.808,4794.765,2866
2026-01-21 23:30:00,4794.755,4801.495,4785.445,4786.648,2503
2026-01-21 23:45:00,4786.648,4797.375,4777.265,4777.915,2681
2026-01-22 00:00:00,4777.875,4793.795,4777.795,4789.845,2914
2026-01-22 00:15:00,4789.865,4789.865,4779.995,4782.365,2299
2026-01-22 00:30:00,4782.285,4795.455,4779.995,4792.895,3342
2026-01-22 00:45:00,4792.925,4798.665,4787.265,4797.975,3267
2026-01-22 01:00:00,4797.955,4797.955,4772.185,4791.185,7184
2026-01-22 01:15:00,4791.285,4809.405,4788.075,4795.725,5973
2026-01-22 01:30:00,4795.685,4804.445,4793.235,4803.015,5025
2026-01-22 01:45:00,4803.045,4804.695,4797.665,4797.835,4333
2026-01-22 02:00:00,4797.635,4798.165,4787.145,4793.345,5066
2026-01-22 02:15:00,4793.425,4795.705,4786.465,4787.345,3608
2026-01-22 02:30:00,4787.375,4787.995,4774.535,4781.585,5065
2026-01-22 02:45:00,4781.695,4792.465,4781.675,4788.845,4018
2026-01-22 03:00:00,4788.845,4791.048,4784.055,4789.498,3932
2026-01-22 03:15:00,4789.498,4795.675,4785.535,4792.275,3720
2026-01-22 03:30:00,4792.325,4794.155,4790.005,4790.085,3560
2026-01-22 03:45:00,4790.045,4796.565,4789.825,4796.365,2363
2026-01-22 04:00:00,4796.395,4800.245,4795.048,4797.975,2698
2026-01-22 04:15:00,4797.955,4799.625,4794.325,4795.785,3538
2026-01-22 04:30:00,4795.755,4798.205,4793.615,4795.255,2780
2026-01-22 04:45:00,4795.225,4797.925,4793.705,4797.305,1937
2026-01-22 05:00:00,4797.275,4801.315,4793.505,4800.345,2421
2026-01-22 05:15:00,4800.315,4800.335,4794.925,4795.185,2572
2026-01-22 05:30:00,4795.145,4802.555,4794.935,4800.675,3742
2026-01-22 05:45:00,4800.635,4821.265,4800.635,4821.115,4020
2026-01-22 06:00:00,4821.145,4824.735,4816.205,4817.965,4119
2026-01-22 06:15:00,4817.925,4829.195,4816.745,4825.405,3914
2026-01-22 06:30:00,4825.325,4827.915,4823.425,4823.665,3026
2026-01-22 06:45:00,4823.605,4826.605,4821.285,4826.405,2875
2026-01-22 07:00:00,4826.605,4834.815,4825.575,4833.245,2772
2026-01-22 07:15:00,4833.235,4837.965,4830.035,4836.915,2598
2026-01-22 07:30:00,4836.905,4839.353,4832.605,4833.285,2140
2026-01-22 07:45:00,4833.315,4835.745,4830.545,4832.485,2081
2026-01-22 08:00:00,4832.465,4835.325,4824.155,4827.595,3059
2026-01-22 08:15:00,4827.645,4830.345,4825.515,4826.198,2144
2026-01-22 08:30:00,4826.198,4828.435,4821.975,4826.335,2391
2026-01-22 08:45:00,4826.305,4831.675,4825.665,4830.435,2917
2026-01-22 09:00:00,4830.495,4837.925,4829.415,4832.655,2655
2026-01-22 09:15:00,4832.625,4833.515,4827.985,4829.365,2706
2026-01-22 09:30:00,4829.425,4830.965,4813.605,4816.085,3382
2026-01-22 09:45:00,4815.188,4823.055,4814.335,4822.945,1994
2026-01-22 10:00:00,4822.965,4824.945,4819.305,4823.465,2362
2026-01-22 10:15:00,4823.505,4827.465,4821.165,4826.675,2170
2026-01-22 10:30:00,4826.498,4829.105,4823.835,4828.145,1702
2026-01-22 10:45:00,4828.195,4831.645,4827.035,4828.795,1587
2026-01-22 11:00:00,4828.835,4831.675,4826.178,4826.178,1446
2026-01-22 11:15:00,4826.068,4829.415,4824.445,4827.595,2104
2026-01-22 11:30:00,4827.545,4831.365,4824.885,4830.625,2354
2026-01-22 11:45:00,4830.665,4836.145,4830.195,4831.015,2529
2026-01-22 12:00:00,4830.985,4830.985,4823.135,4824.495,3617
2026-01-22 12:15:00,4824.555,4832.365,4824.155,4831.485,2123
2026-01-22 12:30:00,4831.445,4832.315,4829.498,4829.545,1863
2026-01-22 12:45:00,4829.595,4829.595,4818.615,4819.405,2915
2026-01-22 13:00:00,4819.365,4827.445,4815.795,4826.675,4888
2026-01-22 13:15:00,4826.995,4835.235,4825.925,4826.988,4665
2026-01-22 13:30:00,4826.988,4826.988,4810.715,4813.555,5126
2026-01-22 13:45:00,4813.545,4822.545,4810.535,4822.125,4619
2026-01-22 14:00:00,4822.095,4825.835,4820.225,4824.155,3415
2026-01-22 14:15:00,4824.185,4830.405,4822.305,4829.255,2652
2026-01-22 14:30:00,4829.295,4847.505,4828.065,4845.448,7916
2026-01-22 14:45:00,4845.615,4846.548,4834.435,4834.845,7188
2026-01-22 15:00:00,4834.498,4840.485,4825.358,4838.965,7660
2026-01-22 15:15:00,4838.915,4855.895,4836.075,4853.805,5834
2026-01-22 15:30:00,4853.545,4865.635,4853.325,4863.405,5873
2026-01-22 15:45:00,4863.445,4873.535,4860.465,4871.615,5833
2026-01-22 16:00:00,4871.645,4876.195,4867.915,4873.465,5548
2026-01-22 16:15:00,4873.505,4880.505,4870.455,4875.748,5323
2026-01-22 16:30:00,4875.748,4884.715,4873.065,4880.695,4902
2026-01-22 16:45:00,4880.775,4885.235,4874.675,4877.835,4158
2026-01-22 17:00:00,4877.875,4884.495,4869.195,4879.945,6207
2026-01-22 17:15:00,4879.945,4893.695,4876.165,4889.785,5590
2026-01-22 17:30:00,4889.805,4899.395,4889.055,4898.735,4717
2026-01-22 17:45:00,4898.705,4906.095,4896.245,4904.385,4894
2026-01-22 18:00:00,4904.355,4915.055,4901.115,4908.355,5653
2026-01-22 18:15:00,4908.245,4913.375,4906.725,4910.065,5183
2026-01-22 18:30:00,4909.898,4915.475,4907.205,4912.825,3856
2026-01-22 18:45:00,4912.795,4919.385,4910.825,4915.815,3392
2026-01-22 19:00:00,4915.775,4924.235,4915.275,4923.765,3502
2026-01-22 19:15:00,4923.945,4923.945,4909.545,4914.515,4197
2026-01-22 19:30:00,4914.545,4917.975,4913.325,4913.455,3391
2026-01-22 19:45:00,4913.465,4913.465,4905.755,4911.575,4539
2026-01-22 20:00:00,4911.595,4926.175,4911.375,4925.685,3618
2026-01-22 20:15:00,4925.665,4928.295,4924.208,4925.505,3311
2026-01-22 20:30:00,4925.525,4926.965,4918.255,4922.675,3519
2026-01-22 20:45:00,4922.695,4924.745,4914.085,4916.875,4482
2026-01-22 21:00:00,4916.805,4923.045,4914.485,4922.825,2287
2026-01-22 21:15:00,4922.795,4925.255,4920.485,4925.085,1535
2026-01-22 21:30:00,4925.005,4940.385,4923.965,4938.945,2592
2026-01-22 21:45:00,4938.895,4940.615,4935.365,4935.685,2310
2026-01-22 23:00:00,4935.698,4959.635,4935.698,4942.705,3058
2026-01-22 23:15:00,4942.745,4946.365,4939.215,4940.025,2263
2026-01-22 23:30:00,4939.995,4940.055,4929.945,4938.575,2095
2026-01-22 23:45:00,4938.545,4960.435,4938.495,4958.795,3733
2026-01-23 00:00:00,4958.785,4963.175,4950.495,4951.655,2843
2026-01-23 00:15:00,4951.505,4958.285,4947.748,4951.885,1975
2026-01-23 00:30:00,4951.905,4955.865,4947.235,4949.115,2562
2026-01-23 00:45:00,4949.115,4965.765,4949.095,4965.025,2327
2026-01-23 01:00:00,4965.055,4967.075,4935.995,4948.665,7535
2026-01-23 01:15:00,4948.645,4954.175,4942.245,4947.115,4656
2026-01-23 01:30:00,4947.155,4956.145,4946.435,4950.865,3646
2026-01-23 01:45:00,4950.895,4962.795,4950.895,4953.315,3755
2026-01-23 02:00:00,4953.295,4956.615,4946.945,4949.275,3072
2026-01-23 02:15:00,4949.335,4953.345,4946.665,4952.815,2390
2026-01-23 02:30:00,4952.795,4957.315,4952.395,4956.575,2472
2026-01-23 02:45:00,4956.575,4962.125,4955.265,4955.395,2101
2026-01-23 03:00:00,4955.365,4958.915,4953.135,4954.795,2365
2026-01-23 03:15:00,4954.765,4955.225,4937.845,4943.725,3572
2026-01-23 03:30:00,4943.695,4953.135,4942.625,4949.425,2615
2026-01-23 03:45:00,4949.375,4954.345,4948.005,4951.855,1461
2026-01-23 04:00:00,4951.835,4953.475,4950.595,4952.285,999
2026-01-23 04:15:00,4952.265,4953.265,4950.025,4952.885,999
2026-01-23 04:30:00,4952.865,4957.875,4951.815,4956.495,1409
2026-01-23 04:45:00,4956.335,4958.295,4954.718,4956.095,952
2026-01-23 05:00:00,4956.075,4957.475,4954.395,4956.135,1020
2026-01-23 05:15:00,4956.145,4960.085,4955.445,4957.355,863
2026-01-23 05:30:00,4957.305,4961.235,4956.325,4961.005,2045
2026-01-23 05:45:00,4961.025,4967.235,4960.175,4960.425,2829
2026-01-23 06:00:00,4960.405,4963.035,4945.405,4952.475,3742
2026-01-23 06:15:00,4952.525,4958.835,4951.235,4952.835,2407
2026-01-23 06:30:00,4952.845,4955.695,4949.905,4952.865,2995
2026-01-23 06:45:00,4952.885,4956.155,4950.535,4953.595,2639
2026-01-23 07:00:00,4953.635,4957.995,4952.135,4955.745,2447
2026-01-23 07:15:00,4955.755,4959.505,4951.505,4956.725,2055
2026-01-23 07:30:00,4957.045,4958.295,4945.848,4945.875,3040
2026-01-23 07:45:00,4945.925,4950.995,4943.105,4944.325,2766
2026-01-23 08:00:00,4944.305,4947.565,4940.278,4941.805,2724
2026-01-23 08:15:00,4941.795,4942.725,4901.005,4913.215,5133
2026-01-23 08:30:00,4913.285,4926.065,4910.275,4924.765,4138
2026-01-23 08:45:00,4924.795,4925.195,4908.495,4913.535,4126
2026-01-23 09:00:00,4913.635,4919.875,4908.975,4911.735,4001
2026-01-23 09:15:00,4911.765,4914.605,4899.545,4905.345,4360
2026-01-23 09:30:00,4905.285,4917.605,4903.155,4916.745,4166
2026-01-23 09:45:00,4916.685,4921.225,4914.315,4918.415,3972
2026-01-23 10:00:00,4918.465,4922.585,4915.485,4921.125,2742
2026-01-23 10:15:00,4921.155,4932.265,4921.155,4929.075,3427
2026-01-23 10:30:00,4929.048,4930.058,4924.505,4927.925,2103
2026-01-23 10:45:00,4927.955,4930.495,4924.405,4929.635,2223
2026-01-23 11:00:00,4929.715,4929.735,4915.765,4918.205,2617
2026-01-23 11:15:00,4918.255,4921.705,4911.625,4920.515,2647
2026-01-23 11:30:00,4920.735,4924.955,4919.475,4923.275,1931
2026-01-23 11:45:00,4923.295,4926.145,4920.725,4922.625,2382
2026-01-23 12:00:00,4923.025,4934.205,4918.205,4933.615,3537
2026-01-23 12:15:00,4933.645,4936.785,4930.295,4933.835,2663
2026-01-23 12:30:00,4933.795,4938.855,4932.205,4935.985,3442
2026-01-23 12:45:00,4936.045,4942.295,4935.785,4939.225,3977
2026-01-23 13:00:00,4939.175,4947.785,4933.285,4940.035,6344
2026-01-23 13:15:00,4940.075,4940.335,4923.305,4931.075,6385
2026-01-23 13:30:00,4930.765,4938.998,4927.075,4931.615,5985
2026-01-23 13:45:00,4931.505,4940.785,4930.325,4938.945,4577
2026-01-23 14:00:00,4938.865,4947.715,4934.685,4944.365,4934
2026-01-23 14:15:00,4944.735,4945.455,4939.475,4939.665,3601
2026-01-23 14:30:00,4939.715,4949.585,4932.535,4946.515,7205
2026-01-23 14:45:00,4946.595,4956.325,4942.145,4942.995,6154
2026-01-23 15:00:00,4943.005,4955.695,4937.965,4952.565,6896
2026-01-23 15:15:00,4952.585,4954.035,4942.155,4944.545,6225
2026-01-23 15:30:00,4944.575,4960.775,4943.435,4959.045,5093
2026-01-23 15:45:00,4959.005,4963.265,4951.098,4960.295,5749
2026-01-23 16:00:00,4960.345,4976.705,4958.898,4970.745,5574
2026-01-23 16:15:00,4970.785,4986.365,4969.335,4985.335,5571
2026-01-23 16:30:00,4985.365,4988.095,4978.665,4982.585,5622
2026-01-23 16:45:00,4982.315,4982.735,4975.505,4980.125,5190
2026-01-23 17:00:00,4980.165,4986.785,4977.065,4984.325,4322
2026-01-23 17:15:00,4984.555,4987.535,4980.498,4982.865,4072
2026-01-23 17:30:00,4982.835,4987.815,4981.985,4982.905,4339
2026-01-23 17:45:00,4982.835,4984.875,4961.845,4965.525,5762
2026-01-23 18:00:00,4965.585,4982.545,4965.045,4980.695,5165
2026-01-23 18:15:00,4980.735,4983.885,4977.298,4978.335,4692
2026-01-23 18:30:00,4978.295,4979.695,4963.645,4964.135,4349
2026-01-23 18:45:00,4964.155,4969.595,4957.995,4966.375,4637
2026-01-23 19:00:00,4966.505,4978.675,4966.505,4973.925,3794
2026-01-23 19:15:00,4973.945,4978.635,4973.475,4977.075,3005
2026-01-23 19:30:00,4977.015,4980.155,4974.155,4978.498,2970
2026-01-23 19:45:00,4978.545,4989.675,4977.798,4983.945,3958
2026-01-23 20:00:00,4983.875,4985.455,4970.385,4981.105,4739
2026-01-23 20:15:00,4981.125,4985.305,4978.185,4980.765,3881
2026-01-23 20:30:00,4980.775,4983.385,4975.448,4982.245,4783
2026-01-23 20:45:00,4982.285,4984.075,4978.685,4980.725,4327
2026-01-23 21:00:00,4980.805,4985.985,4978.918,4981.305,2287
2026-01-23 21:15:00,4981.265,4983.615,4977.925,4981.825,1389
2026-01-23 21:30:00,4981.855,4983.208,4980.495,4982.265,1221
2026-01-23 21:45:00,4982.235,4989.648,4980.755,4983.785,1850
2026-01-26 00:00:00,5039.525,5043.535,5034.205,5039.005,4555
2026-01-26 00:15:00,5038.995,5042.655,5030.275,5042.655,3817
2026-01-26 00:30:00,5042.515,5051.885,5041.925,5050.145,4154
2026-01-26 00:45:00,5050.195,5051.625,5037.855,5041.495,5033
2026-01-26 01:00:00,5041.565,5058.815,5028.745,5057.545,8498
2026-01-26 01:15:00,5057.505,5075.275,5056.395,5074.185,7838
2026-01-26 01:30:00,5074.195,5085.355,5071.495,5083.075,7796
2026-01-26 01:45:00,5083.035,5084.675,5067.465,5070.775,7505
2026-01-26 02:00:00,5070.725,5078.945,5066.625,5074.795,7475
2026-01-26 02:15:00,5074.625,5088.695,5072.335,5087.655,5475
2026-01-26 02:30:00,5087.555,5092.785,5078.995,5088.085,6293
2026-01-26 02:45:00,5088.085,5090.935,5080.505,5080.695,5658
2026-01-26 03:00:00,5080.685,5084.855,5071.415,5084.625,5923
2026-01-26 03:15:00,5084.605,5087.575,5074.625,5079.175,5661
2026-01-26 03:30:00,5079.155,5083.645,5075.675,5078.365,3846
2026-01-26 03:45:00,5078.095,5079.265,5069.905,5076.525,4732
2026-01-26 04:00:00,5076.445,5077.985,5071.985,5075.785,3063
2026-01-26 04:15:00,5075.885,5076.395,5071.155,5072.015,3082
2026-01-26 04:30:00,5072.035,5072.895,5064.015,5066.855,3213
2026-01-26 04:45:00,5066.905,5072.075,5058.045,5070.175,3348
2026-01-26 05:00:00,5070.145,5072.565,5054.895,5059.725,3817
2026-01-26 05:15:00,5059.745,5066.885,5052.175,5065.295,4330
2026-01-26 05:30:00,5065.255,5067.805,5052.755,5059.685,7979
2026-01-26 05:45:00,5059.685,5076.325,5058.195,5074.185,6029
2026-01-26 06:00:00,5074.165,5082.085,5067.145,5069.145,5402
2026-01-26 06:15:00,5069.115,5077.045,5065.175,5075.045,5664
2026-01-26 06:30:00,5075.195,5092.505,5074.565,5091.945,5106
2026-01-26 06:45:00,5091.925,5110.885,5076.105,5077.235,8117
2026-01-26 07:00:00,5077.235,5092.125,5073.575,5090.905,5484
2026-01-26 07:15:00,5090.815,5095.585,5089.675,5095.255,3542
2026-01-26 07:30:00,5095.275,5095.535,5085.735,5088.535,3252
2026-01-26 07:45:00,5088.525,5094.055,5088.105,5088.855,2905
2026-01-26 08:00:00,5088.815,5096.535,5086.998,5095.995,3995
2026-01-26 08:15:00,5095.965,5097.525,5094.855,5096.565,3128
2026-01-26 08:30:00,5096.505,5098.225,5090.145,5093.315,3956
2026-01-26 08:45:00,5093.345,5093.835,5080.0,5083.185,5140
2026-01-26 09:00:00,5082.965,5092.885,5081.925,5091.095,3974
2026-01-26 09:15:00,5091.135,5096.815,5087.865,5096.565,4104
2026-01-26 09:30:00,5096.605,5098.376,5087.235,5091.355,3403
2026-01-26 09:45:00,5091.385,5093.065,5075.145,5083.995,4582
2026-01-26 10:00:00,5084.57,5090.175,5078.395,5089.065,3801
2026-01-26 10:15:00,5089.025,5091.145,5086.155,5087.355,2784
2026-01-26 10:30:00,5087.385,5094.895,5085.755,5092.785,2837
2026-01-26 10:45:00,5092.765,5094.145,5090.105,5091.545,3389
2026-01-26 11:00:00,5091.525,5092.755,5087.155,5087.715,3478
2026-01-26 11:15:00,5087.805,5088.505,5078.215,5087.175,4127
2026-01-26 11:30:00,5087.155,5092.365,5083.495,5089.795,3197
2026-01-26 11:45:00,5089.825,5092.455,5087.145,5091.345,2908
2026-01-26 12:00:00,5091.385,5093.605,5086.985,5090.275,3524
2026-01-26 12:15:00,5090.135,5096.835,5086.015,5089.825,3671
2026-01-26 12:30:00,5089.845,5089.845,5079.125,5083.255,3582
2026-01-26 12:45:00,5083.285,5085.695,5076.935,5078.745,4549
2026-01-26 13:00:00,5078.665,5082.095,5066.025,5079.915,6656
2026-01-26 13:15:00,5079.945,5082.915,5067.025,5071.285,6029
2026-01-26 13:30:00,5071.295,5072.775,5054.375,5070.925,6527
2026-01-26 13:45:00,5070.965,5075.915,5066.855,5068.395,5873
2026-01-26 14:00:00,5068.515,5073.015,5058.125,5071.115,5671
2026-01-26 14:15:00,5071.145,5082.485,5063.545,5078.225,5227
2026-01-26 14:30:00,5078.195,5090.715,5074.515,5081.675,9657
2026-01-26 14:45:00,5081.845,5096.805,5080.315,5095.898,7586
2026-01-26 15:00:00,5095.898,5097.215,5085.375,5095.235,7467
2026-01-26 15:15:00,5095.215,5096.835,5084.065,5090.085,7084
2026-01-26 15:30:00,5090.105,5092.445,5073.845,5078.245,7974
2026-01-26 15:45:00,5078.055,5095.095,5077.545,5090.615,6911
2026-01-26 16:00:00,5090.655,5105.015,5089.445,5101.545,7079
2026-01-26 16:15:00,5101.515,5103.945,5070.105,5075.365,7376
2026-01-26 16:30:00,5075.355,5083.185,5065.025,5076.945,9358
2026-01-26 16:45:00,5076.885,5094.075,5076.435,5089.375,7017
2026-01-26 17:00:00,5089.375,5097.315,5085.455,5094.165,6919
2026-01-26 17:15:00,5094.135,5095.245,5080.205,5088.215,7248
2026-01-26 17:30:00,5088.195,5102.285,5082.045,5102.085,6396
2026-01-26 17:45:00,5102.055,5104.858,5097.065,5100.805,6927
2026-01-26 18:00:00,5100.855,5103.105,5076.225,5078.285,8758
2026-01-26 18:15:00,5078.215,5090.555,5076.435,5084.985,9849
2026-01-26 18:30:00,5084.875,5085.215,5057.425,5064.065,11114
2026-01-26 18:45:00,5064.035,5082.925,5063.565,5068.685,9411
2026-01-26 19:00:00,5068.665,5069.555,5035.755,5060.085,10857
2026-01-26 19:15:00,5059.785,5061.175,5020.135,5027.145,11659
2026-01-26 19:30:00,5027.165,5043.565,5024.455,5034.055,10297
2026-01-26 19:45:00,5033.885,5037.415,5008.018,5028.225,11542
2026-01-26 20:00:00,5028.265,5053.745,5026.085,5049.725,9688
2026-01-26 20:15:00,5049.725,5056.525,5040.415,5055.925,9304
2026-01-26 20:30:00,5056.275,5062.055,5035.305,5046.435,9393
2026-01-26 20:45:00,5046.395,5060.395,5042.769,5055.095,8467
2026-01-26 21:00:00,5055.105,5058.799,5033.495,5033.495,5851
2026-01-26 21:15:00,5033.405,5035.395,5010.785,5020.149,8281
2026-01-26 21:30:00,5020.199,5020.645,4989.805,5004.665,8093
2026-01-26 21:45:00,5004.175,5016.575,5003.685,5009.535,6118
2026-01-26 23:00:00,5011.698,5040.095,5010.918,5039.635,3703
2026-01-26 23:15:00,5039.535,5049.485,5037.115,5044.635,4173
2026-01-26 23:30:00,5044.705,5057.565,5040.055,5056.425,3167
2026-01-26 23:45:00,5056.285,5061.195,5042.935,5043.195,3473
2026-01-27 00:00:00,5043.225,5053.235,5038.235,5052.155,3481
2026-01-27 00:15:00,5052.205,5053.765,5044.275,5044.755,2389
2026-01-27 00:30:00,5044.765,5049.505,5028.255,5031.465,4163
2026-01-27 00:45:00,5031.475,5035.415,5013.595,5032.645,7216
2026-01-27 01:00:00,5032.665,5071.275,5018.248,5071.275,9793
2026-01-27 01:15:00,5071.275,5075.635,5062.635,5066.375,7607
2026-01-27 01:30:00,5066.445,5070.115,5053.915,5063.565,6876
2026-01-27 01:45:00,5063.495,5066.655,5056.775,5059.815,5891
2026-01-27 02:00:00,5059.935,5067.335,5049.415,5063.685,5792
2026-01-27 02:15:00,5063.625,5070.105,5060.015,5067.835,4806
2026-01-27 02:30:00,5067.865,5079.575,5067.045,5078.845,4697
2026-01-27 02:45:00,5078.505,5079.475,5065.195,5072.315,4968
2026-01-27 03:00:00,5072.345,5073.675,5063.435,5065.725,4730
2026-01-27 03:15:00,5065.775,5072.685,5060.005,5064.565,4780
2026-01-27 03:30:00,5064.395,5076.215,5063.975,5074.575,3970
2026-01-27 03:45:00,5074.595,5078.985,5071.555,5076.815,3794
2026-01-27 04:00:00,5076.785,5078.575,5068.395,5069.285,3237
2026-01-27 04:15:00,5069.225,5075.925,5069.225,5074.645,3991
2026-01-27 04:30:00,5074.545,5075.105,5061.325,5066.425,4272
2026-01-27 04:45:00,5066.455,5070.925,5062.145,5067.565,4432
2026-01-27 05:00:00,5067.505,5068.445,5057.005,5063.385,4759
2026-01-27 05:15:00,5063.555,5066.685,5057.775,5064.155,4080
2026-01-27 05:30:00,5064.135,5074.655,5059.815,5074.425,6102
2026-01-27 05:45:00,5074.455,5085.115,5074.455,5082.825,5066
2026-01-27 06:00:00,5082.855,5086.765,5076.525,5083.315,5222
2026-01-27 06:15:00,5083.235,5087.255,5079.435,5082.015,3811
2026-01-27 06:30:00,5082.075,5088.295,5078.615,5085.645,4240
2026-01-27 06:45:00,5085.695,5093.825,5081.645,5085.575,5928
2026-01-27 07:00:00,5085.585,5094.395,5082.335,5085.315,5274
2026-01-27 07:15:00,5085.295,5090.395,5081.095,5087.695,4529
2026-01-27 07:30:00,5087.655,5100.585,5087.655,5092.855,5951
2026-01-27 07:45:00,5092.805,5096.285,5085.725,5085.725,4828
2026-01-27 08:00:00,5085.725,5087.985,5079.025,5086.525,5075
2026-01-27 08:15:00,5086.495,5087.365,5075.105,5077.385,4645
2026-01-27 08:30:00,5077.455,5082.625,5073.075,5082.215,5577
2026-01-27 08:45:00,5082.255,5085.355,5077.405,5079.335,3272
2026-01-27 09:00:00,5079.315,5083.995,5077.558,5083.125,3559
2026-01-27 09:15:00,5083.145,5088.425,5082.205,5088.215,3322
2026-01-27 09:30:00,5088.275,5094.175,5085.915,5087.625,3441
2026-01-27 09:45:00,5087.558,5099.345,5082.555,5098.595,4522
2026-01-27 10:00:00,5098.195,5098.425,5090.838,5096.335,3832
2026-01-27 10:15:00,5096.415,5097.895,5087.475,5088.045,2792
2026-01-27 10:30:00,5087.798,5089.095,5081.835,5084.445,3522
2026-01-27 10:45:00,5084.695,5087.005,5081.745,5086.195,2639
2026-01-27 11:00:00,5086.225,5090.035,5083.555,5090.025,3249
2026-01-27 11:15:00,5089.985,5090.585,5084.705,5086.695,2599
2026-01-27 11:30:00,5086.735,5088.135,5083.155,5085.645,2415
2026-01-27 11:45:00,5085.425,5085.715,5066.808,5076.705,5031
2026-01-27 12:00:00,5076.755,5082.615,5075.215,5080.885,4308
2026-01-27 12:15:00,5080.845,5081.035,5073.395,5078.815,4976
2026-01-27 12:30:00,5078.705,5090.145,5077.995,5089.065,4491
2026-01-27 12:45:00,5089.095,5091.015,5081.105,5084.825,4486
2026-01-27 13:00:00,5084.835,5091.955,5078.045,5089.945,7144
2026-01-27 13:15:00,5089.825,5092.695,5076.035,5080.725,6585
2026-01-27 13:30:00,5080.755,5085.785,5069.435,5073.275,6591
2026-01-27 13:45:00,5073.245,5081.945,5071.295,5077.055,6099
2026-01-27 14:00:00,5077.055,5077.055,5055.135,5059.815,8333
2026-01-27 14:15:00,5059.735,5065.845,5046.465,5059.235,10187
2026-01-27 14:30:00,5059.275,5081.975,5059.225,5079.155,10061
2026-01-27 14:45:00,5079.125,5079.215,5050.675,5052.555,9874
2026-01-27 15:00:00,5052.048,5069.965,5047.485,5057.435,11089
2026-01-27 15:15:00,5057.365,5076.955,5055.825,5068.925,10160
2026-01-27 15:30:00,5068.975,5086.885,5068.515,5080.385,7728
2026-01-27 15:45:00,5080.455,5091.075,5079.785,5090.775,6913
2026-01-27 16:00:00,5090.575,5098.448,5083.605,5094.945,6538
2026-01-27 16:15:00,5094.815,5103.075,5093.455,5098.375,6656
2026-01-27 16:30:00,5098.345,5099.185,5086.048,5088.325,6920
2026-01-27 16:45:00,5088.255,5091.745,5083.065,5087.295,6106
2026-01-27 17:00:00,5087.265,5091.735,5080.085,5091.195,6178
2026-01-27 17:15:00,5091.205,5093.845,5078.835,5087.165,6405
2026-01-27 17:30:00,5087.851,5089.535,5078.375,5081.575,7228
2026-01-27 17:45:00,5081.205,5085.485,5076.565,5081.005,6587
2026-01-27 18:00:00,5081.035,5087.065,5076.135,5081.475,6398
2026-01-27 18:15:00,5081.795,5088.705,5078.615,5084.765,7380
2026-01-27 18:30:00,5084.855,5091.785,5084.245,5088.185,4984
2026-01-27 18:45:00,5088.215,5095.415,5087.215,5087.855,5135
2026-01-27 19:00:00,5087.875,5088.865,5080.875,5086.875,4787
2026-01-27 19:15:00,5086.845,5090.605,5085.375,5087.605,3780
2026-01-27 19:30:00,5087.685,5093.135,5087.385,5092.875,3102
2026-01-27 19:45:00,5092.915,5099.875,5090.355,5098.745,4180
2026-01-27 20:00:00,5098.715,5143.155,5097.745,5141.675,9281
2026-01-27 20:15:00,5141.435,5151.425,5131.815,5141.495,9986
2026-01-27 20:30:00,5141.465,5148.925,5132.535,5142.095,8815
2026-01-27 20:45:00,5141.898,5182.195,5141.875,5176.548,11533
2026-01-27 23:00:00,5178.725,5183.998,5166.865,5170.395,3343
2026-01-27 23:15:00,5170.225,5173.025,5158.525,5170.025,4531
2026-01-27 23:30:00,5169.995,5171.695,5163.765,5164.115,3823
2026-01-27 23:45:00,5164.075,5176.725,5163.705,5171.895,4197
2026-01-28 00:00:00,5171.975,5172.615,5157.115,5165.575,4927
2026-01-28 00:15:00,5165.615,5166.855,5160.305,5162.995,3007
2026-01-28 00:30:00,5162.955,5170.485,5162.945,5168.105,3757
2026-01-28 00:45:00,5168.125,5179.925,5168.125,5171.865,5234
2026-01-28 01:00:00,5171.655,5202.355,5168.445,5190.665,9734
2026-01-28 01:15:00,5190.665,5196.035,5181.405,5193.725,7703
2026-01-28 01:30:00,5193.705,5215.395,5185.905,5215.365,8228
2026-01-28 01:45:00,5215.255,5224.985,5204.225,5204.265,8496
2026-01-28 02:00:00,5204.305,5217.085,5201.375,5209.765,7648
2026-01-28 02:15:00,5209.785,5220.465,5207.655,5217.945,4506
2026-01-28 02:30:00,5217.895,5229.485,5216.305,5221.175,6620
2026-01-28 02:45:00,5221.175,5234.415,5220.685,5231.815,6429
2026-01-28 03:00:00,5231.455,5247.475,5230.115,5243.385,6801
2026-01-28 03:15:00,5243.415,5246.205,5236.045,5236.895,6488
2026-01-28 03:30:00,5236.905,5239.685,5224.265,5233.415,5652
2026-01-28 03:45:00,5233.395,5244.335,5230.505,5234.945,5319
2026-01-28 04:00:00,5234.845,5240.715,5232.685,5235.105,3521
2026-01-28 04:15:00,5235.155,5241.135,5232.105,5237.688,2916
2026-01-28 04:30:00,5237.688,5241.335,5234.155,5239.725,3878
2026-01-28 04:45:00,5239.775,5248.755,5233.235,5245.385,4314
2026-01-28 05:00:00,5245.395,5257.265,5241.325,5253.725,5258
2026-01-28 05:15:00,5253.795,5261.825,5251.475,5258.985,4139
2026-01-28 05:30:00,5258.465,5266.005,5250.865,5264.565,6294
2026-01-28 05:45:00,5264.565,5266.395,5257.085,5261.135,4747
2026-01-28 06:00:00,5261.185,5262.895,5251.938,5261.495,5037
2026-01-28 06:15:00,5261.475,5265.605,5251.695,5255.395,5465
2026-01-28 06:30:00,5255.525,5264.555,5254.875,5261.485,5320
2026-01-28 06:45:00,5261.515,5271.195,5256.825,5269.798,5021
2026-01-28 07:00:00,5269.635,5275.155,5262.765,5273.635,5174
2026-01-28 07:15:00,5273.445,5283.975,5272.555,5280.945,5110
2026-01-28 07:30:00,5280.965,5285.495,5271.755,5281.225,5079
2026-01-28 07:45:00,5281.125,5292.565,5277.715,5290.335,4461
2026-01-28 08:00:00,5290.285,5299.675,5286.319,5292.975,6072
2026-01-28 08:15:00,5292.975,5300.885,5288.695,5299.265,5185
2026-01-28 08:30:00,5299.305,5311.245,5289.765,5289.795,6485
2026-01-28 08:45:00,5289.805,5295.565,5280.385,5293.345,6435
2026-01-28 09:00:00,5293.375,5297.205,5279.935,5281.565,5461
2026-01-28 09:15:00,5281.595,5281.675,5268.305,5275.475,6283
2026-01-28 09:30:00,5275.098,5280.115,5262.915,5266.525,5303
2026-01-28 09:45:00,5266.515,5278.795,5266.515,5278.055,3973
2026-01-28 10:00:00,5278.095,5285.515,5272.335,5282.075,4153
2026-01-28 10:15:00,5282.065,5282.065,5275.805,5278.515,3220
2026-01-28 10:30:00,5278.405,5278.585,5269.245,5274.425,4842
2026-01-28 10:45:00,5274.815,5280.605,5269.799,5269.819,3914
2026-01-28 11:00:00,5269.855,5270.625,5238.345,5260.275,6410
2026-01-28 11:15:00,5259.495,5261.815,5246.145,5259.035,6275
2026-01-28 11:30:00,5259.035,5262.255,5251.875,5261.135,4413
2026-01-28 11:45:00,5261.145,5267.505,5259.475,5261.375,4439
2026-01-28 12:00:00,5261.385,5263.905,5251.515,5260.995,6493
2026-01-28 12:15:00,5260.995,5268.635,5257.985,5261.095,6323
2026-01-28 12:30:00,5261.545,5272.935,5261.285,5269.415,5421
2026-01-28 12:45:00,5269.395,5279.115,5265.225,5279.025,5352
2026-01-28 13:00:00,5278.965,5289.235,5268.665,5275.155,8882
2026-01-28 13:15:00,5275.035,5285.265,5273.085,5281.088,8290
2026-01-28 13:30:00,5280.805,5285.205,5259.045,5261.265,8141
2026-01-28 13:45:00,5261.335,5268.645,5256.635,5266.295,6102
2026-01-28 14:00:00,5266.575,5270.085,5248.535,5262.265,7372
2026-01-28 14:15:00,5262.265,5270.625,5258.805,5258.835,6508
2026-01-28 14:30:00,5259.325,5283.935,5250.045,5278.955,10709
2026-01-28 14:45:00,5279.125,5288.245,5269.915,5285.945,9510
2026-01-28 15:00:00,5285.459,5298.125,5235.238,5256.565,10998
2026-01-28 15:15:00,5255.935,5274.298,5244.255,5269.045,12181
2026-01-28 15:30:00,5269.015,5283.915,5265.898,5279.905,10367
2026-01-28 15:45:00,5279.905,5281.165,5266.815,5278.085,8971
2026-01-28 16:00:00,5278.045,5288.785,5274.255,5284.025,7960
2026-01-28 16:15:00,5284.065,5292.845,5281.775,5287.225,8497
2026-01-28 16:30:00,5287.265,5289.025,5276.005,5283.085,7806
2026-01-28 16:45:00,5282.935,5300.005,5281.565,5299.645,7929
2026-01-28 17:00:00,5299.585,5306.795,5292.298,5295.585,7169
2026-01-28 17:15:00,5295.328,5303.905,5288.685,5302.485,6411
2026-01-28 17:30:00,5302.535,5303.225,5282.935,5287.785,7443
2026-01-28 17:45:00,5287.795,5304.495,5284.415,5297.855,6733
2026-01-28 18:00:00,5298.218,5305.365,5292.235,5299.725,7123
2026-01-28 18:15:00,5299.795,5325.755,5298.645,5304.945,8607
2026-01-28 18:30:00,5306.463,5307.805,5268.245,5273.315,10918
2026-01-28 18:45:00,5273.405,5283.405,5271.195,5279.248,9421
2026-01-28 19:00:00,5279.258,5297.225,5269.165,5296.988,11405
2026-01-28 19:15:00,5296.988,5301.575,5282.355,5283.065,10090
2026-01-28 19:30:00,5283.115,5311.985,5280.338,5310.615,10675
2026-01-28 19:45:00,5310.635,5331.598,5304.205,5325.105,10094
2026-01-28 20:00:00,5324.889,5338.575,5322.415,5326.365,9295
2026-01-28 20:15:00,5326.305,5355.625,5320.955,5354.395,9612
2026-01-28 20:30:00,5354.345,5391.175,5352.835,5383.265,10466
2026-01-28 20:45:00,5383.555,5391.195,5366.998,5376.435,11513
2026-01-28 21:00:00,5376.555,5395.755,5376.548,5386.545,6042
2026-01-28 21:15:00,5386.555,5390.335,5379.635,5384.155,5418
2026-01-28 21:30:00,5384.145,5389.585,5380.285,5386.325,4356
2026-01-28 21:45:00,5385.905,5418.945,5382.755,5414.575,5730
2026-01-28 23:00:00,5417.098,5474.915,5417.098,5474.395,6524
2026-01-28 23:15:00,5474.445,5495.785,5471.765,5489.825,8382
2026-01-28 23:30:00,5489.875,5596.805,5488.985,5530.398,9672
2026-01-28 23:45:00,5530.095,5542.498,5483.298,5512.255,9543
2026-01-29 00:00:00,5512.795,5513.055,5452.305,5494.498,8607
2026-01-29 00:15:00,5494.498,5501.195,5462.865,5496.865,6622
2026-01-29 00:30:00,5496.935,5526.685,5492.055,5508.545,7352
2026-01-29 00:45:00,5508.485,5522.915,5500.305,5519.898,6444
2026-01-29 01:00:00,5519.865,5526.085,5444.348,5479.105,10062
2026-01-29 01:15:00,5479.235,5512.975,5479.175,5507.075,8719
2026-01-29 01:30:00,5506.805,5551.315,5506.805,5539.615,9080
2026-01-29 01:45:00,5539.675,5549.455,5526.195,5545.405,8757
2026-01-29 02:00:00,5545.355,5546.065,5503.845,5521.655,8936
2026-01-29 02:15:00,5521.425,5525.375,5509.745,5525.305,6482
2026-01-29 02:30:00,5525.305,5549.845,5517.625,5525.375,8573
2026-01-29 02:45:00,5525.395,5543.235,5521.565,5535.565,7130
2026-01-29 03:00:00,5535.625,5548.605,5507.835,5538.395,8311
2026-01-29 03:15:00,5538.395,5540.325,5521.575,5521.915,7742
2026-01-29 03:30:00,5521.955,5537.825,5519.548,5528.015,5821
2026-01-29 03:45:00,5528.025,5548.785,5527.065,5545.655,5808
2026-01-29 04:00:00,5545.635,5552.285,5533.898,5534.225,5711
2026-01-29 04:15:00,5534.195,5550.295,5532.975,5546.685,4365
2026-01-29 04:30:00,5546.715,5564.335,5544.735,5557.175,5514
2026-01-29 04:45:00,5557.325,5561.445,5550.398,5557.855,5273
2026-01-29 05:00:00,5557.448,5561.075,5549.865,5559.495,4656
2026-01-29 05:15:00,5559.615,5560.345,5515.485,5541.745,7093
2026-01-29 05:30:00,5541.795,5555.143,5540.575,5549.435,7509
2026-01-29 05:45:00,5549.435,5564.235,5548.275,5562.295,6275
2026-01-29 06:00:00,5562.475,5588.215,5562.145,5584.065,8021
2026-01-29 06:15:00,5584.045,5595.275,5573.945,5585.555,8076
2026-01-29 06:30:00,5585.475,5587.655,5577.545,5581.935,7112
2026-01-29 06:45:00,5581.975,5585.045,5554.515,5561.065,9039
2026-01-29 07:00:00,5561.025,5574.835,5560.315,5561.689,6660
2026-01-29 07:15:00,5561.729,5564.749,5536.575,5541.255,7236
2026-01-29 07:30:00,5541.735,5557.545,5541.645,5548.955,6507
2026-01-29 07:45:00,5548.905,5552.098,5543.515,5548.755,5284
2026-01-29 08:00:00,5548.725,5554.585,5522.878,5537.485,7265
2026-01-29 08:15:00,5537.489,5542.745,5523.135,5530.065,7438
2026-01-29 08:30:00,5530.065,5530.555,5475.165,5482.685,8187
2026-01-29 08:45:00,5482.785,5517.175,5472.965,5509.645,7992
2026-01-29 09:00:00,5509.365,5515.375,5497.575,5507.165,6461
2026-01-29 09:15:00,5507.155,5518.655,5500.225,5516.285,6167
2026-01-29 09:30:00,5515.875,5529.605,5512.275,5524.465,5740
2026-01-29 09:45:00,5524.435,5527.498,5510.995,5513.715,5570
2026-01-29 10:00:00,5513.755,5523.955,5501.625,5523.645,5435
2026-01-29 10:15:00,5523.655,5525.295,5505.565,5510.345,4829
2026-01-29 10:30:00,5509.308,5510.055,5497.095,5507.875,5444
2026-01-29 10:45:00,5508.365,5508.775,5482.225,5483.275,5219
2026-01-29 11:00:00,5483.625,5506.625,5470.545,5506.575,7072
2026-01-29 11:15:00,5506.605,5516.445,5504.925,5515.685,5113
2026-01-29 11:30:00,5515.615,5519.355,5508.285,5514.265,5025
2026-01-29 11:45:00,5514.305,5528.695,5514.305,5522.445,5469
2026-01-29 12:00:00,5522.425,5538.895,5518.305,5535.388,6135
2026-01-29 12:15:00,5535.408,5542.835,5528.178,5540.695,5303
2026-01-29 12:30:00,5540.705,5542.215,5525.985,5529.625,5973
2026-01-29 12:45:00,5529.825,5541.785,5527.045,5533.915,6532
2026-01-29 13:00:00,5533.955,5540.925,5513.435,5514.755,9276
2026-01-29 13:15:00,5514.795,5525.665,5507.965,5519.485,7876
2026-01-29 13:30:00,5519.355,5530.615,5499.625,5525.585,8413
2026-01-29 13:45:00,5525.635,5526.215,5506.045,5510.155,8441
2026-01-29 14:00:00,5510.325,5539.115,5510.325,5528.685,9180
2026-01-29 14:15:00,5528.705,5549.335,5516.725,5543.298,9333
2026-01-29 14:30:00,5543.205,5545.148,5501.229,5517.515,12226
2026-01-29 14:45:00,5516.795,5522.345,5490.775,5496.045,12533
2026-01-29 15:00:00,5496.055,5496.055,5365.525,5383.415,13159
2026-01-29 15:15:00,5383.775,5385.648,5098.765,5188.798,11542
2026-01-29 15:30:00,5188.798,5257.015,5103.905,5120.715,12543
2026-01-29 15:45:00,5121.015,5210.385,5115.865,5181.848,7629
2026-01-29 16:00:00,5181.825,5276.198,5171.455,5272.835,7993
2026-01-29 16:15:00,5273.735,5296.415,5234.778,5289.325,10827
2026-01-29 16:30:00,5289.148,5310.815,5244.685,5271.945,12327
2026-01-29 16:45:00,5272.198,5277.195,5227.305,5263.765,11922
2026-01-29 17:00:00,5263.715,5298.675,5263.715,5296.385,11438
2026-01-29 17:15:00,5296.295,5367.53,5294.435,5361.895,12186
2026-01-29 17:30:00,5361.925,5375.255,5335.365,5367.915,11260
2026-01-29 17:45:00,5367.925,5371.415,5314.325,5334.385,11264
2026-01-29 18:00:00,5334.475,5358.715,5329.875,5354.485,10830
2026-01-29 18:15:00,5354.635,5358.795,5306.825,5329.545,10974
2026-01-29 18:30:00,5329.635,5360.055,5321.485,5341.365,10195
2026-01-29 18:45:00,5341.415,5361.525,5335.995,5338.628,10108
2026-01-29 19:00:00,5338.628,5344.935,5302.915,5306.275,10927
2026-01-29 19:15:00,5306.235,5332.165,5304.445,5318.105,10628
2026-01-29 19:30:00,5318.145,5327.098,5289.655,5316.485,10752
2026-01-29 19:45:00,5316.445,5325.098,5298.415,5305.385,9358
2026-01-29 20:00:00,5305.395,5310.445,5282.335,5295.635,8966
2026-01-29 20:15:00,5295.645,5325.395,5289.445,5318.275,8413
2026-01-29 20:30:00,5318.435,5357.805,5309.465,5354.145,9194
2026-01-29 20:45:00,5354.105,5406.785,5353.135,5393.565,10901
2026-01-29 21:00:00,5393.595,5405.585,5382.275,5397.988,6344
2026-01-29 21:15:00,5398.098,5425.165,5387.698,5410.885,6345
2026-01-29 21:30:00,5410.885,5411.965,5377.425,5382.895,5707
2026-01-29 21:45:00,5382.895,5398.045,5370.0,5378.815,5050
2026-01-29 23:00:00,5384.575,5447.649,5376.098,5421.298,4859
2026-01-29 23:15:00,5421.265,5427.415,5386.798,5416.255,6061
2026-01-29 23:30:00,5416.255,5438.695,5406.355,5437.925,4082
2026-01-29 23:45:00,5437.835,5447.555,5428.045,5437.995,4864
2026-01-30 00:00:00,5437.995,5450.745,5430.965,5444.695,5162
2026-01-30 00:15:00,5444.695,5450.475,5418.405,5426.255,6061
2026-01-30 00:30:00,5426.275,5436.105,5405.385,5410.985,6853
2026-01-30 00:45:00,5411.075,5420.735,5389.245,5406.815,6597
2026-01-30 01:00:00,5407.265,5409.275,5301.219,5308.598,10597
2026-01-30 01:15:00,5308.595,5363.155,5305.015,5356.885,9545
2026-01-30 01:30:00,5356.885,5372.465,5344.165,5348.875,8691
2026-01-30 01:45:00,5348.845,5348.845,5290.0,5300.125,10117
2026-01-30 02:00:00,5300.098,5312.098,5194.329,5211.498,11477
2026-01-30 02:15:00,5211.298,5213.698,5111.398,5171.005,11202
2026-01-30 02:30:00,5171.315,5230.17,5137.715,5215.505,10435
2026-01-30 02:45:00,5215.635,5245.615,5201.265,5223.885,10054
2026-01-30 03:00:00,5223.795,5228.645,5166.185,5179.895,9512
2026-01-30 03:15:00,5179.845,5205.825,5172.345,5198.825,8527
2026-01-30 03:30:00,5198.815,5221.465,5152.045,5154.305,8982
2026-01-30 03:45:00,5154.155,5199.185,5150.235,5195.415,8235
2026-01-30 04:00:00,5195.335,5225.065,5192.755,5214.055,8271
2026-01-30 04:15:00,5214.015,5229.995,5198.445,5209.665,7378
2026-01-30 04:30:00,5209.685,5226.998,5201.975,5203.055,6339
2026-01-30 04:45:00,5203.035,5216.495,5199.455,5214.545,5582
2026-01-30 05:00:00,5213.513,5224.505,5203.285,5224.345,5692
2026-01-30 05:15:00,5224.355,5240.865,5222.975,5229.585,7296
2026-01-30 05:30:00,5229.615,5239.375,5212.335,5231.805,7458
2026-01-30 05:45:00,5231.065,5235.285,5179.185,5184.035,7244
2026-01-30 06:00:00,5184.115,5204.835,5173.688,5190.295,7903
2026-01-30 06:15:00,5190.435,5197.375,5155.085,5156.485,8466
2026-01-30 06:30:00,5156.885,5178.975,5151.485,5157.275,8348
2026-01-30 06:45:00,5157.585,5171.825,5145.095,5155.385,9081
2026-01-30 07:00:00,5155.365,5185.665,5122.835,5173.035,8076
2026-01-30 07:15:00,5173.055,5185.125,5164.235,5174.175,6722
2026-01-30 07:30:00,5174.205,5178.105,5117.205,5146.295,9296
2026-01-30 07:45:00,5146.415,5184.348,5142.615,5180.805,8247
2026-01-30 08:00:00,5180.805,5180.805,5140.455,5145.165,8799
2026-01-30 08:15:00,5145.245,5170.095,5132.515,5151.755,8307
2026-01-30 08:30:00,5151.615,5154.075,5051.785,5095.715,10292
2026-01-30 08:45:00,5095.755,5128.255,5090.655,5116.455,8815
2026-01-30 09:00:00,5116.535,5132.275,5013.655,5027.195,10522
2026-01-30 09:15:00,5027.415,5068.908,5019.798,5027.425,11227
2026-01-30 09:30:00,5027.215,5068.215,4974.808,4974.988,10437
2026-01-30 09:45:00,4974.878,5029.095,4940.895,5012.365,10724
2026-01-30 10:00:00,5012.345,5051.648,4999.378,5037.798,8745
2026-01-30 10:15:00,5038.028,5075.678,5030.618,5059.285,9382
2026-01-30 10:30:00,5058.978,5092.533,5054.165,5077.025,8496
2026-01-30 10:45:00,5077.455,5121.348,5075.705,5118.765,8599
2026-01-30 11:00:00,5118.285,5126.385,5089.078,5120.115,7994
2026-01-30 11:15:00,5120.125,5129.715,5104.948,5124.425,7199
2026-01-30 11:30:00,5124.385,5137.475,5117.745,5120.635,6460
2026-01-30 11:45:00,5120.655,5144.288,5087.215,5135.285,8624
2026-01-30 12:00:00,5135.285,5145.445,5120.765,5128.485,7460
2026-01-30 12:15:00,5128.585,5139.618,5109.245,5118.945,8103
2026-01-30 12:30:00,5118.955,5135.678,5102.138,5113.515,8012
2026-01-30 12:45:00,5113.515,5115.665,5054.185,5063.545,10394
2026-01-30 13:00:00,5063.545,5099.255,5052.918,5075.798,10661
2026-01-30 13:15:00,5074.525,5076.225,5012.945,5024.908,10058
2026-01-30 13:30:00,5022.788,5047.398,5009.998,5037.448,8474
2026-01-30 13:45:00,5036.595,5037.148,4990.875,5018.965,9848
2026-01-30 14:00:00,5018.805,5072.715,5016.705,5051.875,10314
2026-01-30 14:15:00,5051.865,5087.175,5040.285,5071.535,9213
2026-01-30 14:30:00,5071.535,5112.258,5055.755,5079.985,12003
2026-01-30 14:45:00,5079.998,5097.098,5013.825,5031.825,12275
2026-01-30 15:00:00,5031.698,5045.565,4979.725,5026.845,12352
2026-01-30 15:15:00,5026.925,5059.565,5026.185,5044.608,12005
2026-01-30 15:30:00,5044.628,5072.845,5039.235,5058.098,12042
2026-01-30 15:45:00,5058.098,5073.408,5037.848,5050.045,12155
2026-01-30 16:00:00,5050.035,5051.528,5016.095,5029.798,12029
2026-01-30 16:15:00,5029.815,5034.595,4986.965,4995.225,12495
2026-01-30 16:30:00,4995.175,5016.565,4959.485,5009.585,12537
2026-01-30 16:45:00,5009.498,5013.965,4943.195,4984.465,12732
2026-01-30 17:00:00,4984.515,4985.515,4899.565,4914.475,12908
2026-01-30 17:15:00,4914.645,4939.898,4897.229,4925.198,12845
2026-01-30 17:30:00,4925.198,4925.198,4834.866,4857.705,12636
2026-01-30 17:45:00,4858.408,4877.898,4799.458,4848.898,11578
2026-01-30 18:00:00,4848.798,4889.158,4786.295,4806.848,12606
2026-01-30 18:15:00,4806.848,4816.848,4692.758,4741.398,12867
2026-01-30 18:30:00,4741.398,4783.78,4679.725,4778.148,10098
2026-01-30 18:45:00,4777.448,4892.365,4771.355,4877.498,10496
2026-01-30 19:00:00,4877.798,4917.698,4870.348,4888.848,9064
2026-01-30 19:15:00,4888.848,4899.395,4841.805,4891.648,10726
2026-01-30 19:30:00,4892.075,4928.998,4879.748,4925.805,9629
2026-01-30 19:45:00,4925.805,4947.475,4907.255,4931.925,9801
2026-01-30 20:00:00,4931.975,4932.245,4877.595,4898.585,10664
2026-01-30 20:15:00,4898.579,4913.548,4879.655,4890.109,8450
2026-01-30 20:30:00,4889.679,4893.519,4842.498,4861.105,10371
2026-01-30 20:45:00,4861.065,4878.975,4806.428,4846.808,10818
2026-01-30 21:00:00,4846.298,4862.978,4830.875,4839.625,7124
2026-01-30 21:15:00,4839.845,4889.408,4836.275,4873.855,6297
2026-01-30 21:30:00,4873.775,4881.075,4849.675,4860.485,5562
2026-01-30 21:45:00,4860.505,4895.615,4855.508,4895.118,5475
2026-02-02 00:00:00,4741.725,4845.555,4739.545,4844.655,9156
2026-02-02 00:15:00,4844.615,4884.248,4825.258,4845.268,9978
2026-02-02 00:30:00,4845.548,4846.148,4794.315,4803.455,10194
2026-02-02 00:45:00,4803.925,4807.665,4758.388,4765.848,9125
2026-02-02 01:00:00,4764.948,4783.748,4582.798,4641.789,10726
2026-02-02 01:15:00,4641.795,4708.908,4636.835,4695.945,11803
2026-02-02 01:30:00,4695.925,4738.448,4664.945,4713.605,10664
2026-02-02 01:45:00,4713.855,4748.748,4703.145,4736.205,9641
2026-02-02 02:00:00,4735.975,4747.788,4696.528,4730.538,10604
2026-02-02 02:15:00,4730.548,4745.328,4714.928,4737.725,8983
2026-02-02 02:30:00,4738.925,4772.045,4734.688,4763.485,8614
2026-02-02 02:45:00,4763.775,4763.775,4696.025,4709.698,9799
2026-02-02 03:00:00,4709.698,4727.458,4687.125,4690.458,10122
2026-02-02 03:15:00,4690.898,4728.258,4657.475,4694.958,8953
2026-02-02 03:30:00,4695.128,4699.448,4629.425,4664.308,10626
2026-02-02 03:45:00,4665.628,4693.505,4637.468,4645.605,9830
2026-02-02 04:00:00,4646.125,4662.698,4602.425,4660.798,10407
2026-02-02 04:15:00,4661.098,4703.878,4659.198,4669.555,8036
2026-02-02 04:30:00,4669.558,4698.748,4657.115,4687.205,8207
2026-02-02 04:45:00,4687.205,4712.188,4671.315,4678.565,8424
2026-02-02 05:00:00,4678.565,4695.568,4648.755,4660.975,8990
2026-02-02 05:15:00,4661.565,4673.265,4648.315,4657.738,7933
2026-02-02 05:30:00,4657.708,4657.708,4571.115,4574.245,11433
2026-02-02 05:45:00,4574.098,4578.235,4496.635,4547.988,12047
2026-02-02 06:00:00,4547.265,4572.658,4519.328,4534.155,10509
2026-02-02 06:15:00,4533.958,4548.348,4432.475,4484.728,11463
2026-02-02 06:30:00,4484.735,4499.148,4401.038,4451.475,11114
2026-02-02 06:45:00,4450.545,4521.748,4429.005,4504.005,10571
2026-02-02 07:00:00,4504.315,4553.648,4482.468,4535.648,8960
2026-02-02 07:15:00,4536.075,4573.568,4522.075,4558.905,9720
2026-02-02 07:30:00,4559.218,4592.055,4523.568,4582.048,9232
2026-02-02 07:45:00,4582.048,4618.295,4580.748,4586.155,9096
2026-02-02 08:00:00,4586.195,4627.315,4557.905,4609.488,10882
2026-02-02 08:15:00,4609.248,4649.165,4599.715,4645.238,10095
2026-02-02 08:30:00,4645.268,4649.675,4606.195,4640.825,8631
2026-02-02 08:45:00,4640.805,4650.585,4626.535,4639.735,8275
2026-02-02 09:00:00,4639.715,4657.758,4602.255,4645.608,9676
2026-02-02 09:15:00,4645.588,4699.165,4625.355,4688.958,9792
2026-02-02 09:30:00,4689.055,4712.288,4678.048,4687.048,10351
2026-02-02 09:45:00,4687.048,4730.268,4683.448,4718.315,9991
2026-02-02 10:00:00,4718.285,4732.848,4703.255,4729.555,7783
2026-02-02 10:15:00,4729.535,4730.125,4669.575,4681.495,8587
2026-02-02 10:30:00,4681.508,4697.748,4660.828,4672.418,7907
2026-02-02 10:45:00,4672.418,4710.948,4655.628,4704.508,7860
2026-02-02 11:00:00,4704.508,4748.675,4702.708,4748.495,7169
2026-02-02 11:15:00,4748.568,4759.765,4739.438,4752.545,8005
2026-02-02 11:30:00,4752.525,4778.185,4746.785,4772.505,7753
2026-02-02 11:45:00,4772.485,4779.025,4756.375,4765.245,6889
2026-02-02 12:00:00,4765.345,4776.555,4742.705,4761.955,8657
2026-02-02 12:15:00,4761.945,4789.388,4758.935,4777.065,6426
2026-02-02 12:30:00,4777.085,4797.105,4769.665,4796.915,5681
2026-02-02 12:45:00,4797.705,4811.895,4772.308,4793.485,8504
2026-02-02 13:00:00,4793.505,4803.268,4719.395,4782.248,10935
2026-02-02 13:15:00,4782.248,4793.168,4727.538,4738.429,11324
2026-02-02 13:30:00,4738.429,4741.298,4668.448,4685.278,11869
2026-02-02 13:45:00,4684.959,4721.468,4683.018,4705.619,9822
2026-02-02 14:00:00,4705.769,4738.038,4699.088,4725.699,10661
2026-02-02 14:15:00,4725.628,4729.348,4679.475,4721.248,9798
2026-02-02 14:30:00,4721.258,4792.989,4709.175,4752.629,12627
2026-02-02 14:45:00,4752.629,4761.648,4699.695,4715.975,12124
2026-02-02 15:00:00,4705.108,4744.698,4689.248,4710.675,11666
2026-02-02 15:15:00,4710.585,4727.065,4672.655,4680.435,11754
2026-02-02 15:30:00,4680.265,4704.288,4647.238,4675.078,12226
2026-02-02 15:45:00,4674.978,4677.158,4616.395,4619.345,12258
2026-02-02 16:00:00,4619.235,4703.548,4596.125,4696.298,12381
2026-02-02 16:15:00,4696.298,4708.098,4661.305,4670.398,11081
2026-02-02 16:30:00,4670.398,4687.898,4644.788,4668.298,10370
2026-02-02 16:45:00,4668.338,4675.978,4649.098,4665.528,9769
2026-02-02 17:00:00,4665.528,4713.318,4659.478,4707.298,10412
2026-02-02 17:15:00,4707.308,4713.208,4659.828,4667.168,9129
2026-02-02 17:30:00,4667.195,4687.765,4655.985,4674.145,8478
2026-02-02 17:45:00,4673.998,4688.025,4662.478,4673.385,7971
2026-02-02 18:00:00,4673.395,4673.645,4633.195,4635.475,9309
2026-02-02 18:15:00,4635.475,4646.625,4617.758,4631.695,10276
2026-02-02 18:30:00,4632.315,4673.365,4632.315,4656.335,8695
2026-02-02 18:45:00,4656.335,4671.435,4644.005,4657.385,7367
2026-02-02 19:00:00,4657.285,4661.565,4636.395,4646.455,7739
2026-02-02 19:15:00,4646.465,4653.875,4631.005,4643.135,6756
2026-02-02 19:30:00,4643.115,4699.328,4636.725,4693.905,8056
2026-02-02 19:45:00,4694.155,4712.218,4676.515,4684.708,10192
2026-02-02 20:00:00,4684.708,4700.295,4668.479,4691.795,8310
2026-02-02 20:15:00,4691.795,4692.505,4650.635,4669.925,8837
2026-02-02 20:30:00,4671.045,4692.055,4656.365,4679.925,7512
2026-02-02 20:45:00,4679.955,4681.845,4647.355,4652.675,9697
2026-02-02 21:00:00,4652.348,4676.249,4643.325,4674.435,5521
2026-02-02 21:15:00,4674.515,4686.495,4659.495,4680.165,5364
2026-02-02 21:30:00,4680.118,4685.465,4666.598,4668.415,4579
2026-02-02 21:45:00,4668.449,4672.205,4647.635,4657.245,4827
2026-02-02 23:00:00,4670.098,4722.548,4661.788,4717.435,3431
2026-02-02 23:15:00,4717.455,4762.975,4715.305,4737.065,7365
2026-02-02 23:30:00,4736.985,4750.145,4715.975,4730.735,7018
2026-02-02 23:45:00,4730.435,4775.415,4728.405,4773.935,4849
2026-02-03 00:00:00,4773.975,4796.525,4765.425,4786.135,6602
2026-02-03 00:15:00,4787.818,4828.895,4787.605,4818.925,7585
2026-02-03 00:30:00,4818.945,4829.895,4812.205,4820.225,5974
2026-02-03 00:45:00,4820.405,4827.005,4772.988,4779.425,6619
2026-02-03 01:00:00,4781.445,4829.768,4765.348,4828.748,10693
2026-02-03 01:15:00,4828.948,4856.248,4822.258,4852.925,10155
2026-02-03 01:30:00,4852.935,4855.425,4829.705,4845.175,9359
2026-02-03 01:45:00,4845.085,4849.875,4819.915,4840.875,8383
2026-02-03 02:00:00,4840.795,4841.195,4789.108,4800.465,9913
2026-02-03 02:15:00,4800.555,4801.135,4760.265,4771.695,8669
2026-02-03 02:30:00,4771.715,4786.975,4754.248,4754.295,9219
2026-02-03 02:45:00,4753.485,4784.225,4744.808,4782.845,9124
2026-02-03 03:00:00,4782.875,4793.555,4761.655,4768.005,8552
2026-02-03 03:15:00,4767.975,4779.855,4751.165,4772.805,7219
2026-02-03 03:30:00,4772.805,4811.905,4769.555,4804.975,6790
2026-02-03 03:45:00,4804.975,4812.865,4786.035,4808.795,7165
2026-02-03 04:00:00,4808.665,4824.685,4807.635,4815.635,6913
2026-02-03 04:15:00,4815.145,4818.355,4800.215,4805.665,5491
2026-02-03 04:30:00,4805.785,4824.765,4805.455,4820.035,5883
2026-02-03 04:45:00,4820.125,4824.525,4807.485,4808.765,3581
2026-02-03 05:00:00,4809.255,4821.175,4808.608,4812.305,5131
2026-02-03 05:15:00,4812.295,4841.365,4811.485,4839.245,4510
2026-02-03 05:30:00,4839.145,4839.605,4816.335,4820.215,8775
2026-02-03 05:45:00,4820.235,4829.865,4812.835,4824.605,6874
2026-02-03 06:00:00,4824.615,4848.325,4815.895,4842.465,7171
2026-02-03 06:15:00,4842.385,4874.795,4841.165,4870.935,8132
2026-02-03 06:30:00,4870.855,4893.075,4867.975,4890.925,8617
2026-02-03 06:45:00,4890.985,4893.535,4864.485,4880.745,9267
2026-02-03 07:00:00,4880.595,4893.145,4871.525,4892.985,5398
2026-02-03 07:15:00,4892.845,4901.315,4879.355,4899.895,5282
2026-02-03 07:30:00,4899.925,4933.305,4898.465,4920.898,6191
2026-02-03 07:45:00,4920.908,4927.035,4912.785,4916.935,5097
2026-02-03 08:00:00,4916.905,4931.995,4897.995,4928.095,5630
2026-02-03 08:15:00,4928.145,4941.785,4927.195,4936.225,5182
2026-02-03 08:30:00,4936.205,4949.395,4930.325,4935.385,4881
2026-02-03 08:45:00,4935.425,4938.265,4910.875,4912.125,4986
2026-02-03 09:00:00,4912.085,4923.595,4907.765,4915.995,5535
2026-02-03 09:15:00,4915.975,4916.195,4889.838,4890.748,5668
2026-02-03 09:30:00,4890.748,4922.095,4884.275,4921.105,4762
2026-02-03 09:45:00,4921.095,4925.915,4914.455,4915.835,3958
2026-02-03 10:00:00,4915.845,4929.515,4913.775,4922.675,3710
2026-02-03 10:15:00,4922.705,4922.835,4913.975,4914.465,3614
2026-02-03 10:30:00,4914.535,4923.635,4913.988,4919.695,3729
2026-02-03 10:45:00,4919.645,4923.875,4901.415,4901.965,3609
2026-02-03 11:00:00,4901.985,4912.318,4889.465,4906.285,4579
2026-02-03 11:15:00,4906.055,4909.775,4883.445,4900.805,5068
2026-02-03 11:30:00,4900.765,4918.905,4897.955,4909.235,4482
2026-02-03 11:45:00,4909.195,4916.895,4898.345,4916.475,4421
2026-02-03 12:00:00,4916.991,4935.308,4909.715,4924.425,5951
2026-02-03 12:15:00,4924.525,4925.595,4891.855,4902.165,5284
2026-02-03 12:30:00,4902.185,4918.778,4899.865,4911.955,4590
2026-02-03 12:45:00,4911.965,4918.255,4906.865,4913.405,4217
2026-02-03 13:00:00,4913.395,4930.685,4902.325,4928.415,8385
2026-02-03 13:15:00,4928.525,4938.945,4916.695,4933.805,7977
2026-02-03 13:30:00,4933.795,4941.675,4928.415,4941.385,7422
2026-02-03 13:45:00,4941.425,4950.835,4920.335,4932.745,8051
2026-02-03 14:00:00,4932.685,4936.195,4917.205,4923.515,8203
2026-02-03 14:15:00,4923.515,4925.065,4895.975,4924.645,8395
2026-02-03 14:30:00,4924.645,4928.675,4892.895,4917.745,11094
2026-02-03 14:45:00,4917.755,4929.915,4909.315,4916.245,10558
2026-02-03 15:00:00,4916.315,4948.355,4904.025,4936.055,10131
2026-02-03 15:15:00,4936.055,4942.748,4907.595,4924.708,9539
2026-02-03 15:30:00,4924.708,4928.575,4907.465,4923.435,8236
2026-02-03 15:45:00,4923.445,4935.465,4917.975,4935.115,7400
2026-02-03 16:00:00,4935.265,4945.708,4929.425,4943.945,6172
2026-02-03 16:15:00,4943.915,4980.255,4941.015,4973.035,8686
2026-02-03 16:30:00,4973.065,4993.458,4963.795,4980.695,8630
2026-02-03 16:45:00,4980.665,4983.055,4951.395,4955.348,9331
2026-02-03 17:00:00,4955.358,4962.215,4922.965,4943.418,10421
2026-02-03 17:15:00,4943.495,4969.425,4936.558,4948.025,10796
2026-02-03 17:30:00,4948.088,4964.308,4913.178,4921.715,10329
2026-02-03 17:45:00,4921.695,4947.715,4906.975,4928.405,10274
2026-02-03 18:00:00,4928.405,4953.635,4925.795,4942.718,9800
2026-02-03 18:15:00,4942.708,4948.225,4904.515,4908.525,9364
2026-02-03 18:30:00,4908.575,4918.285,4882.365,4905.685,10232
2026-02-03 18:45:00,4905.725,4914.745,4891.055,4908.075,8634
2026-02-03 19:00:00,4908.075,4917.425,4880.295,4915.328,9242
2026-02-03 19:15:00,4915.318,4933.305,4914.335,4930.155,8227
2026-02-03 19:30:00,4930.048,4948.538,4921.805,4940.035,8432
2026-02-03 19:45:00,4940.075,4941.885,4915.545,4926.945,8409
2026-02-03 20:00:00,4926.925,4927.015,4901.945,4920.625,8153
2026-02-03 20:15:00,4920.755,4941.755,4911.635,4938.895,7406
2026-02-03 20:30:00,4938.965,4956.698,4937.295,4951.365,6781
2026-02-03 20:45:00,4951.355,4956.465,4932.365,4943.988,8930
2026-02-03 21:00:00,4944.078,4963.965,4937.985,4957.609,4133
2026-02-03 21:15:00,4957.609,4958.179,4942.565,4950.525,2247
2026-02-03 21:30:00,4950.535,4957.915,4935.265,4939.845,3041
2026-02-03 21:45:00,4939.825,4948.315,4933.328,4944.665,2649
2026-02-03 23:00:00,4940.908,4971.098,4904.069,4932.015,4872
2026-02-03 23:15:00,4931.535,4944.325,4919.265,4922.585,4562
2026-02-03 23:30:00,4922.675,4949.875,4919.515,4947.985,4226
2026-02-03 23:45:00,4947.955,4954.765,4938.965,4946.875,4675
2026-02-04 00:00:00,4946.895,4987.535,4945.725,4986.565,6239
2026-02-04 00:15:00,4986.585,4999.288,4977.548,4980.778,7831
2026-02-04 00:30:00,4980.558,4993.805,4967.788,4986.335,5147
2026-02-04 00:45:00,4986.335,5015.868,4986.275,5015.425,6214
2026-02-04 01:00:00,5015.865,5052.815,4984.635,5050.545,10798
2026-02-04 01:15:00,5050.535,5052.865,5030.765,5036.565,8060
2026-02-04 01:30:00,5036.485,5038.635,5010.145,5031.615,7828
2026-02-04 01:45:00,5031.855,5049.975,5027.735,5046.125,6476
2026-02-04 02:00:00,5046.115,5065.325,5045.995,5059.455,5528
2026-02-04 02:15:00,5059.485,5064.635,5052.585,5057.355,3751
2026-02-04 02:30:00,5057.335,5061.755,5038.815,5060.235,5926
2026-02-04 02:45:00,5060.255,5060.685,5035.085,5039.645,6065
2026-02-04 03:00:00,5039.309,5055.805,5035.675,5048.839,6296
2026-02-04 03:15:00,5048.499,5054.345,5038.505,5052.145,4414
2026-02-04 03:30:00,5051.275,5071.609,5051.205,5062.109,4104
2026-02-04 03:45:00,5062.099,5073.315,5060.785,5069.805,3182
2026-02-04 04:00:00,5069.815,5073.478,5062.345,5072.278,3309
2026-02-04 04:15:00,5072.288,5073.578,5055.895,5061.515,2811
2026-02-04 04:30:00,5061.545,5072.715,5059.975,5071.525,2379
2026-02-04 04:45:00,5071.495,5081.225,5070.905,5080.195,2450
2026-02-04 05:00:00,5080.125,5083.508,5076.365,5082.735,2285
2026-02-04 05:15:00,5082.735,5085.075,5078.508,5079.875,1876
2026-02-04 05:30:00,5079.955,5086.355,5068.855,5080.835,6179
2026-02-04 05:45:00,5081.965,5090.145,5076.908,5079.155,3622
2026-02-04 06:00:00,5079.185,5082.595,5055.565,5059.105,5742
2026-02-04 06:15:00,5059.305,5067.965,5050.745,5054.155,5452
2026-02-04 06:30:00,5054.175,5070.245,5053.445,5070.125,4599
2026-02-04 06:45:00,5070.045,5079.595,5067.095,5076.275,5371
2026-02-04 07:00:00,5076.265,5082.345,5062.775,5062.865,4504
2026-02-04 07:15:00,5062.885,5089.105,5061.785,5088.935,3602
2026-02-04 07:30:00,5088.919,5090.095,5066.625,5080.475,4259
2026-02-04 07:45:00,5080.365,5091.115,5080.005,5084.298,3330
2026-02-04 08:00:00,5084.298,5091.395,5074.318,5077.115,4514
2026-02-04 08:15:00,5077.165,5087.155,5076.405,5083.875,2962
2026-02-04 08:30:00,5083.945,5085.025,5068.475,5079.045,3694
2026-02-04 08:45:00,5079.055,5084.669,5070.898,5083.138,2789
2026-02-04 09:00:00,5083.148,5086.445,5067.508,5068.829,4575
2026-02-04 09:15:00,5068.829,5068.829,5052.675,5056.475,4923
2026-02-04 09:30:00,5056.545,5065.745,5042.655,5057.025,4956
2026-02-04 09:45:00,5056.975,5063.979,5046.975,5059.835,4507
2026-02-04 10:00:00,5059.855,5064.068,5047.815,5053.535,4064
2026-02-04 10:15:00,5053.515,5056.325,5041.595,5043.015,3243
2026-02-04 10:30:00,5042.799,5061.059,5042.799,5059.715,4267
2026-02-04 10:45:00,5059.695,5060.805,5045.628,5048.285,3204
2026-02-04 11:00:00,5048.295,5053.015,5042.195,5042.365,3088
2026-02-04 11:15:00,5042.305,5043.935,5013.015,5023.475,6170
2026-02-04 11:30:00,5023.495,5039.725,5021.805,5031.975,4531
2026-02-04 11:45:00,5031.985,5050.155,5030.075,5047.255,3375
2026-02-04 12:00:00,5047.165,5055.115,5037.115,5044.915,4193
2026-02-04 12:15:00,5044.965,5049.795,5039.645,5047.185,2978
2026-02-04 12:30:00,5047.195,5062.905,5047.145,5055.605,3684
2026-02-04 12:45:00,5055.605,5057.705,5036.135,5040.645,3249
2026-02-04 13:00:00,5040.955,5045.465,5022.975,5028.625,8515
2026-02-04 13:15:00,5029.215,5053.845,5027.715,5048.405,6458
2026-02-04 13:30:00,5048.645,5058.725,5032.845,5036.565,4901
2026-02-04 13:45:00,5036.585,5063.155,5035.225,5053.765,5428
2026-02-04 14:00:00,5053.775,5058.835,5034.285,5047.715,5593
2026-02-04 14:15:00,5047.695,5051.018,5028.585,5030.895,5609
2026-02-04 14:30:00,5031.095,5037.865,4966.515,4995.425,12290
2026-02-04 14:45:00,4995.915,5017.518,4970.365,4984.445,11787
2026-02-04 15:00:00,4984.379,5007.485,4971.398,4989.858,11546
2026-02-04 15:15:00,4989.798,4993.295,4950.335,4957.525,11531
2026-02-04 15:30:00,4957.465,4961.855,4886.798,4943.785,12502
2026-02-04 15:45:00,4943.715,4949.868,4909.188,4919.995,10819
2026-02-04 16:00:00,4919.975,4939.555,4894.988,4931.458,10932
2026-02-04 16:15:00,4931.458,4935.918,4890.078,4923.915,9714
2026-02-04 16:30:00,4923.945,4934.238,4894.845,4896.305,9311
2026-02-04 16:45:00,4896.295,4909.498,4844.165,4904.165,11415
2026-02-04 17:00:00,4904.175,4922.388,4891.738,4920.615,10154
2026-02-04 17:15:00,4920.805,4925.275,4887.995,4917.145,9669
2026-02-04 17:30:00,4917.085,4930.625,4903.298,4907.118,9782
2026-02-04 17:45:00,4907.118,4909.488,4895.518,4897.435,9206
2026-02-04 18:00:00,4897.405,4920.778,4872.365,4909.705,9295
2026-02-04 18:15:00,4909.675,4934.625,4895.885,4926.015,9837
2026-02-04 18:30:00,4925.989,4928.145,4903.495,4919.745,6111
2026-02-04 18:45:00,4919.755,4931.925,4910.495,4926.965,4875
2026-02-04 19:00:00,4927.048,4946.638,4914.155,4946.638,6580
2026-02-04 19:15:00,4946.595,4949.885,4920.088,4933.545,7226
2026-02-04 19:30:00,4933.585,4944.865,4928.195,4942.085,5543
2026-02-04 19:45:00,4941.445,4957.335,4930.888,4941.535,6705
2026-02-04 20:00:00,4941.515,4945.525,4920.955,4933.305,4986
2026-02-04 20:15:00,4933.295,4936.425,4919.035,4922.275,5695
2026-02-04 20:30:00,4922.305,4951.035,4914.135,4942.135,6650
2026-02-04 20:45:00,4942.185,4950.988,4933.768,4937.705,7359
2026-02-04 21:00:00,4937.825,4953.315,4937.125,4953.235,3773
2026-02-04 21:15:00,4953.195,4959.205,4949.155,4958.635,1840
2026-02-04 21:30:00,4958.565,4969.825,4952.235,4961.305,2850
2026-02-04 21:45:00,4961.325,4970.475,4958.225,4964.125,2069
2026-02-04 23:00:00,4960.488,5009.195,4958.417,5009.195,2012
2026-02-04 23:15:00,5009.205,5020.665,4999.715,5019.175,3855
2026-02-04 23:30:00,5019.125,5023.375,5008.935,5022.295,4043
2026-02-04 23:45:00,5022.355,5023.405,5007.605,5011.895,4368
2026-02-05 00:00:00,5011.705,5018.065,4996.305,4997.785,5711
2026-02-05 00:15:00,4997.865,5019.088,4997.115,5015.039,4350
2026-02-05 00:30:00,5015.039,5018.085,5008.858,5018.025,2437
2026-02-05 00:45:00,5017.995,5020.175,5003.825,5006.335,3765
2026-02-05 01:00:00,5007.647,5011.725,4966.655,4967.615,9532
2026-02-05 01:15:00,4967.775,4972.925,4935.215,4951.775,10730
2026-02-05 01:30:00,4951.785,4984.485,4951.725,4979.475,8719
2026-02-05 01:45:00,4979.315,4985.875,4957.255,4958.285,7430
2026-02-05 02:00:00,4958.315,4961.565,4899.029,4914.295,10721
2026-02-05 02:15:00,4914.065,4941.579,4893.105,4936.389,9934
2026-02-05 02:30:00,4936.459,4940.245,4894.805,4895.835,10842
2026-02-05 02:45:00,4896.015,4898.515,4803.798,4810.648,11793
2026-02-05 03:00:00,4810.768,4857.489,4787.685,4846.235,10582
2026-02-05 03:15:00,4846.045,4887.095,4832.355,4858.025,10512
2026-02-05 03:30:00,4858.025,4878.065,4838.375,4866.175,9587
2026-02-05 03:45:00,4866.175,4885.215,4852.045,4879.905,7662
2026-02-05 04:00:00,4879.895,4884.575,4862.765,4874.495,6337
2026-02-05 04:15:00,4874.565,4890.705,4870.285,4886.285,5623
2026-02-05 04:30:00,4886.585,4887.775,4869.555,4885.865,5179
2026-02-05 04:45:00,4885.985,4887.815,4863.195,4863.425,5551
2026-02-05 05:00:00,4863.425,4875.565,4848.675,4852.415,5755
2026-02-05 05:15:00,4852.215,4869.675,4839.945,4868.155,5789
2026-02-05 05:30:00,4868.055,4886.488,4824.115,4884.468,9547
2026-02-05 05:45:00,4884.875,4905.508,4884.518,4895.655,8408
2026-02-05 06:00:00,4895.625,4920.095,4876.285,4909.775,7824
2026-02-05 06:15:00,4909.615,4929.515,4900.735,4928.895,7949
2026-02-05 06:30:00,4928.925,4929.935,4908.785,4929.065,6448
2026-02-05 06:45:00,4929.175,4933.575,4897.735,4919.315,8470
2026-02-05 07:00:00,4919.265,4930.778,4915.175,4921.438,6706
2026-02-05 07:15:00,4921.428,4939.925,4910.575,4932.095,7274
2026-02-05 07:30:00,4932.428,4933.015,4895.385,4909.965,6528
2026-02-05 07:45:00,4909.965,4919.785,4906.655,4915.505,5497
2026-02-05 08:00:00,4914.805,4941.985,4912.255,4940.315,6043
2026-02-05 08:15:00,4940.415,4943.215,4919.015,4920.855,5855
2026-02-05 08:30:00,4920.855,4929.198,4916.955,4921.925,5782
2026-02-05 08:45:00,4921.925,4922.835,4900.459,4911.275,5005
2026-02-05 09:00:00,4911.389,4913.625,4862.075,4862.245,8558
2026-02-05 09:15:00,4862.245,4885.955,4852.935,4873.175,7205
2026-02-05 09:30:00,4873.715,4890.895,4872.895,4889.535,4996
2026-02-05 09:45:00,4889.455,4893.885,4849.145,4853.935,6975
2026-02-05 10:00:00,4853.925,4874.325,4851.365,4873.865,6817
2026-02-05 10:15:00,4873.608,4877.645,4847.205,4861.045,6009
2026-02-05 10:30:00,4862.195,4878.995,4851.365,4876.015,5421
2026-02-05 10:45:00,4876.005,4886.871,4867.765,4876.565,4805
2026-02-05 11:00:00,4876.565,4888.535,4876.225,4886.765,4345
2026-02-05 11:15:00,4886.765,4894.195,4878.845,4891.605,4323
2026-02-05 11:30:00,4891.675,4892.555,4870.045,4871.325,4998
2026-02-05 11:45:00,4871.365,4885.525,4864.095,4867.845,4290
2026-02-05 12:00:00,4867.498,4877.905,4833.125,4839.645,8094
2026-02-05 12:15:00,4839.535,4848.045,4810.085,4847.689,8743
2026-02-05 12:30:00,4847.635,4870.445,4840.145,4847.408,8603
2026-02-05 12:45:00,4847.408,4867.785,4837.895,4853.075,8808
2026-02-05 13:00:00,4853.039,4854.085,4801.388,4824.995,11255
2026-02-05 13:15:00,4824.715,4865.248,4824.035,4849.798,9071
2026-02-05 13:30:00,4850.698,4866.955,4822.245,4824.305,8882
2026-02-05 13:45:00,4824.095,4846.255,4819.635,4835.055,7246
2026-02-05 14:00:00,4835.075,4849.785,4811.295,4813.895,9429
2026-02-05 14:15:00,4814.205,4837.875,4809.795,4835.015,8602
2026-02-05 14:30:00,4834.985,4865.265,4805.735,4858.695,11425
2026-02-05 14:45:00,4858.755,4869.198,4838.885,4845.215,11244
2026-02-05 15:00:00,4844.475,4865.575,4821.475,4827.905,11602
2026-02-05 15:15:00,4827.895,4845.205,4812.965,4819.208,10629
2026-02-05 15:30:00,4818.825,4837.915,4809.495,4811.175,10014
2026-02-05 15:45:00,4811.325,4824.875,4800.055,4817.345,10397
2026-02-05 16:00:00,4817.265,4840.975,4812.155,4820.089,9688
2026-02-05 16:15:00,4820.089,4856.595,4817.948,4849.198,9675
2026-02-05 16:30:00,4849.425,4879.895,4844.288,4878.055,8304
2026-02-05 16:45:00,4877.975,4906.095,4863.905,4888.708,9143
2026-02-05 17:00:00,4888.708,4890.045,4865.565,4875.095,7824
2026-02-05 17:15:00,4875.125,4880.045,4858.775,4867.035,7312
2026-02-05 17:30:00,4867.045,4878.195,4859.125,4870.345,6723
2026-02-05 17:45:00,4870.325,4884.675,4863.435,4868.625,7071
2026-02-05 18:00:00,4868.655,4874.865,4854.695,4860.965,6726
2026-02-05 18:15:00,4861.005,4874.855,4850.735,4868.715,8317
2026-02-05 18:30:00,4869.245,4872.725,4853.955,4870.225,5589
2026-02-05 18:45:00,4870.655,4872.955,4850.905,4857.855,4476
2026-02-05 19:00:00,4857.895,4864.995,4841.715,4850.855,5197
2026-02-05 19:15:00,4850.825,4859.505,4846.465,4851.075,4512
2026-02-05 19:30:00,4851.035,4853.475,4827.908,4836.835,6483
2026-02-05 19:45:00,4836.815,4843.585,4823.405,4829.135,5030
2026-02-05 20:00:00,4828.879,4842.985,4813.325,4832.875,5701
2026-02-05 20:15:00,4832.855,4835.565,4810.368,4825.235,5908
2026-02-05 20:30:00,4825.315,4831.715,4806.555,4812.495,5737
2026-02-05 20:45:00,4812.295,4816.855,4792.575,4811.135,6925
2026-02-05 21:00:00,4811.105,4825.855,4804.435,4810.075,3003
2026-02-05 21:15:00,4810.135,4813.355,4795.045,4802.225,3057
2026-02-05 21:30:00,4802.185,4804.395,4759.365,4764.165,4868
2026-02-05 21:45:00,4763.555,4780.505,4759.915,4775.805,3891
2026-02-05 23:00:00,4791.698,4792.498,4754.828,4768.355,3392
2026-02-05 23:15:00,4768.375,4772.525,4748.265,4751.445,5624
2026-02-05 23:30:00,4751.415,4756.445,4732.405,4741.365,6577
2026-02-05 23:45:00,4741.335,4742.465,4702.915,4703.275,7134
2026-02-06 00:00:00,4703.265,4706.855,4678.825,4681.665,8109
2026-02-06 00:15:00,4681.705,4729.755,4654.355,4723.525,10640
2026-02-06 00:30:00,4723.555,4760.075,4707.255,4757.255,9674
2026-02-06 00:45:00,4757.645,4764.025,4738.615,4762.295,9547
2026-02-06 01:00:00,4762.275,4762.835,4692.648,4746.399,12020
2026-02-06 01:15:00,4746.399,4761.709,4702.728,4710.508,10663
2026-02-06 01:30:00,4710.508,4746.465,4703.915,4740.895,8579
2026-02-06 01:45:00,4740.825,4784.255,4735.745,4773.725,7910
2026-02-06 02:00:00,4773.765,4796.315,4759.705,4787.095,8829
2026-02-06 02:15:00,4786.905,4821.125,4782.215,4819.955,7359
2026-02-06 02:30:00,4820.075,4846.045,4808.775,4825.595,9981
2026-02-06 02:45:00,4826.165,4831.925,4808.068,4815.995,7512
2026-02-06 03:00:00,4815.905,4838.825,4808.465,4814.095,6777
2026-02-06 03:15:00,4814.095,4827.675,4800.745,4810.845,6646
2026-02-06 03:30:00,4810.869,4824.645,4800.288,4804.785,5493
2026-02-06 03:45:00,4804.415,4826.295,4804.315,4823.995,3987
2026-02-06 04:00:00,4823.915,4827.305,4814.525,4818.609,4541
2026-02-06 04:15:00,4818.739,4827.425,4806.895,4826.245,3419
2026-02-06 04:30:00,4826.285,4831.445,4819.205,4821.785,3711
2026-02-06 04:45:00,4821.805,4824.045,4809.805,4813.185,2641
2026-02-06 05:00:00,4814.105,4825.185,4807.075,4823.375,3384
2026-02-06 05:15:00,4823.375,4851.865,4818.735,4851.785,3948
2026-02-06 05:30:00,4851.765,4871.005,4836.375,4865.075,7727
2026-02-06 05:45:00,4865.095,4897.565,4861.785,4896.978,6532
2026-02-06 06:00:00,4896.885,4902.975,4864.898,4866.025,6975
2026-02-06 06:15:00,4865.875,4871.815,4847.675,4852.689,6822
2026-02-06 06:30:00,4852.689,4866.405,4835.995,4845.625,6417
2026-02-06 06:45:00,4845.605,4855.655,4824.548,4845.895,5976
2026-02-06 07:00:00,4845.925,4854.215,4837.435,4848.428,4357
2026-02-06 07:15:00,4848.375,4861.485,4842.115,4858.545,4279
2026-02-06 07:30:00,4858.195,4859.565,4847.175,4856.555,3735
2026-02-06 07:45:00,4856.525,4856.705,4839.725,4840.185,3999
2026-02-06 08:00:00,4840.185,4853.065,4828.575,4850.845,5844
2026-02-06 08:15:00,4850.855,4874.035,4847.685,4866.979,4521
2026-02-06 08:30:00,4866.969,4881.829,4854.835,4859.698,4200
2026-02-06 08:45:00,4859.695,4864.115,4852.035,4861.279,4012
2026-02-06 09:00:00,4861.279,4871.185,4839.045,4839.725,4397
2026-02-06 09:15:00,4839.695,4866.485,4837.905,4863.065,3511
2026-02-06 09:30:00,4863.035,4872.438,4858.098,4858.138,3218
2026-02-06 09:45:00,4857.435,4870.598,4855.805,4866.388,3939
2026-02-06 10:00:00,4866.165,4877.818,4865.558,4871.758,3445
2026-02-06 10:15:00,4871.675,4875.945,4851.555,4854.639,3962
2026-02-06 10:30:00,4854.669,4877.855,4852.278,4875.165,3355
2026-02-06 10:45:00,4875.125,4879.875,4866.935,4878.185,3308
2026-02-06 11:00:00,4878.075,4887.575,4863.468,4884.215,3742
2026-02-06 11:15:00,4884.055,4893.675,4878.228,4890.489,3809
2026-02-06 11:30:00,4890.549,4893.195,4879.878,4886.675,3445
2026-02-06 11:45:00,4886.385,4895.498,4882.208,4886.735,3190
2026-02-06 12:00:00,4886.725,4903.165,4883.475,4895.595,4461
2026-02-06 12:15:00,4895.655,4896.245,4871.555,4877.355,3602
2026-02-06 12:30:00,4877.395,4895.655,4876.855,4894.175,2969
2026-02-06 12:45:00,4894.205,4903.035,4893.875,4900.125,2948
2026-02-06 13:00:00,4900.145,4926.825,4896.965,4909.405,7987
2026-02-06 13:15:00,4909.385,4928.048,4904.735,4908.649,6342
2026-02-06 13:30:00,4908.469,4938.035,4908.329,4931.808,6048
2026-02-06 13:45:00,4931.808,4934.445,4921.898,4928.605,5473
2026-02-06 14:00:00,4928.625,4932.445,4909.608,4921.695,4506
2026-02-06 14:15:00,4921.725,4926.205,4894.135,4904.855,5020
2026-02-06 14:30:00,4904.805,4946.898,4897.285,4932.099,8704
2026-02-06 14:45:00,4932.245,4949.408,4926.818,4947.058,8065
2026-02-06 15:00:00,4947.038,4964.338,4938.618,4947.628,9010
2026-02-06 15:15:00,4947.688,4959.665,4934.898,4955.275,8207
2026-02-06 15:30:00,4955.295,4960.255,4938.775,4942.355,7230
2026-02-06 15:45:00,4942.415,4950.585,4928.055,4943.365,7184
2026-02-06 16:00:00,4943.455,4950.138,4936.978,4940.585,6481
2026-02-06 16:15:00,4940.545,4945.685,4921.578,4938.255,5428
2026-02-06 16:30:00,4938.225,4948.055,4929.458,4939.825,6121
2026-02-06 16:45:00,4939.865,4953.095,4936.035,4951.455,5573
2026-02-06 17:00:00,4951.525,4960.555,4948.925,4957.378,4286
2026-02-06 17:15:00,4957.378,4959.225,4952.495,4954.485,3133
2026-02-06 17:30:00,4954.505,4968.255,4947.805,4953.975,4638
2026-02-06 17:45:00,4953.995,4963.895,4953.645,4960.165,3156
2026-02-06 18:00:00,4960.305,4970.898,4958.545,4965.238,4302
2026-02-06 18:15:00,4965.238,4966.048,4943.615,4955.805,5019
2026-02-06 18:30:00,4955.935,4965.315,4951.388,4964.195,2394
2026-02-06 18:45:00,4964.215,4968.245,4960.525,4962.245,1970
2026-02-06 19:00:00,4962.285,4963.085,4953.505,4958.455,2118
2026-02-06 19:15:00,4958.435,4961.885,4956.935,4957.315,2020
2026-02-06 19:30:00,4957.365,4958.505,4948.505,4951.785,2377
2026-02-06 19:45:00,4951.625,4962.605,4951.585,4957.015,2358
2026-02-06 20:00:00,4957.065,4958.995,4950.825,4953.065,2746
2026-02-06 20:15:00,4952.985,4956.825,4946.445,4954.645,2688
2026-02-06 20:30:00,4954.755,4954.795,4936.385,4943.745,3844
2026-02-06 20:45:00,4943.955,4953.835,4940.025,4953.098,4528
2026-02-06 21:00:00,4953.098,4958.135,4946.195,4949.335,1394
2026-02-06 21:15:00,4949.365,4954.755,4947.315,4953.615,1078
2026-02-06 21:30:00,4953.645,4963.708,4953.565,4959.988,1463
2026-02-06 21:45:00,4959.609,4967.598,4957.138,4964.298,1939
2026-02-09 00:00:00,5035.475,5044.195,5024.245,5028.888,5694
2026-02-09 00:15:00,5028.858,5040.695,5021.205,5034.655,5163
2026-02-09 00:30:00,5034.795,5037.085,5016.335,5027.375,3654
2026-02-09 00:45:00,5027.405,5027.405,5011.298,5019.125,3963
2026-02-09 01:00:00,5020.135,5041.465,5004.825,5018.535,7751
2026-02-09 01:15:00,5018.425,5031.635,5009.455,5016.095,6779
2026-02-09 01:30:00,5016.095,5021.745,4975.485,5009.048,7055
2026-02-09 01:45:00,5009.085,5011.735,4979.695,4981.985,6201
2026-02-09 02:00:00,4981.985,5000.305,4967.835,4996.935,6048
2026-02-09 02:15:00,4996.855,5001.335,4988.665,5000.715,3496
2026-02-09 02:30:00,5000.685,5006.065,4988.878,4996.328,5413
2026-02-09 02:45:00,4996.755,5016.935,4985.925,5006.725,5239
2026-02-09 03:00:00,5006.619,5021.175,5005.305,5020.085,4325
2026-02-09 03:15:00,5020.115,5026.595,5011.098,5024.985,4822
2026-02-09 03:30:00,5024.995,5030.945,5018.208,5024.478,3674
2026-02-09 03:45:00,5024.595,5027.415,5011.878,5015.735,3065
2026-02-09 04:00:00,5015.885,5023.705,5011.625,5011.655,2401
2026-02-09 04:15:00,5011.655,5024.135,5008.178,5017.065,3548
2026-02-09 04:30:00,5017.055,5022.655,5014.438,5018.039,2560
2026-02-09 04:45:00,5018.019,5019.559,5006.895,5011.749,3251
2026-02-09 05:00:00,5011.749,5019.755,5011.015,5014.845,1954
2026-02-09 05:15:00,5014.855,5031.265,5014.855,5029.955,2161
2026-02-09 05:30:00,5029.895,5041.075,5025.315,5034.125,5905
2026-02-09 05:45:00,5034.165,5037.885,5022.755,5036.155,4276
2026-02-09 06:00:00,5036.175,5045.615,5031.308,5033.995,4854
2026-02-09 06:15:00,5033.435,5037.265,5013.378,5025.115,4969
2026-02-09 06:30:00,5024.855,5035.995,5020.665,5035.045,5230
2026-02-09 06:45:00,5035.045,5039.655,5026.555,5030.889,4322
2026-02-09 07:00:00,5030.905,5030.905,5007.808,5012.735,3509
2026-02-09 07:15:00,5012.735,5014.875,4994.955,5008.135,5542
2026-02-09 07:30:00,5008.315,5014.935,5006.945,5012.085,3932
2026-02-09 07:45:00,5012.195,5012.575,5000.585,5006.095,3364
2026-02-09 08:00:00,5006.125,5021.065,5002.505,5019.865,3549
2026-02-09 08:15:00,5019.905,5031.695,5019.905,5025.445,3373
2026-02-09 08:30:00,5025.175,5032.415,5021.215,5029.365,2421
2026-02-09 08:45:00,5029.345,5035.605,5023.805,5027.125,2689
2026-02-09 09:00:00,5027.165,5040.785,5022.735,5025.675,3036
2026-02-09 09:15:00,5025.655,5027.225,5016.075,5024.105,2276
2026-02-09 09:30:00,5024.065,5027.145,5011.555,5014.175,2476
2026-02-09 09:45:00,5014.125,5015.165,5002.355,5007.545,2964
2026-02-09 10:00:00,5007.585,5013.515,4996.245,5010.025,3408
2026-02-09 10:15:00,5009.975,5015.075,4985.795,4990.775,3600
2026-02-09 10:30:00,4990.805,4999.075,4982.125,4986.615,3876
2026-02-09 10:45:00,4986.615,4998.855,4982.545,4990.785,3285
2026-02-09 11:00:00,4990.785,4998.805,4988.425,4992.785,2839
2026-02-09 11:15:00,4992.825,5006.295,4990.895,5005.805,1983
2026-02-09 11:30:00,5005.835,5012.815,5001.235,5008.435,2217
2026-02-09 11:45:00,5008.385,5017.795,5006.999,5010.585,2262
2026-02-09 12:00:00,5010.615,5017.135,5007.085,5016.225,2806
2026-02-09 12:15:00,5016.465,5017.555,5010.385,5013.815,1824
2026-02-09 12:30:00,5014.055,5021.655,5009.355,5015.015,1975
2026-02-09 12:45:00,5015.085,5018.705,5007.175,5013.105,2524
2026-02-09 13:00:00,5013.135,5024.605,5007.485,5021.875,5562
2026-02-09 13:15:00,5021.895,5024.135,5003.085,5004.055,5091
2026-02-09 13:30:00,5004.035,5014.705,4994.855,4998.455,4818
2026-02-09 13:45:00,4998.445,5010.465,4995.855,5006.795,4501
2026-02-09 14:00:00,5006.745,5017.375,5001.975,5015.125,3804
2026-02-09 14:15:00,5015.395,5023.695,5009.435,5020.745,3982
2026-02-09 14:30:00,5020.685,5036.855,5013.565,5036.255,8849
2026-02-09 14:45:00,5036.275,5040.695,5030.628,5037.875,6881
2026-02-09 15:00:00,5037.605,5041.945,5028.288,5029.855,5591
2026-02-09 15:15:00,5029.885,5035.375,5023.345,5033.095,5350
2026-02-09 15:30:00,5033.145,5056.025,5033.105,5055.645,5627
2026-02-09 15:45:00,5055.775,5060.045,5052.175,5058.675,3886
2026-02-09 16:00:00,5058.705,5068.405,5056.118,5063.298,4306
2026-02-09 16:15:00,5063.298,5079.615,5063.205,5072.245,4566
2026-02-09 16:30:00,5072.395,5078.075,5066.595,5077.725,4310
2026-02-09 16:45:00,5077.725,5080.495,5070.935,5073.115,3909
2026-02-09 17:00:00,5073.105,5075.325,5060.635,5063.255,3822
2026-02-09 17:15:00,5063.225,5071.745,5063.215,5067.895,2384
2026-02-09 17:30:00,5068.635,5070.205,5060.925,5062.175,2833
2026-02-09 17:45:00,5062.155,5063.865,5040.635,5046.125,4645
2026-02-09 18:00:00,5045.965,5058.965,5045.915,5058.095,3603
2026-02-09 18:15:00,5058.145,5059.495,5044.025,5053.955,4918
2026-02-09 18:30:00,5054.295,5059.375,5048.265,5056.085,3547
2026-02-09 18:45:00,5056.125,5063.745,5051.215,5062.525,2715
2026-02-09 19:00:00,5062.505,5068.975,5062.188,5066.145,2657
2026-02-09 19:15:00,5066.005,5074.155,5063.995,5074.105,2574
2026-02-09 19:30:00,5074.155,5079.845,5072.498,5075.495,2511
2026-02-09 19:45:00,5075.545,5077.715,5072.715,5074.195,2603
2026-02-09 20:00:00,5074.275,5080.195,5073.185,5078.845,3032
2026-02-09 20:15:00,5078.875,5081.298,5075.315,5079.945,3970
2026-02-09 20:30:00,5079.945,5086.265,5072.015,5077.555,3944
2026-02-09 20:45:00,5077.595,5082.665,5073.185,5079.385,4538
2026-02-09 21:00:00,5079.655,5082.955,5061.238,5063.055,1695
2026-02-09 21:15:00,5063.035,5066.105,5048.315,5054.935,1900
2026-02-09 21:30:00,5054.965,5064.275,5053.698,5061.245,1662
2026-02-09 21:45:00,5061.775,5066.115,5056.285,5058.315,1326
2026-02-09 23:00:00,5048.968,5074.398,4985.748,5011.948,4351
2026-02-09 23:15:00,5012.148,5027.705,5000.833,5022.728,6785
2026-02-09 23:30:00,5022.718,5039.775,5012.595,5039.315,4932
2026-02-09 23:45:00,5039.315,5041.115,5029.425,5031.245,3623
2026-02-10 00:00:00,5031.095,5048.045,5031.095,5034.445,4510
2026-02-10 00:15:00,5034.365,5044.065,5031.165,5033.535,3365
2026-02-10 00:30:00,5033.605,5040.515,5015.145,5023.265,4388
2026-02-10 00:45:00,5023.265,5025.015,5008.155,5018.405,4606
2026-02-10 01:00:00,5018.285,5033.965,5012.125,5030.525,7246
2026-02-10 01:15:00,5030.595,5037.205,5013.005,5016.595,5585
2026-02-10 01:30:00,5016.555,5032.315,5014.105,5028.465,6179
2026-02-10 01:45:00,5028.475,5035.308,5023.685,5031.915,5687
2026-02-10 02:00:00,5031.915,5045.305,5031.028,5041.775,5650
2026-02-10 02:15:00,5041.745,5055.935,5039.845,5046.965,4432
2026-02-10 02:30:00,5046.975,5052.855,5041.615,5050.005,4803
2026-02-10 02:45:00,5050.035,5052.385,5034.445,5037.875,5249
2026-02-10 03:00:00,5037.595,5037.595,5024.538,5026.375,5287
2026-02-10 03:15:00,5026.365,5027.958,5016.035,5021.455,5588
2026-02-10 03:30:00,5021.395,5031.515,5019.815,5023.738,3531
2026-02-10 03:45:00,5023.975,5029.855,5015.705,5029.855,3713
2026-02-10 04:00:00,5029.655,5030.805,5017.195,5023.545,3285
2026-02-10 04:15:00,5023.555,5029.465,5022.385,5027.125,2412
2026-02-10 04:30:00,5027.135,5029.465,5021.545,5026.395,2056
2026-02-10 04:45:00,5026.425,5033.505,5024.255,5031.295,2158
2026-02-10 05:00:00,5031.119,5034.945,5027.155,5029.339,2234
2026-02-10 05:15:00,5029.329,5029.609,5010.925,5019.075,3386
2026-02-10 05:30:00,5018.945,5032.275,5012.565,5032.255,5119
2026-02-10 05:45:00,5032.285,5040.235,5031.015,5039.085,4150
2026-02-10 06:00:00,5039.055,5045.195,5034.868,5036.695,4249
2026-02-10 06:15:00,5036.705,5037.465,5030.525,5031.365,4064
2026-02-10 06:30:00,5031.355,5038.765,5026.485,5028.345,3556
2026-02-10 06:45:00,5027.975,5035.845,5018.465,5023.425,4352
2026-02-10 07:00:00,5023.445,5034.075,5018.125,5028.505,2939
2026-02-10 07:15:00,5028.475,5031.585,5019.235,5025.085,2996
2026-02-10 07:30:00,5025.085,5034.645,5024.495,5028.655,2818
2026-02-10 07:45:00,5028.655,5035.825,5026.565,5033.765,3000
2026-02-10 08:00:00,5033.519,5040.785,5028.605,5032.755,3799
2026-02-10 08:15:00,5032.795,5040.925,5031.955,5035.395,2717
2026-02-10 08:30:00,5035.375,5048.715,5033.995,5048.505,2287
2026-02-10 08:45:00,5048.485,5054.985,5038.658,5041.555,3096
2026-02-10 09:00:00,5041.505,5063.055,5040.315,5051.345,2972
2026-02-10 09:15:00,5051.445,5055.435,5045.175,5051.808,2711
2026-02-10 09:30:00,5051.808,5052.855,5045.095,5048.465,2399
2026-02-10 09:45:00,5048.485,5049.635,5041.865,5046.535,2418
2026-02-10 10:00:00,5046.555,5052.455,5040.515,5040.985,2197
2026-02-10 10:15:00,5040.905,5050.435,5036.745,5047.225,2424
2026-02-10 10:30:00,5047.255,5057.925,5045.375,5053.855,2499
2026-02-10 10:45:00,5053.945,5056.445,5043.628,5046.585,1832
2026-02-10 11:00:00,5046.555,5052.835,5044.255,5050.125,1635
2026-02-10 11:15:00,5050.065,5051.385,5044.948,5047.585,1709
2026-02-10 11:30:00,5047.555,5053.905,5045.668,5047.055,1511
2026-02-10 11:45:00,5047.015,5057.205,5044.725,5055.675,1768
2026-02-10 12:00:00,5055.695,5056.925,5040.725,5043.715,2727
2026-02-10 12:15:00,5043.318,5051.085,5042.115,5046.235,2410
2026-02-10 12:30:00,5046.965,5047.475,5023.525,5029.365,2442
2026-02-10 12:45:00,5029.345,5034.185,5019.415,5031.975,4734
2026-02-10 13:00:00,5031.995,5042.185,5026.565,5041.945,4744
2026-02-10 13:15:00,5041.945,5046.095,5033.145,5037.235,3262
2026-02-10 13:30:00,5037.285,5058.725,5036.905,5052.675,5167
2026-02-10 13:45:00,5052.705,5056.885,5049.115,5050.765,3535
2026-02-10 14:00:00,5050.795,5058.085,5046.535,5055.668,3158
2026-02-10 14:15:00,5055.658,5074.305,5055.658,5070.025,4905
2026-02-10 14:30:00,5070.045,5078.485,5053.145,5055.505,7883
2026-02-10 14:45:00,5055.525,5055.935,5020.225,5039.295,8053
2026-02-10 15:00:00,5038.988,5043.505,5028.388,5042.125,6184
2026-02-10 15:15:00,5042.075,5047.865,5032.005,5032.045,5354
2026-02-10 15:30:00,5031.845,5037.105,4998.685,5013.795,7939
2026-02-10 15:45:00,5013.815,5029.405,5012.125,5019.028,7009
2026-02-10 16:00:00,5019.035,5022.625,5006.315,5020.515,5784
2026-02-10 16:15:00,5020.485,5024.125,5005.495,5009.965,5756
2026-02-10 16:30:00,5009.945,5023.435,5008.325,5021.675,4641
2026-02-10 16:45:00,5022.015,5026.215,5015.665,5023.645,4485
2026-02-10 17:00:00,5023.575,5027.265,5020.385,5024.265,3214
2026-02-10 17:15:00,5024.235,5038.898,5024.165,5036.335,3182
2026-02-10 17:30:00,5036.355,5039.045,5031.755,5037.335,2347
2026-02-10 17:45:00,5037.375,5039.875,5024.755,5025.915,2785
2026-02-10 18:00:00,5025.639,5027.535,5013.378,5016.245,3261
2026-02-10 18:15:00,5016.205,5018.285,5004.558,5008.055,4688
2026-02-10 18:30:00,5008.285,5016.185,5004.775,5015.235,3681
2026-02-10 18:45:00,5015.205,5016.915,5006.635,5012.755,3038
2026-02-10 19:00:00,5012.725,5013.688,5008.585,5012.235,2565
2026-02-10 19:15:00,5012.298,5021.535,5012.098,5020.805,2742
2026-02-10 19:30:00,5020.845,5029.835,5020.825,5024.158,2838
2026-02-10 19:45:00,5024.168,5029.995,5024.168,5027.685,2146
2026-02-10 20:00:00,5027.705,5029.775,5020.125,5025.755,2554
2026-02-10 20:15:00,5025.805,5033.775,5023.075,5027.975,2951
2026-02-10 20:30:00,5027.935,5036.255,5027.075,5035.995,2579
2026-02-10 20:45:00,5035.955,5045.155,5027.548,5029.898,4561
2026-02-10 21:00:00,5029.898,5032.505,5025.305,5028.975,1143
2026-02-10 21:15:00,5028.935,5029.435,5022.915,5025.815,1236
2026-02-10 21:30:00,5025.785,5027.998,5022.765,5023.905,1365
2026-02-10 21:45:00,5023.905,5027.075,5020.045,5024.378,1184
2026-02-10 23:00:00,5022.498,5036.498,5022.498,5033.835,1250
2026-02-10 23:15:00,5033.875,5054.435,5033.695,5046.235,3177
2026-02-10 23:30:00,5046.215,5047.795,5038.098,5042.015,1531
2026-02-10 23:45:00,5041.955,5047.075,5038.525,5041.575,909
2026-02-11 00:00:00,5041.535,5044.385,5030.608,5033.945,2085
2026-02-11 00:15:00,5033.935,5040.635,5027.755,5039.395,2614
2026-02-11 00:30:00,5039.615,5049.225,5038.798,5040.908,2016
2026-02-11 00:45:00,5040.948,5041.938,5034.055,5037.535,2396
2026-02-11 01:00:00,5037.565,5047.435,5030.125,5041.025,4906
2026-02-11 01:15:00,5040.995,5045.165,5034.755,5037.405,2689
2026-02-11 01:30:00,5037.375,5045.545,5032.368,5043.838,2626
2026-02-11 01:45:00,5043.838,5052.928,5040.775,5052.245,2922
2026-02-11 02:00:00,5052.215,5056.525,5034.325,5036.665,3464
2026-02-11 02:15:00,5036.665,5046.345,5032.255,5041.855,2234
2026-02-11 02:30:00,5041.198,5053.895,5040.815,5053.765,2337
2026-02-11 02:45:00,5053.765,5057.535,5050.515,5055.465,2957
2026-02-11 03:00:00,5055.435,5055.965,5048.845,5048.855,2125
2026-02-11 03:15:00,5048.905,5058.725,5044.508,5056.715,2778
2026-02-11 03:30:00,5056.695,5060.335,5053.405,5058.125,1639
2026-02-11 03:45:00,5058.298,5060.425,5052.785,5054.055,1248
2026-02-11 04:00:00,5054.025,5058.175,5052.845,5057.265,884
2026-02-11 04:15:00,5057.285,5059.415,5056.265,5058.185,810
2026-02-11 04:30:00,5058.165,5059.145,5051.455,5051.875,953
2026-02-11 04:45:00,5051.855,5055.795,5045.538,5045.985,1453
2026-02-11 05:00:00,5046.005,5049.885,5043.285,5047.935,1529
2026-02-11 05:15:00,5048.065,5053.365,5045.555,5052.885,1074
2026-02-11 05:30:00,5052.915,5063.675,5052.345,5062.065,2580
2026-02-11 05:45:00,5062.085,5062.655,5045.975,5052.485,2735
2026-02-11 06:00:00,5052.515,5057.195,5049.145,5054.245,2106
2026-02-11 06:15:00,5054.275,5061.325,5053.175,5056.245,2595
2026-02-11 06:30:00,5056.285,5060.165,5053.165,5053.625,2111
2026-02-11 06:45:00,5053.655,5064.295,5051.775,5063.865,3114
2026-02-11 07:00:00,5063.905,5069.125,5057.115,5059.055,3205
2026-02-11 07:15:00,5059.065,5065.855,5052.358,5059.645,3256
2026-02-11 07:30:00,5059.695,5061.695,5052.635,5054.285,2780
2026-02-11 07:45:00,5054.285,5056.045,5048.475,5055.255,1712
2026-02-11 08:00:00,5054.735,5060.215,5051.408,5051.418,2444
2026-02-11 08:15:00,5051.418,5055.405,5050.125,5051.295,2071
2026-02-11 08:30:00,5051.275,5053.275,5045.365,5052.098,1994
2026-02-11 08:45:00,5052.049,5054.668,5050.355,5053.315,1271
2026-02-11 09:00:00,5053.295,5055.565,5046.755,5051.255,1988
2026-02-11 09:15:00,5051.225,5054.805,5049.785,5054.125,1299
2026-02-11 09:30:00,5054.155,5065.715,5053.315,5064.305,3050
2026-02-11 09:45:00,5064.355,5071.955,5059.618,5062.485,2866
2026-02-11 10:00:00,5062.545,5069.615,5062.095,5068.635,2100
2026-02-11 10:15:00,5068.675,5076.138,5068.035,5070.738,3028
2026-02-11 10:30:00,5070.655,5099.991,5067.925,5099.498,3462
2026-02-11 10:45:00,5099.265,5100.915,5090.848,5092.985,5248
2026-02-11 11:00:00,5093.015,5095.755,5082.358,5089.468,2511
2026-02-11 11:15:00,5089.468,5107.605,5089.468,5107.075,2224
2026-02-11 11:30:00,5107.105,5109.938,5100.398,5108.285,3250
2026-02-11 11:45:00,5108.315,5116.185,5108.018,5111.405,3048
2026-02-11 12:00:00,5112.065,5118.815,5098.365,5105.785,3944
2026-02-11 12:15:00,5105.755,5106.975,5086.028,5094.835,3526
2026-02-11 12:30:00,5094.785,5098.395,5049.495,5068.385,5531
2026-02-11 12:45:00,5068.085,5083.438,5065.365,5083.055,4211
2026-02-11 13:00:00,5083.025,5087.445,5072.928,5082.085,4872
2026-02-11 13:15:00,5081.945,5089.745,5063.545,5080.508,4747
2026-02-11 13:30:00,5080.508,5085.768,5017.995,5059.775,10098
2026-02-11 13:45:00,5059.545,5072.885,5054.265,5065.455,8356
2026-02-11 14:00:00,5065.495,5077.135,5061.565,5073.685,5737
2026-02-11 14:15:00,5073.675,5083.008,5066.995,5070.645,5221
2026-02-11 14:30:00,5070.685,5075.565,5035.535,5042.385,9433
2026-02-11 14:45:00,5042.495,5065.175,5040.205,5059.008,8587
2026-02-11 15:00:00,5059.008,5081.485,5053.365,5066.735,7087
2026-02-11 15:15:00,5066.765,5074.215,5043.195,5048.675,8696
2026-02-11 15:30:00,5048.485,5057.195,5038.885,5048.155,7807
2026-02-11 15:45:00,5048.165,5062.825,5044.225,5059.885,7121
2026-02-11 16:00:00,5059.515,5064.215,5051.675,5055.895,6458
2026-02-11 16:15:00,5055.955,5061.895,5042.745,5060.525,5752
2026-02-11 16:30:00,5060.875,5078.005,5055.825,5073.698,5132
2026-02-11 16:45:00,5074.045,5076.498,5071.055,5074.775,3729
2026-02-11 17:00:00,5074.748,5085.098,5067.815,5084.548,4769
2026-02-11 17:15:00,5084.548,5090.965,5078.235,5087.305,5881
2026-02-11 17:30:00,5087.305,5098.765,5081.265,5095.935,5234
2026-02-11 17:45:00,5095.985,5097.315,5087.595,5091.245,4650
2026-02-11 18:00:00,5091.195,5092.508,5066.615,5072.775,5357
2026-02-11 18:15:00,5072.795,5079.205,5068.455,5073.395,5294
2026-02-11 18:30:00,5073.415,5085.145,5070.945,5083.255,3908
2026-02-11 18:45:00,5083.285,5087.115,5079.925,5082.275,5036
2026-02-11 19:00:00,5082.265,5092.445,5081.538,5088.955,3750
2026-02-11 19:15:00,5088.935,5094.015,5087.298,5091.435,2705
2026-02-11 19:30:00,5091.405,5091.785,5080.965,5085.445,3151
2026-02-11 19:45:00,5085.425,5088.175,5076.955,5081.705,3788
2026-02-11 20:00:00,5081.695,5088.015,5079.475,5087.935,3331
2026-02-11 20:15:00,5087.985,5088.785,5083.475,5084.825,2649
2026-02-11 20:30:00,5084.805,5087.098,5077.898,5086.335,3613
2026-02-11 20:45:00,5086.375,5089.948,5084.315,5086.625,4716
2026-02-11 21:00:00,5086.615,5088.905,5084.235,5088.085,1162
2026-02-11 21:15:00,5088.045,5092.605,5078.118,5081.995,1477
2026-02-11 21:30:00,5082.015,5084.215,5069.665,5080.405,2275
2026-02-11 21:45:00,5079.909,5084.675,5076.595,5083.525,1818
2026-02-11 23:00:00,5084.198,5099.798,5051.925,5062.995,3242
2026-02-11 23:15:00,5062.995,5070.695,5058.415,5068.495,3723
2026-02-11 23:30:00,5068.465,5069.085,5059.525,5062.685,2537
2026-02-11 23:45:00,5062.675,5070.615,5059.465,5060.785,2282
2026-02-12 00:00:00,5060.625,5067.385,5049.505,5056.485,4840
2026-02-12 00:15:00,5056.365,5066.045,5053.195,5060.335,3959
2026-02-12 00:30:00,5060.335,5065.545,5055.565,5058.885,2763
2026-02-12 00:45:00,5058.865,5065.385,5058.098,5062.645,2972
2026-02-12 01:00:00,5062.295,5062.555,5044.368,5048.955,6367
2026-02-12 01:15:00,5048.955,5060.755,5046.055,5058.505,3652
2026-02-12 01:30:00,5058.505,5063.935,5055.145,5060.595,3602
2026-02-12 01:45:00,5060.605,5063.095,5052.585,5063.095,4355
2026-02-12 02:00:00,5063.115,5072.185,5063.115,5067.875,3078
2026-02-12 02:15:00,5068.105,5072.665,5061.745,5066.405,2659
2026-02-12 02:30:00,5066.395,5069.535,5056.085,5057.705,3311
2026-02-12 02:45:00,5057.685,5066.535,5054.745,5065.705,2613
2026-02-12 03:00:00,5065.675,5074.425,5062.485,5068.255,2576
2026-02-12 03:15:00,5068.275,5070.825,5054.419,5059.735,2140
2026-02-12 03:30:00,5059.705,5066.595,5058.495,5065.145,1919
2026-02-12 03:45:00,5065.145,5065.145,5054.615,5056.655,1822
2026-02-12 04:00:00,5056.605,5058.755,5052.008,5054.675,1113
2026-02-12 04:15:00,5054.615,5057.335,5050.568,5056.095,1371
2026-02-12 04:30:00,5056.115,5059.955,5053.965,5057.685,917
2026-02-12 04:45:00,5057.685,5069.845,5054.955,5069.165,1261
2026-02-12 05:00:00,5069.215,5077.995,5065.385,5074.485,1910
2026-02-12 05:15:00,5074.465,5077.665,5070.148,5071.565,1355
2026-02-12 05:30:00,5071.525,5072.175,5064.285,5071.795,2399
2026-02-12 05:45:00,5071.825,5075.805,5067.085,5075.315,1982
2026-02-12 06:00:00,5075.575,5076.095,5061.935,5068.725,2435
2026-02-12 06:15:00,5068.755,5070.045,5054.998,5055.095,2383
2026-02-12 06:30:00,5055.075,5057.755,5046.678,5057.465,3969
2026-02-12 06:45:00,5057.495,5061.515,5053.535,5059.445,3477
2026-02-12 07:00:00,5059.435,5065.938,5051.535,5062.739,2648
2026-02-12 07:15:00,5062.739,5064.135,5056.628,5061.939,2639
2026-02-12 07:30:00,5061.979,5063.665,5057.665,5058.015,1609
2026-02-12 07:45:00,5057.795,5065.355,5056.335,5063.385,1632
2026-02-12 08:00:00,5063.415,5073.128,5062.659,5067.725,2442
2026-02-12 08:15:00,5067.745,5069.285,5060.358,5060.358,2168
2026-02-12 08:30:00,5060.365,5063.175,5051.895,5062.765,1944
2026-02-12 08:45:00,5062.795,5072.095,5060.025,5068.345,2023
2026-02-12 09:00:00,5068.325,5075.965,5066.075,5073.725,2354
2026-02-12 09:15:00,5073.705,5077.595,5070.895,5071.045,1563
2026-02-12 09:30:00,5071.065,5073.795,5068.365,5072.605,1322
2026-02-12 09:45:00,5072.625,5080.535,5070.915,5072.705,1558
2026-02-12 10:00:00,5072.735,5076.775,5063.585,5065.765,2144
2026-02-12 10:15:00,5065.725,5065.748,5061.018,5061.018,1973
2026-02-12 10:30:00,5061.018,5065.725,5060.765,5061.895,2225
2026-02-12 10:45:00,5061.875,5062.465,5055.835,5061.805,2018
2026-02-12 11:00:00,5061.925,5065.188,5059.175,5060.785,1449
2026-02-12 11:15:00,5060.785,5065.425,5060.785,5062.385,1889
2026-02-12 11:30:00,5062.385,5065.105,5061.098,5063.505,1639
2026-02-12 11:45:00,5063.535,5068.055,5061.245,5063.505,1967
2026-02-12 12:00:00,5063.558,5066.505,5056.295,5061.995,2556
2026-02-12 12:15:00,5061.765,5063.915,5059.745,5062.095,1237
2026-02-12 12:30:00,5062.115,5068.455,5054.678,5057.325,1794
2026-02-12 12:45:00,5057.285,5058.225,5048.485,5052.515,2637
2026-02-12 13:00:00,5052.475,5065.595,5051.165,5065.395,3683
2026-02-12 13:15:00,5065.375,5074.115,5061.715,5062.205,2912
2026-02-12 13:30:00,5062.125,5077.005,5060.125,5075.245,3322
2026-02-12 13:45:00,5075.275,5083.475,5074.435,5075.098,2563
2026-02-12 14:00:00,5075.098,5077.485,5060.965,5064.925,3743
2026-02-12 14:15:00,5064.895,5068.065,5054.525,5059.665,3837
2026-02-12 14:30:00,5059.695,5071.355,5053.495,5055.955,6539
2026-02-12 14:45:00,5055.925,5061.105,5039.265,5044.055,6536
2026-02-12 15:00:00,5044.045,5065.363,5039.575,5064.755,6402
2026-02-12 15:15:00,5064.725,5069.645,5062.378,5065.805,3260
2026-02-12 15:30:00,5065.285,5072.145,5065.115,5070.435,3813
2026-02-12 15:45:00,5070.465,5074.655,5059.805,5060.248,3957
2026-02-12 16:00:00,5060.295,5067.895,4947.638,4950.978,8252
2026-02-12 16:15:00,4950.998,4965.425,4877.255,4896.428,13309
2026-02-12 16:30:00,4896.528,4968.905,4893.598,4952.798,12593
2026-02-12 16:45:00,4952.635,4961.845,4930.635,4954.275,11328
2026-02-12 17:00:00,4954.295,4966.758,4939.055,4959.145,9871
2026-02-12 17:15:00,4959.055,4982.335,4955.258,4965.428,9163
2026-02-12 17:30:00,4965.438,4974.605,4957.285,4969.235,8291
2026-02-12 17:45:00,4969.295,4970.915,4939.225,4940.865,8490
2026-02-12 18:00:00,4940.645,4949.715,4921.055,4934.135,9467
2026-02-12 18:15:00,4934.185,4934.985,4906.185,4928.035,9168
2026-02-12 18:30:00,4928.035,4946.275,4925.805,4939.915,7591
2026-02-12 18:45:00,4939.978,4951.855,4932.925,4935.245,6293
2026-02-12 19:00:00,4935.435,4941.325,4927.345,4932.985,6296
2026-02-12 19:15:00,4932.955,4944.045,4929.225,4931.018,5543
2026-02-12 19:30:00,4931.025,4950.095,4931.025,4946.505,5419
2026-02-12 19:45:00,4946.505,4957.955,4943.165,4945.325,6657
2026-02-12 20:00:00,4945.425,4948.205,4933.495,4940.635,6111
2026-02-12 20:15:00,4940.655,4940.765,4921.465,4922.298,6045
2026-02-12 20:30:00,4922.345,4927.945,4910.865,4920.415,7371
2026-02-12 20:45:00,4920.555,4923.365,4911.625,4914.859,8893
2026-02-12 21:00:00,4914.615,4922.539,4911.455,4916.709,3167
2026-02-12 21:15:00,4916.739,4924.195,4912.615,4920.045,1945
2026-02-12 21:30:00,4920.015,4926.185,4917.389,4917.965,1620
2026-02-12 21:45:00,4917.995,4926.655,4915.555,4921.265,2092
2026-02-12 23:00:00,4916.308,4916.308,4886.258,4910.115,472
2026-02-12 23:15:00,4909.815,4928.195,4909.805,4919.635,2374
2026-02-12 23:30:00,4919.535,4925.995,4906.018,4913.515,3475
2026-02-12 23:45:00,4913.535,4919.805,4905.475,4919.775,2157
2026-02-13 00:00:00,4919.875,4948.125,4913.505,4941.385,4668
2026-02-13 00:15:00,4941.225,4946.725,4933.945,4935.755,3370
2026-02-13 00:30:00,4935.785,4945.235,4932.375,4940.215,3533
2026-02-13 00:45:00,4940.525,4944.185,4926.555,4927.705,3227
2026-02-13 01:00:00,4928.235,4967.285,4926.675,4965.045,6686
2026-02-13 01:15:00,4964.735,4978.985,4961.775,4969.505,4717
2026-02-13 01:30:00,4969.495,4982.075,4963.805,4979.465,5116
2026-02-13 01:45:00,4979.635,4988.285,4974.905,4980.475,3921
2026-02-13 02:00:00,4980.445,4984.395,4972.525,4977.805,3019
2026-02-13 02:15:00,4977.775,4985.865,4975.375,4985.745,1892
2026-02-13 02:30:00,4985.805,4989.125,4973.045,4983.905,3289
2026-02-13 02:45:00,4983.925,4991.315,4971.815,4988.215,4074
2026-02-13 03:00:00,4988.185,4988.905,4980.325,4983.575,3033
2026-02-13 03:15:00,4982.965,4984.105,4973.575,4977.905,2724
2026-02-13 03:30:00,4977.925,4983.475,4974.755,4976.935,1226
2026-02-13 03:45:00,4976.955,4984.165,4976.075,4981.115,1174
2026-02-13 04:00:00,4981.095,4987.215,4975.375,4985.595,1519
2026-02-13 04:15:00,4985.625,4996.955,4984.545,4984.955,2133
2026-02-13 04:30:00,4984.985,4985.985,4974.855,4976.485,1411
2026-02-13 04:45:00,4976.475,4978.035,4972.655,4976.365,1412
2026-02-13 05:00:00,4976.375,4981.725,4974.455,4977.995,1428
2026-02-13 05:15:00,4977.975,4986.305,4964.718,4979.425,2720
2026-02-13 05:30:00,4979.445,4979.995,4959.285,4963.785,3757
2026-02-13 05:45:00,4963.805,4965.495,4944.475,4945.855,3697
2026-02-13 06:00:00,4946.185,4961.655,4945.835,4957.965,3688
2026-02-13 06:15:00,4958.355,4960.935,4949.615,4952.935,3326
2026-02-13 06:30:00,4950.648,4961.725,4950.428,4954.785,3285
2026-02-13 06:45:00,4954.845,4968.515,4950.465,4966.875,3952
2026-02-13 07:00:00,4966.915,4967.685,4950.855,4959.975,3146
2026-02-13 07:15:00,4959.945,4976.365,4958.755,4968.095,3178
2026-02-13 07:30:00,4968.065,4982.485,4965.799,4970.305,2997
2026-02-13 07:45:00,4970.285,4981.545,4968.525,4974.845,2939
2026-02-13 08:00:00,4974.705,4989.315,4971.875,4979.085,3856
2026-02-13 08:15:00,4979.118,4985.755,4976.685,4982.305,3165
2026-02-13 08:30:00,4982.305,4985.475,4978.265,4983.039,3556
2026-02-13 08:45:00,4983.445,4986.675,4971.318,4982.389,3369
2026-02-13 09:00:00,4982.389,4982.545,4976.385,4977.165,3266
2026-02-13 09:15:00,4977.155,4981.535,4963.995,4964.625,2996
2026-02-13 09:30:00,4964.595,4973.595,4961.105,4970.669,2839
2026-02-13 09:45:00,4970.669,4976.565,4968.655,4970.085,2186
2026-02-13 10:00:00,4970.085,4977.655,4966.885,4972.235,2772
2026-02-13 10:15:00,4972.255,4980.495,4966.048,4977.245,2310
2026-02-13 10:30:00,4977.265,4978.365,4967.405,4969.059,2155
2026-02-13 10:45:00,4969.059,4970.119,4946.825,4949.755,2860
2026-02-13 11:00:00,4949.829,4953.485,4940.785,4951.265,4178
2026-02-13 11:15:00,4951.255,4952.425,4933.495,4944.715,3122
2026-02-13 11:30:00,4944.745,4948.465,4935.155,4943.785,3075
2026-02-13 11:45:00,4943.735,4955.155,4939.115,4953.795,2790
2026-02-13 12:00:00,4953.355,4964.215,4951.795,4963.605,3797
2026-02-13 12:15:00,4963.585,4972.825,4962.405,4967.095,2315
2026-02-13 12:30:00,4967.075,4973.425,4963.605,4965.825,1796
2026-02-13 12:45:00,4965.875,4973.755,4964.228,4969.275,2190
2026-02-13 13:00:00,4969.275,4975.985,4965.165,4966.855,2432
2026-02-13 13:15:00,4966.915,4970.495,4957.385,4966.695,2891
2026-02-13 13:30:00,4966.485,4999.185,4966.338,4983.668,7288
2026-02-13 13:45:00,4983.668,4992.635,4971.885,4986.775,4218
2026-02-13 14:00:00,4986.298,4999.995,4984.498,4998.395,3715
2026-02-13 14:15:00,4998.385,5007.715,4994.735,5002.258,3880
2026-02-13 14:30:00,5002.355,5010.636,4963.748,4991.205,9071
2026-02-13 14:45:00,4991.205,5006.648,4989.015,4995.185,9811
2026-02-13 15:00:00,4995.225,5011.025,4991.778,5002.945,8713
2026-02-13 15:15:00,5002.975,5011.338,4994.425,5009.645,8012
2026-02-13 15:30:00,5009.675,5020.155,5004.355,5006.375,6432
2026-02-13 15:45:00,5006.395,5009.945,4973.688,4976.338,7334
2026-02-13 16:00:00,4976.375,4997.385,4975.298,4997.285,6694
2026-02-13 16:15:00,4997.275,5033.618,4995.745,5027.548,6768
2026-02-13 16:30:00,5027.235,5028.048,5012.839,5016.655,5667
2026-02-13 16:45:00,5016.645,5018.625,5005.795,5007.605,3867
2026-02-13 17:00:00,5007.635,5022.085,5006.239,5015.395,3622
2026-02-13 17:15:00,5015.395,5019.165,5005.655,5017.385,3370
2026-02-13 17:30:00,5017.415,5028.898,5015.805,5022.065,3205
2026-02-13 17:45:00,5022.185,5023.795,5015.865,5020.715,3404
2026-02-13 18:00:00,5020.745,5029.395,5015.098,5028.835,3730
2026-02-13 18:15:00,5028.755,5030.405,5019.935,5022.025,3710
2026-02-13 18:30:00,5021.748,5031.125,5020.205,5029.635,3453
2026-02-13 18:45:00,5029.605,5035.215,5026.355,5030.855,2982
2026-02-13 19:00:00,5030.915,5045.805,5030.115,5039.325,3411
2026-02-13 19:15:00,5039.295,5044.745,5036.345,5041.098,3536
2026-02-13 19:30:00,5041.098,5042.725,5032.545,5034.175,3629
2026-02-13 19:45:00,5034.155,5037.735,5023.285,5023.285,2667
2026-02-13 20:00:00,5023.595,5033.965,5023.475,5028.755,4528
2026-02-13 20:15:00,5028.725,5033.015,5026.595,5028.625,3554
2026-02-13 20:30:00,5028.509,5033.875,5024.085,5030.155,3513
2026-02-13 20:45:00,5030.235,5034.498,5021.275,5032.315,4832
2026-02-13 21:00:00,5032.295,5035.795,5029.425,5033.025,1460
2026-02-13 21:15:00,5033.055,5034.355,5030.518,5032.835,938
2026-02-13 21:30:00,5032.805,5039.085,5031.075,5038.635,875
2026-02-13 21:45:00,5038.615,5045.965,5037.375,5040.285,1820
2026-02-16 00:00:00,5019.655,5021.498,4999.428,5016.975,4515
2026-02-16 00:15:00,5016.718,5020.535,5007.775,5011.955,2576
2026-02-16 00:30:00,5011.945,5014.445,5008.545,5013.755,1748
2026-02-16 00:45:00,5013.378,5022.235,5010.255,5015.265,1639
2026-02-16 01:00:00,5015.215,5023.375,5006.685,5022.855,2671
2026-02-16 01:15:00,5022.545,5030.945,5022.485,5028.935,2406
2026-02-16 01:30:00,5029.045,5030.665,5026.035,5030.155,2593
2026-02-16 01:45:00,5030.155,5030.365,5025.165,5028.585,1643
2026-02-16 02:00:00,5028.605,5030.885,5020.165,5021.995,2238
2026-02-16 02:15:00,5022.065,5025.875,5018.665,5019.225,1680
2026-02-16 02:30:00,5019.265,5021.595,5001.725,5001.835,2913
2026-02-16 02:45:00,5001.805,5002.738,4991.815,4994.405,3466
2026-02-16 03:00:00,4994.405,4999.665,4988.258,4997.315,2929
2026-02-16 03:15:00,4997.355,4998.405,4993.265,4994.575,1974
2026-02-16 03:30:00,4994.539,4996.525,4988.825,4990.625,1990
2026-02-16 03:45:00,4990.645,4993.375,4967.305,4987.195,3251
2026-02-16 04:00:00,4987.195,4991.915,4971.238,4976.728,3016
2026-02-16 04:15:00,4976.728,4979.918,4972.825,4976.105,2147
2026-02-16 04:30:00,4976.075,4978.115,4973.225,4975.815,1876
2026-02-16 04:45:00,4975.795,4979.855,4973.835,4977.525,2030
2026-02-16 05:00:00,4977.515,4985.625,4964.868,4983.195,3050
2026-02-16 05:15:00,4983.225,4988.375,4982.965,4986.045,1686
2026-02-16 05:30:00,4986.115,4989.965,4982.715,4985.755,1523
2026-02-16 05:45:00,4985.725,4990.485,4984.625,4990.375,1739
2026-02-16 06:00:00,4990.155,4992.615,4987.355,4990.085,1145
2026-02-16 06:15:00,4990.198,4994.545,4984.325,4992.775,1470
2026-02-16 06:30:00,4992.725,5002.775,4990.225,5002.045,1610
2026-02-16 06:45:00,5001.925,5002.465,4993.965,4994.445,1376
2026-02-16 07:00:00,4994.505,4997.615,4988.745,4996.095,1540
2026-02-16 07:15:00,4996.065,4999.125,4993.925,4997.835,1086
2026-02-16 07:30:00,4997.245,5005.695,4996.575,5001.125,1727
2026-02-16 07:45:00,5001.095,5009.738,5000.705,5006.985,2178
2026-02-16 08:00:00,5006.985,5013.015,4996.118,4997.895,2417
2026-02-16 08:15:00,4997.875,5006.275,4995.295,5005.945,2012
2026-02-16 08:30:00,5005.985,5008.375,5004.685,5006.125,1513
2026-02-16 08:45:00,5006.165,5009.945,5003.215,5007.825,1345
2026-02-16 09:00:00,5007.715,5015.095,5007.695,5011.085,1534
2026-02-16 09:15:00,5011.175,5016.055,5010.905,5013.215,1322
2026-02-16 09:30:00,5013.185,5014.515,5009.845,5010.215,976
2026-02-16 09:45:00,5010.185,5017.055,5008.185,5013.195,1524
2026-02-16 10:00:00,5012.955,5016.975,5006.295,5007.255,1239
2026-02-16 10:15:00,5007.225,5011.875,5004.445,5004.795,1400
2026-02-16 10:30:00,5004.585,5009.438,4999.945,5007.895,1934
2026-02-16 10:45:00,5007.865,5010.515,5005.365,5005.735,910
2026-02-16 11:00:00,5005.765,5006.755,4998.625,5000.735,1352
2026-02-16 11:15:00,5000.755,5005.215,4999.438,5004.315,1100
2026-02-16 11:30:00,5004.845,5006.595,5002.575,5006.475,727
2026-02-16 11:45:00,5006.365,5007.845,5001.885,5004.075,1021
2026-02-16 12:00:00,5004.115,5004.715,4997.335,4997.415,1185
2026-02-16 12:15:00,4997.395,4999.085,4992.558,4995.905,1523
2026-02-16 12:30:00,4995.928,5007.865,4994.725,5004.755,1991
2026-02-16 12:45:00,5004.715,5005.715,4998.985,5001.625,1080
2026-02-16 13:00:00,5001.585,5003.405,4997.555,4997.825,1146
2026-02-16 13:15:00,4997.895,5001.725,4992.798,4993.898,1836
2026-02-16 13:30:00,4993.919,4998.355,4992.295,4994.945,1895
2026-02-16 13:45:00,4995.035,4998.238,4989.218,4996.995,1929
2026-02-16 14:00:00,4996.975,4998.105,4993.945,4994.955,1477
2026-02-16 14:15:00,4994.925,4999.395,4989.535,4992.065,2031
2026-02-16 14:30:00,4992.025,4994.275,4983.228,4988.575,2382
2026-02-16 14:45:00,4988.555,4989.025,4981.425,4988.105,2127
2026-02-16 15:00:00,4987.779,4988.025,4968.665,4976.245,3486
2026-02-16 15:15:00,4976.265,4981.225,4975.335,4980.135,1529
2026-02-16 15:30:00,4980.045,4980.525,4974.715,4980.435,1702
2026-02-16 15:45:00,4980.455,4982.849,4976.645,4979.405,1420
2026-02-16 16:00:00,4979.365,4979.905,4972.875,4979.185,1860
2026-02-16 16:15:00,4979.165,4987.255,4975.115,4985.955,2015
2026-02-16 16:30:00,4985.995,4990.135,4985.655,4988.675,1698
2026-02-16 16:45:00,4988.655,4988.715,4984.785,4987.875,861
2026-02-16 17:00:00,4987.875,4994.025,4987.855,4991.045,931
2026-02-16 17:15:00,4990.995,4995.048,4990.455,4994.495,878
2026-02-16 17:30:00,4994.465,4995.795,4991.245,4992.695,897
2026-02-16 17:45:00,4992.805,4992.855,4989.798,4991.375,868
2026-02-16 18:00:00,4991.695,4993.945,4988.305,4993.295,1431
2026-02-16 18:15:00,4993.065,4997.225,4992.298,4994.038,1076
2026-02-16 18:30:00,4994.038,4995.115,4990.945,4995.115,1438
2026-02-16 18:45:00,4995.085,4997.535,4994.125,4994.255,1247
2026-02-16 19:00:00,4994.235,4995.785,4990.408,4990.795,1339
2026-02-16 19:15:00,4990.785,4996.025,4990.148,4990.375,1585
2026-02-16 23:00:00,4994.098,4998.648,4985.448,4990.218,1265
2026-02-16 23:15:00,4989.925,5000.645,4984.445,4993.748,1980
2026-02-16 23:30:00,4993.775,4995.395,4986.165,4989.525,1234
2026-02-16 23:45:00,4989.485,4994.035,4988.475,4989.435,924
2026-02-17 00:00:00,4989.465,4991.005,4975.148,4978.985,2468
2026-02-17 00:15:00,4978.985,4981.285,4970.598,4972.965,1690
2026-02-17 00:30:00,4972.995,4978.645,4968.305,4970.105,2297
2026-02-17 00:45:00,4970.025,4970.025,4931.785,4935.275,4791
2026-02-17 01:00:00,4935.405,4950.928,4922.558,4949.815,6003
2026-02-17 01:15:00,4949.918,4957.725,4944.235,4956.515,3581
2026-02-17 01:30:00,4956.545,4963.565,4954.398,4962.945,2173
2026-02-17 01:45:00,4962.968,4963.405,4955.235,4957.535,2022
2026-02-17 02:00:00,4957.178,4965.355,4954.225,4964.635,2421
2026-02-17 02:15:00,4964.655,4970.845,4963.015,4965.065,1681
2026-02-17 02:30:00,4965.055,4966.515,4959.115,4960.695,1512
2026-02-17 02:45:00,4960.735,4966.825,4959.925,4966.638,1574
2026-02-17 03:00:00,4966.578,4969.778,4958.765,4961.215,2171
2026-02-17 03:15:00,4961.155,4961.495,4953.475,4955.085,1953
2026-02-17 03:30:00,4955.125,4960.025,4949.645,4953.275,2040
2026-02-17 03:45:00,4953.325,4960.045,4952.965,4956.505,1219
2026-02-17 04:00:00,4956.425,4956.425,4946.245,4951.745,1753
2026-02-17 04:15:00,4951.745,4960.055,4950.205,4959.395,1850
2026-02-17 04:30:00,4959.395,4959.945,4950.135,4951.945,1661
2026-02-17 04:45:00,4951.925,4953.645,4949.155,4952.545,904
2026-02-17 05:00:00,4952.515,4953.975,4926.865,4927.678,2425
2026-02-17 05:15:00,4927.505,4927.895,4888.065,4900.305,7807
2026-02-17 05:30:00,4900.375,4901.895,4856.648,4879.025,7370
2026-02-17 05:45:00,4879.025,4897.515,4873.245,4888.485,4801
2026-02-17 06:00:00,4888.315,4894.198,4887.435,4891.335,3317
2026-02-17 06:15:00,4891.355,4901.325,4886.205,4894.445,2985
2026-02-17 06:30:00,4894.415,4913.848,4890.985,4908.545,2465
2026-02-17 06:45:00,4908.565,4913.675,4899.065,4910.105,1754
2026-02-17 07:00:00,4910.115,4913.535,4903.595,4906.535,2968
2026-02-17 07:15:00,4906.525,4916.445,4905.335,4907.805,1990
2026-02-17 07:30:00,4907.785,4920.865,4903.885,4917.155,2248
2026-02-17 07:45:00,4916.898,4921.905,4914.445,4916.765,1801
2026-02-17 08:00:00,4916.885,4930.195,4916.195,4927.335,3258
2026-02-17 08:15:00,4927.315,4928.815,4918.945,4919.755,1886
2026-02-17 08:30:00,4919.735,4925.365,4916.165,4917.665,1972
2026-02-17 08:45:00,4917.625,4925.105,4917.625,4920.385,1729
2026-02-17 09:00:00,4920.185,4928.958,4919.755,4921.475,2244
2026-02-17 09:15:00,4921.455,4923.655,4917.758,4918.575,1722
2026-02-17 09:30:00,4918.555,4924.115,4916.165,4920.695,1814
2026-02-17 09:45:00,4920.725,4932.175,4912.735,4925.655,2306
2026-02-17 10:00:00,4925.635,4938.965,4923.385,4936.035,2038
2026-02-17 10:15:00,4936.095,4937.505,4927.785,4927.825,1284
2026-02-17 10:30:00,4927.755,4927.985,4919.225,4921.515,1854
2026-02-17 10:45:00,4921.215,4922.565,4907.355,4912.925,2591
2026-02-17 11:00:00,4912.955,4926.635,4912.835,4925.985,2010
2026-02-17 11:15:00,4926.035,4930.735,4924.375,4927.545,1625
2026-02-17 11:30:00,4927.575,4929.765,4921.835,4927.575,1351
2026-02-17 11:45:00,4927.615,4930.648,4921.195,4929.015,1515
2026-02-17 12:00:00,4928.679,4938.495,4927.925,4933.435,2585
2026-02-17 12:15:00,4933.475,4944.255,4933.475,4942.665,2032
2026-02-17 12:30:00,4942.625,4943.885,4933.255,4937.035,1901
2026-02-17 12:45:00,4937.365,4937.425,4928.645,4931.685,1822
2026-02-17 13:00:00,4931.795,4933.055,4918.075,4921.658,2799
2026-02-17 13:15:00,4921.285,4922.695,4910.585,4918.775,3557
2026-02-17 13:30:00,4919.285,4922.305,4907.578,4921.445,4031
2026-02-17 13:45:00,4921.485,4924.095,4869.705,4870.485,5990
2026-02-17 14:00:00,4870.525,4899.325,4840.095,4895.848,8607
2026-02-17 14:15:00,4895.748,4904.035,4889.428,4897.805,4304
2026-02-17 14:30:00,4897.825,4906.675,4866.945,4869.905,9959
2026-02-17 14:45:00,4869.905,4880.125,4855.715,4863.305,10202
2026-02-17 15:00:00,4862.825,4872.625,4848.485,4856.735,9398
2026-02-17 15:15:00,4856.735,4877.205,4853.195,4861.145,8711
2026-02-17 15:30:00,4861.105,4872.875,4852.325,4868.045,7514
2026-02-17 15:45:00,4868.135,4882.098,4861.008,4878.135,7911
2026-02-17 16:00:00,4878.165,4893.085,4876.199,4883.225,6774
2026-02-17 16:15:00,4883.275,4891.075,4880.335,4883.365,6234
2026-02-17 16:30:00,4883.285,4887.395,4873.565,4877.025,5657
2026-02-17 16:45:00,4877.055,4882.955,4868.118,4868.755,5208
2026-02-17 17:00:00,4868.775,4870.985,4849.645,4854.955,6166
2026-02-17 17:15:00,4854.935,4864.895,4854.645,4864.585,4520
2026-02-17 17:30:00,4864.115,4868.155,4859.018,4859.555,3964
2026-02-17 17:45:00,4859.545,4867.545,4853.385,4864.615,5296
2026-02-17 18:00:00,4864.675,4871.565,4862.085,4866.725,3876
2026-02-17 18:15:00,4866.775,4890.355,4866.655,4886.705,5345
2026-02-17 18:30:00,4886.645,4895.245,4879.525,4889.058,3838
2026-02-17 18:45:00,4889.058,4910.165,4884.815,4898.505,4752
2026-02-17 19:00:00,4898.525,4900.808,4892.515,4893.315,4779
2026-02-17 19:15:00,4893.285,4897.595,4881.435,4883.235,4280
2026-02-17 19:30:00,4883.208,4888.015,4876.135,4884.195,4126
2026-02-17 19:45:00,4884.225,4885.315,4879.628,4879.975,3500
2026-02-17 20:00:00,4879.925,4882.145,4873.595,4879.355,5112
2026-02-17 20:15:00,4879.365,4880.015,4872.985,4877.475,4559
2026-02-17 20:30:00,4877.495,4883.005,4873.485,4878.295,5403
2026-02-17 20:45:00,4878.295,4883.885,4876.118,4877.558,6813
2026-02-17 21:00:00,4877.575,4884.155,4874.545,4880.685,1838
2026-02-17 21:15:00,4880.685,4886.485,4877.405,4880.075,1365
2026-02-17 21:30:00,4880.065,4881.715,4878.305,4879.175,829
2026-02-17 21:45:00,4879.169,4879.595,4876.455,4878.465,1244
2026-02-17 23:00:00,4874.828,4883.325,4861.245,4882.235,1215
2026-02-17 23:15:00,4882.245,4884.155,4867.445,4877.375,2563
2026-02-17 23:30:00,4877.405,4883.365,4865.775,4875.925,2107
2026-02-17 23:45:00,4875.835,4876.525,4853.775,4858.815,2927
2026-02-18 00:00:00,4858.855,4869.495,4857.995,4863.515,3039
2026-02-18 00:15:00,4863.485,4871.965,4857.848,4869.745,2256
2026-02-18 00:30:00,4869.775,4881.545,4867.415,4877.745,2159
2026-02-18 00:45:00,4877.725,4882.925,4871.868,4874.495,2306
2026-02-18 01:00:00,4874.435,4891.078,4874.185,4886.395,3656
2026-02-18 01:15:00,4886.375,4891.325,4880.855,4886.805,2426
2026-02-18 01:30:00,4886.775,4892.448,4883.565,4885.525,1873
2026-02-18 01:45:00,4885.485,4892.355,4882.745,4889.615,1542
2026-02-18 02:00:00,4889.555,4901.135,4886.115,4898.175,2032
2026-02-18 02:15:00,4898.155,4904.055,4894.985,4900.745,1656
2026-02-18 02:30:00,4900.715,4906.098,4900.285,4904.548,1253
2026-02-18 02:45:00,4904.548,4906.985,4902.575,4904.945,804
2026-02-18 03:00:00,4904.975,4915.945,4903.825,4912.365,2329
2026-02-18 03:15:00,4912.415,4919.775,4912.385,4918.995,1547
2026-02-18 03:30:00,4918.975,4920.425,4916.245,4918.465,1133
2026-02-18 03:45:00,4918.395,4921.975,4917.515,4920.425,1537
2026-02-18 04:00:00,4920.445,4930.825,4918.015,4928.198,1765
2026-02-18 04:15:00,4928.515,4933.175,4924.245,4932.725,1171
2026-02-18 04:30:00,4932.775,4936.585,4931.125,4932.798,1632
2026-02-18 04:45:00,4932.798,4939.845,4931.898,4933.585,1679
2026-02-18 05:00:00,4933.655,4938.198,4929.555,4932.865,1528
2026-02-18 05:15:00,4932.775,4939.035,4931.385,4935.055,968
2026-02-18 05:30:00,4935.085,4939.525,4934.175,4934.478,980
2026-02-18 05:45:00,4934.478,4938.415,4932.895,4933.165,983
2026-02-18 06:00:00,4933.205,4933.875,4925.745,4926.575,1638
2026-02-18 06:15:00,4926.595,4932.423,4924.925,4930.265,1170
2026-02-18 06:30:00,4930.285,4932.445,4926.435,4930.785,1281
2026-02-18 06:45:00,4930.805,4935.745,4930.335,4930.525,957
2026-02-18 07:00:00,4930.495,4942.095,4929.815,4938.165,1546
2026-02-18 07:15:00,4938.155,4941.35,4932.175,4938.895,1326
2026-02-18 07:30:00,4938.875,4940.325,4933.505,4933.825,1074
2026-02-18 07:45:00,4933.855,4935.295,4928.865,4929.995,931
2026-02-18 08:00:00,4929.945,4932.098,4926.498,4929.065,1741
2026-02-18 08:15:00,4929.095,4929.225,4922.405,4925.685,1337
2026-02-18 08:30:00,4925.985,4926.775,4919.205,4920.905,1498
2026-02-18 08:45:00,4920.945,4922.415,4916.345,4916.825,1665
2026-02-18 09:00:00,4917.393,4920.265,4912.775,4916.465,1949
2026-02-18 09:15:00,4916.545,4922.805,4912.735,4921.045,1614
2026-02-18 09:30:00,4921.045,4922.875,4915.995,4920.325,1121
2026-02-18 09:45:00,4920.375,4922.145,4915.975,4917.105,1094
2026-02-18 10:00:00,4917.135,4924.175,4916.595,4919.885,1968
2026-02-18 10:15:00,4919.915,4924.335,4917.695,4921.228,2625
2026-02-18 10:30:00,4921.165,4921.165,4909.225,4911.885,2565
2026-02-18 10:45:00,4911.805,4916.485,4909.935,4914.175,1010
2026-02-18 11:00:00,4914.155,4915.955,4912.135,4915.505,961
2026-02-18 11:15:00,4915.505,4917.435,4914.275,4915.145,1247
2026-02-18 11:30:00,4915.095,4916.345,4910.825,4911.075,1002
2026-02-18 11:45:00,4911.095,4915.705,4906.055,4912.735,1511
2026-02-18 12:00:00,4912.775,4925.905,4911.765,4921.415,2437
2026-02-18 12:15:00,4921.445,4929.168,4920.825,4920.825,2164
2026-02-18 12:30:00,4920.775,4930.965,4917.495,4928.945,1629
2026-02-18 12:45:00,4928.985,4946.935,4928.095,4942.735,1994
2026-02-18 13:00:00,4942.915,4958.818,4942.765,4957.415,3791
2026-02-18 13:15:00,4957.445,4959.388,4952.085,4955.825,2556
2026-02-18 13:30:00,4955.815,4968.585,4952.055,4955.855,3694
2026-02-18 13:45:00,4955.875,4956.455,4948.845,4954.265,2321
2026-02-18 14:00:00,4954.285,4961.155,4951.985,4957.865,2476
2026-02-18 14:15:00,4957.945,4963.435,4955.265,4960.575,2241
2026-02-18 14:30:00,4960.715,4986.035,4955.278,4981.505,7352
2026-02-18 14:45:00,4981.535,4994.098,4980.105,4991.595,6206
2026-02-18 15:00:00,4991.535,5007.825,4991.215,5003.748,5733
2026-02-18 15:15:00,5003.915,5008.698,5000.145,5004.665,4302
2026-02-18 15:30:00,5004.445,5005.015,4996.955,5000.165,4704
2026-02-18 15:45:00,5000.205,5000.295,4994.745,4997.625,3443
2026-02-18 16:00:00,4997.765,5002.995,4996.565,4999.355,3668
2026-02-18 16:15:00,4999.335,5000.005,4991.145,4996.685,3260
2026-02-18 16:30:00,4996.655,5006.375,4994.185,5005.355,4185
2026-02-18 16:45:00,5005.325,5010.815,4999.355,5000.215,3892
2026-02-18 17:00:00,5000.185,5001.395,4995.945,4998.835,3108
2026-02-18 17:15:00,4998.815,5000.495,4997.175,4999.145,2716
2026-02-18 17:30:00,4999.025,4999.785,4993.135,4997.475,3131
2026-02-18 17:45:00,4997.518,5000.505,4996.965,4998.875,2502
2026-02-18 18:00:00,4998.855,5002.828,4997.475,4997.675,3128
2026-02-18 18:15:00,4997.765,4999.025,4986.375,4987.835,3893
2026-02-18 18:30:00,4987.885,4992.775,4980.295,4983.165,4065
2026-02-18 18:45:00,4983.185,4987.365,4982.245,4986.508,3379
2026-02-18 19:00:00,4986.448,4994.208,4983.225,4991.795,4064
2026-02-18 19:15:00,4991.795,4995.215,4972.685,4978.405,3840
2026-02-18 19:30:00,4978.435,4984.105,4972.655,4982.315,4848
2026-02-18 19:45:00,4982.315,4984.335,4978.295,4980.315,3921
2026-02-18 20:00:00,4980.335,4984.455,4975.225,4978.325,4133
2026-02-18 20:15:00,4978.325,4980.775,4976.445,4977.415,4290
2026-02-18 20:30:00,4977.075,4987.335,4976.505,4985.165,3075
2026-02-18 20:45:00,4985.145,4985.835,4979.195,4984.595,4716
2026-02-18 21:00:00,4984.505,4986.125,4980.265,4980.548,759
2026-02-18 21:15:00,4980.405,4983.985,4980.185,4981.285,473
2026-02-18 21:30:00,4981.315,4982.205,4978.445,4979.855,548
2026-02-18 21:45:00,4979.685,4980.335,4975.235,4975.715,969
2026-02-18 23:00:00,4971.648,4980.555,4965.255,4976.175,2132
2026-02-18 23:15:00,4976.395,4983.545,4971.525,4981.465,2157
2026-02-18 23:30:00,4981.495,4988.495,4979.745,4981.405,2014
2026-02-18 23:45:00,4981.365,4982.645,4967.998,4975.635,1545
2026-02-19 00:00:00,4975.615,4975.975,4960.875,4967.675,2592
2026-02-19 00:15:00,4967.655,4971.765,4963.585,4967.015,1474
2026-02-19 00:30:00,4967.475,4972.845,4964.565,4964.905,1779
2026-02-19 00:45:00,4964.605,4965.525,4960.048,4960.995,1460
2026-02-19 01:00:00,4960.985,4968.358,4960.198,4965.535,2164
2026-02-19 01:15:00,4965.535,4966.945,4961.235,4963.825,1226
2026-02-19 01:30:00,4963.855,4970.375,4961.535,4969.995,1309
2026-02-19 01:45:00,4970.105,4975.225,4969.005,4972.755,1168
2026-02-19 02:00:00,4972.725,4977.095,4970.775,4973.815,1223
2026-02-19 02:15:00,4973.905,4974.435,4965.455,4972.505,1686
2026-02-19 02:30:00,4972.455,4972.985,4968.195,4971.075,1002
2026-02-19 02:45:00,4971.055,4972.915,4967.235,4967.925,699
2026-02-19 03:00:00,4967.885,4970.695,4966.075,4969.195,874
2026-02-19 03:15:00,4969.135,4971.535,4966.595,4969.285,680
2026-02-19 03:30:00,4969.315,4978.665,4969.315,4976.885,1407
2026-02-19 03:45:00,4976.905,4982.925,4976.655,4981.278,1037
2026-02-19 04:00:00,4981.115,4984.635,4978.255,4981.245,890
2026-02-19 04:15:00,4981.195,4983.095,4977.495,4979.525,703
2026-02-19 04:30:00,4979.475,4985.205,4979.075,4980.245,762
2026-02-19 04:45:00,4980.295,4985.115,4976.655,4984.025,1109
2026-02-19 05:00:00,4983.925,4993.055,4983.925,4990.085,949
2026-02-19 05:15:00,4990.135,4990.135,4987.335,4988.835,686
2026-02-19 05:30:00,4988.875,4996.085,4988.625,4995.745,1208
2026-02-19 05:45:00,4995.705,4998.405,4995.165,4996.665,1063
2026-02-19 06:00:00,4996.645,4999.755,4996.335,4998.875,1090
2026-02-19 06:15:00,4998.845,5002.095,4996.728,5001.015,932
2026-02-19 06:30:00,5000.795,5010.315,5000.685,5008.885,1316
2026-02-19 06:45:00,5009.905,5019.685,5009.905,5017.955,1876
2026-02-19 07:00:00,5017.995,5021.555,5016.585,5017.745,1759
2026-02-19 07:15:00,5017.735,5019.865,5014.575,5017.655,1184
2026-02-19 07:30:00,5017.705,5020.055,5014.545,5015.175,887
2026-02-19 07:45:00,5015.155,5016.915,5008.585,5010.025,1424
2026-02-19 08:00:00,5010.005,5011.965,5006.045,5011.525,2354
2026-02-19 08:15:00,5011.485,5014.735,5008.955,5014.605,1524
2026-02-19 08:30:00,5014.575,5019.825,5010.198,5019.635,1331
2026-02-19 08:45:00,5019.585,5022.015,5013.235,5016.885,1876
2026-02-19 09:00:00,5016.925,5020.045,5015.565,5019.095,1368
2026-02-19 09:15:00,5019.575,5020.265,4999.445,5000.325,2421
2026-02-19 09:30:00,5000.295,5005.405,4992.778,5003.185,2386
2026-02-19 09:45:00,5003.165,5005.135,4995.245,4995.485,1647
2026-02-19 10:00:00,4995.445,4995.995,4983.125,4988.995,2952
2026-02-19 10:15:00,4988.975,4991.385,4985.035,4986.585,1964
2026-02-19 10:30:00,4986.635,4995.088,4981.138,4988.385,2783
2026-02-19 10:45:00,4988.355,4993.105,4987.565,4993.015,1230
2026-02-19 11:00:00,4992.975,4996.215,4988.958,4992.365,1787
2026-02-19 11:15:00,4992.385,4994.175,4977.905,4984.475,2459
2026-02-19 11:30:00,4984.655,4986.915,4981.555,4982.305,1703
2026-02-19 11:45:00,4982.235,4985.885,4977.695,4984.115,2302
2026-02-19 12:00:00,4984.125,4990.025,4980.135,4988.085,2445
2026-02-19 12:15:00,4988.115,4991.855,4984.338,4991.835,1751
2026-02-19 12:30:00,4991.865,4992.575,4983.155,4986.055,2398
2026-02-19 12:45:00,4986.015,4987.195,4980.665,4984.498,1434
2026-02-19 13:00:00,4984.635,4985.825,4974.395,4983.565,3252
2026-02-19 13:15:00,4983.545,4987.395,4979.345,4982.488,2915
2026-02-19 13:30:00,4982.895,4996.985,4971.978,4993.445,4450
2026-02-19 13:45:00,4993.445,4998.205,4991.055,4996.815,2836
2026-02-19 14:00:00,4996.795,4996.835,4971.775,4972.425,4077
2026-02-19 14:15:00,4972.405,4982.165,4971.578,4977.905,3159
2026-02-19 14:30:00,4978.025,4994.995,4962.638,4992.315,8212
2026-02-19 14:45:00,4992.265,5010.175,4987.275,5005.138,7518
2026-02-19 15:00:00,5005.138,5009.448,4998.738,4999.265,7047
2026-02-19 15:15:00,4999.735,5016.115,4995.988,5015.735,8090
2026-02-19 15:30:00,5016.005,5021.948,5012.158,5015.085,6264
2026-02-19 15:45:00,5015.405,5015.815,5006.205,5013.445,5739
2026-02-19 16:00:00,5013.398,5014.025,5000.735,5005.125,4896
2026-02-19 16:15:00,5005.055,5006.085,4991.285,4998.115,4584
2026-02-19 16:30:00,4997.675,5008.705,4997.675,5006.085,4439
2026-02-19 16:45:00,5006.065,5006.875,4989.965,4994.745,3637
2026-02-19 17:00:00,4994.885,4999.255,4991.865,4996.265,2999
2026-02-19 17:15:00,4996.175,5001.495,4992.235,4993.755,2763
2026-02-19 17:30:00,4993.805,4996.075,4986.025,4993.005,3193
2026-02-19 17:45:00,4992.915,4994.075,4982.565,4984.605,3231
2026-02-19 18:00:00,4984.635,4988.555,4979.275,4987.915,3005
2026-02-19 18:15:00,4987.865,4989.155,4975.805,4977.775,3410
2026-02-19 18:30:00,4977.885,4982.885,4975.065,4975.545,2479
2026-02-19 18:45:00,4975.575,4984.365,4975.575,4981.485,3147
2026-02-19 19:00:00,4981.465,4989.425,4980.365,4986.735,2700
2026-02-19 19:15:00,4986.705,4990.035,4985.755,4989.095,1963
2026-02-19 19:30:00,4989.065,4989.595,4978.015,4984.585,2421
2026-02-19 19:45:00,4984.625,4988.515,4981.925,4987.675,2315
2026-02-19 20:00:00,4987.715,4991.835,4987.715,4990.775,2372
2026-02-19 20:15:00,4990.805,4996.855,4988.935,4995.415,2924
2026-02-19 20:30:00,4995.445,5000.345,4994.725,4999.045,3221
2026-02-19 20:45:00,4999.075,5003.175,4998.765,5001.505,4822
2026-02-19 21:00:00,5001.475,5003.885,4997.595,4999.645,921
2026-02-19 21:15:00,4999.595,5000.965,4991.715,4993.695,818
2026-02-19 21:30:00,4993.665,4998.875,4993.358,4998.725,591
2026-02-19 21:45:00,4998.298,4999.665,4992.915,4993.685,1029
2026-02-20 00:00:00,4987.508,4996.285,4985.045,4993.155,1976
2026-02-20 00:15:00,4993.165,4995.875,4987.695,4990.345,1036
2026-02-20 00:30:00,4990.535,4995.835,4986.455,4993.825,1034
2026-02-20 00:45:00,4993.865,5006.565,4993.465,5006.085,1185
2026-02-20 01:00:00,5006.065,5014.515,5005.445,5013.025,2628
2026-02-20 01:15:00,5013.045,5013.215,4995.445,4999.165,2229
2026-02-20 01:30:00,4999.135,5003.415,4994.965,4997.275,1625
2026-02-20 01:45:00,4997.225,5000.205,4995.155,4996.615,1055
2026-02-20 02:00:00,4996.645,5007.145,4992.415,4996.585,1853
2026-02-20 02:15:00,4996.665,4998.835,4992.455,4997.195,1287
2026-02-20 02:30:00,4997.215,5003.245,4997.215,4999.405,1114
2026-02-20 02:45:00,4999.455,4999.565,4992.825,4995.825,1170
2026-02-20 03:00:00,4995.845,4997.215,4989.465,4994.045,1076
2026-02-20 03:15:00,4994.085,4998.095,4991.795,4991.925,615
2026-02-20 03:30:00,4991.905,4998.885,4981.315,4987.075,1546
2026-02-20 03:45:00,4987.415,4995.555,4985.915,4987.685,1689
2026-02-20 04:00:00,4988.045,4992.915,4986.365,4992.175,734
2026-02-20 04:15:00,4992.205,4994.405,4990.175,4994.155,536
2026-02-20 04:30:00,4994.195,5003.015,4993.315,4998.485,910
2026-02-20 04:45:00,4998.435,5000.015,4995.925,4999.445,863
2026-02-20 05:00:00,4999.605,5005.755,4999.345,5000.995,1181
2026-02-20 05:15:00,5000.895,5002.225,4998.275,5001.235,1098
2026-02-20 05:30:00,5001.195,5004.485,4997.598,4998.998,1076
2026-02-20 05:45:00,4998.978,5011.555,4997.885,5011.535,1567
2026-02-20 06:00:00,5011.578,5019.755,5011.498,5016.015,2193
2026-02-20 06:15:00,5016.015,5029.065,5015.935,5021.855,1981
2026-02-20 06:30:00,5021.825,5027.845,5020.345,5026.595,1644
2026-02-20 06:45:00,5026.575,5029.675,5020.098,5020.305,1478
2026-02-20 07:00:00,5020.365,5027.975,5015.365,5022.425,2257
2026-02-20 07:15:00,5022.415,5023.305,5009.118,5015.125,2016
2026-02-20 07:30:00,5015.155,5017.805,5012.375,5016.005,1482
2026-02-20 07:45:00,5016.045,5016.055,5005.835,5006.005,1673
2026-02-20 08:00:00,5006.035,5016.225,5004.665,5012.215,2630
2026-02-20 08:15:00,5012.235,5019.605,5011.045,5018.235,1805
2026-02-20 08:30:00,5018.265,5027.215,5017.555,5022.335,2732
2026-02-20 08:45:00,5022.365,5030.845,5022.355,5028.645,2271
2026-02-20 09:00:00,5029.245,5040.395,5027.925,5038.965,3448
2026-02-20 09:15:00,5038.935,5042.325,5033.085,5033.815,3200
2026-02-20 09:30:00,5033.785,5035.415,5030.0,5031.945,2068
2026-02-20 09:45:00,5031.975,5034.398,5027.195,5027.345,1493
2026-02-20 10:00:00,5027.485,5028.255,5019.258,5025.615,2164
2026-02-20 10:15:00,5025.815,5030.665,5022.988,5026.245,1892
2026-02-20 10:30:00,5026.185,5038.095,5026.185,5033.635,2272
2026-02-20 10:45:00,5033.685,5036.72,5025.465,5034.415,2010
2026-02-20 11:00:00,5034.375,5034.505,5030.655,5031.005,1130
2026-02-20 11:15:00,5031.055,5031.985,5025.595,5028.575,1354
2026-02-20 11:30:00,5028.635,5033.155,5022.215,5026.805,1853
2026-02-20 11:45:00,5026.755,5028.405,5015.085,5016.955,2863
2026-02-20 12:00:00,5017.395,5023.555,5013.435,5022.035,2514
2026-02-20 12:15:00,5022.085,5023.235,5011.435,5011.585,1923
2026-02-20 12:30:00,5011.645,5025.325,5006.775,5024.915,2972
2026-02-20 12:45:00,5024.865,5026.425,5021.305,5024.935,1460
2026-02-20 13:00:00,5024.955,5028.395,5023.315,5025.155,1883
2026-02-20 13:15:00,5025.115,5031.665,5024.875,5028.388,2330
2026-02-20 13:30:00,5028.388,5031.795,5017.795,5030.775,4450
2026-02-20 13:45:00,5030.735,5048.555,5030.585,5043.285,4557
2026-02-20 14:00:00,5043.265,5047.135,5036.885,5042.578,3657
2026-02-20 14:15:00,5042.645,5044.545,5038.385,5041.205,2562
2026-02-20 14:30:00,5041.025,5054.425,5037.325,5052.485,7964
2026-02-20 14:45:00,5053.325,5060.255,5048.285,5054.045,5615
2026-02-20 15:00:00,5053.915,5063.775,4989.025,5021.948,11940
2026-02-20 15:15:00,5021.948,5044.558,5010.918,5025.225,11673
2026-02-20 15:30:00,5025.135,5046.065,5016.505,5044.765,9958
2026-02-20 15:45:00,5044.915,5052.198,5036.145,5042.318,7908
2026-02-20 16:00:00,5042.318,5055.575,5038.365,5054.215,6385
2026-02-20 16:15:00,5054.305,5056.395,5045.065,5053.585,6732
2026-02-20 16:30:00,5053.625,5068.825,5052.535,5062.635,5784
2026-02-20 16:45:00,5062.675,5067.535,5059.955,5066.435,4007
2026-02-20 17:00:00,5065.968,5073.255,5064.085,5066.445,4964
2026-02-20 17:15:00,5066.425,5067.995,5054.155,5063.895,5362
2026-02-20 17:30:00,5063.925,5069.725,5061.345,5068.075,4073
2026-02-20 17:45:00,5068.005,5076.038,5067.095,5072.695,4607
2026-02-20 18:00:00,5072.625,5073.345,5066.135,5069.405,4322
2026-02-20 18:15:00,5069.385,5070.555,5053.715,5058.045,5657
2026-02-20 18:30:00,5057.995,5074.755,5057.098,5066.378,6666
2026-02-20 18:45:00,5066.345,5073.648,5066.275,5071.098,4599
2026-02-20 19:00:00,5071.105,5075.125,5068.498,5071.248,2901
2026-02-20 19:15:00,5071.248,5075.185,5068.525,5069.315,2361
2026-02-20 19:30:00,5069.415,5073.795,5069.395,5073.385,2450
2026-02-20 19:45:00,5073.355,5079.675,5071.958,5079.098,3251
2026-02-20 20:00:00,5079.165,5081.235,5076.555,5079.335,3622
2026-02-20 20:15:00,5079.298,5086.255,5078.335,5084.465,3594
2026-02-20 20:30:00,5084.465,5087.135,5082.365,5084.585,3684
2026-02-20 20:45:00,5084.685,5098.035,5083.305,5096.635,6818
2026-02-20 21:00:00,5096.825,5098.795,5091.665,5093.045,2071
2026-02-20 21:15:00,5093.065,5098.555,5091.465,5097.725,1427
2026-02-20 21:30:00,5097.725,5100.065,5097.345,5099.148,1116
2026-02-20 21:45:00,5098.878,5107.698,5098.198,5106.169,3204
2026-02-23 00:00:00,5164.255,5166.295,5132.378,5137.775,5844
2026-02-23 00:15:00,5137.825,5153.138,5129.035,5152.875,4133
2026-02-23 00:30:00,5152.975,5160.565,5138.945,5140.515,3594
2026-02-23 00:45:00,5140.535,5146.145,5134.625,5144.235,2885
2026-02-23 01:00:00,5144.255,5157.795,5139.745,5147.169,4744
2026-02-23 01:15:00,5147.209,5159.235,5146.035,5158.945,3503
2026-02-23 01:30:00,5158.815,5166.185,5155.195,5165.805,3100
2026-02-23 01:45:00,5165.825,5167.465,5155.968,5157.015,3531
2026-02-23 02:00:00,5156.885,5166.715,5156.275,5160.145,3110
2026-02-23 02:15:00,5160.165,5166.985,5157.205,5160.895,2889
2026-02-23 02:30:00,5160.829,5176.255,5160.695,5174.145,3251
2026-02-23 02:45:00,5174.095,5176.385,5163.515,5173.365,3187
2026-02-23 03:00:00,5173.365,5175.685,5151.655,5157.885,3548
2026-02-23 03:15:00,5157.865,5164.355,5153.268,5163.965,3176
2026-02-23 03:30:00,5163.915,5170.435,5163.915,5168.395,2622
2026-02-23 03:45:00,5168.345,5170.915,5166.218,5166.415,1980
2026-02-23 04:00:00,5166.345,5168.585,5155.105,5162.005,2701
2026-02-23 04:15:00,5161.945,5164.325,5158.718,5159.925,1762
2026-02-23 04:30:00,5159.895,5163.535,5155.665,5159.095,1920
2026-02-23 04:45:00,5159.135,5161.595,5157.545,5160.425,1610
2026-02-23 05:00:00,5160.405,5161.438,5151.938,5158.105,2706
2026-02-23 05:15:00,5158.165,5159.135,5152.695,5157.685,1933
2026-02-23 05:30:00,5157.725,5157.925,5153.148,5156.705,1689
2026-02-23 05:45:00,5156.725,5159.615,5155.805,5157.965,1533
2026-02-23 06:00:00,5157.945,5160.935,5156.978,5159.095,1748
2026-02-23 06:15:00,5159.518,5161.265,5151.818,5152.285,1317
2026-02-23 06:30:00,5152.325,5156.645,5146.895,5148.025,2289
2026-02-23 06:45:00,5148.075,5152.895,5144.715,5145.385,1960
2026-02-23 07:00:00,5145.585,5154.175,5137.755,5146.565,3237
2026-02-23 07:15:00,5146.565,5149.035,5125.378,5136.085,3417
2026-02-23 07:30:00,5136.225,5137.015,5124.965,5136.595,3041
2026-02-23 07:45:00,5136.635,5139.085,5134.545,5136.535,2718
2026-02-23 08:00:00,5136.245,5139.325,5130.805,5137.975,2788
2026-02-23 08:15:00,5138.005,5139.265,5122.218,5124.885,2764
2026-02-23 08:30:00,5124.875,5132.165,5121.818,5127.895,2500
2026-02-23 08:45:00,5127.865,5141.905,5127.445,5139.975,2287
2026-02-23 09:00:00,5139.925,5146.745,5139.275,5145.665,2606
2026-02-23 09:15:00,5145.725,5149.255,5144.705,5148.905,1722
2026-02-23 09:30:00,5148.875,5149.835,5142.855,5146.355,1590
2026-02-23 09:45:00,5146.455,5149.595,5143.935,5149.375,1200
2026-02-23 10:00:00,5149.395,5152.865,5146.155,5149.248,1893
2026-02-23 10:15:00,5149.248,5156.375,5148.985,5155.795,2464
2026-02-23 10:30:00,5155.775,5157.465,5144.748,5152.035,2426
2026-02-23 10:45:00,5152.065,5163.295,5151.715,5162.705,2072
2026-02-23 11:00:00,5162.725,5163.215,5152.765,5153.125,1896
2026-02-23 11:15:00,5153.145,5154.165,5146.325,5150.445,2051
2026-02-23 11:30:00,5150.415,5153.445,5147.595,5150.785,1623
2026-02-23 11:45:00,5150.825,5154.415,5149.305,5149.475,1450
2026-02-23 12:00:00,5149.275,5154.385,5146.735,5149.415,2394
2026-02-23 12:15:00,5149.445,5152.165,5145.225,5149.935,1834
2026-02-23 12:30:00,5149.985,5164.385,5149.485,5164.235,2307
2026-02-23 12:45:00,5164.195,5165.235,5159.465,5163.875,1925
2026-02-23 13:00:00,5163.835,5165.188,5152.755,5154.705,2885
2026-02-23 13:15:00,5154.725,5156.415,5143.405,5149.445,3226
2026-02-23 13:30:00,5149.465,5153.845,5147.045,5152.565,2636
2026-02-23 13:45:00,5152.395,5153.045,5145.305,5146.055,2499
2026-02-23 14:00:00,5145.995,5156.905,5141.225,5156.695,2935
2026-02-23 14:15:00,5156.805,5165.225,5155.855,5165.095,3243
2026-02-23 14:30:00,5165.015,5190.565,5164.638,5190.358,7716
2026-02-23 14:45:00,5190.525,5200.198,5187.185,5192.245,7587
2026-02-23 15:00:00,5192.245,5198.955,5180.355,5198.865,6662
2026-02-23 15:15:00,5198.885,5203.408,5190.998,5197.415,7027
2026-02-23 15:30:00,5197.365,5202.715,5185.955,5201.025,5909
2026-02-23 15:45:00,5201.045,5204.875,5190.145,5195.928,5945
2026-02-23 16:00:00,5195.588,5204.165,5175.545,5202.215,6946
2026-02-23 16:15:00,5202.265,5218.865,5201.215,5214.328,6508
2026-02-23 16:30:00,5214.485,5215.395,5206.225,5209.435,7906
2026-02-23 16:45:00,5209.818,5217.635,5206.335,5209.705,5306
2026-02-23 17:00:00,5209.755,5213.225,5199.335,5203.525,4724
2026-02-23 17:15:00,5203.505,5212.375,5202.385,5210.095,4597
2026-02-23 17:30:00,5209.875,5210.915,5190.675,5199.395,4869
2026-02-23 17:45:00,5199.345,5207.925,5196.305,5207.665,3711
2026-02-23 18:00:00,5207.748,5215.655,5206.895,5212.275,3069
2026-02-23 18:15:00,5212.365,5213.075,5200.998,5205.875,4297
2026-02-23 18:30:00,5205.975,5213.265,5205.238,5206.498,3160
2026-02-23 18:45:00,5206.498,5211.915,5205.685,5209.285,2580
2026-02-23 19:00:00,5209.315,5211.895,5206.325,5211.135,2288
2026-02-23 19:15:00,5211.115,5214.765,5206.645,5208.945,2861
2026-02-23 19:30:00,5208.898,5217.175,5207.845,5216.698,3537
2026-02-23 19:45:00,5216.698,5217.935,5214.005,5215.298,3571
2026-02-23 20:00:00,5215.265,5224.098,5214.515,5222.895,4849
2026-02-23 20:15:00,5222.799,5225.805,5221.665,5224.935,3673
2026-02-23 20:30:00,5224.905,5229.725,5224.295,5227.525,4363
2026-02-23 20:45:00,5227.405,5237.725,5224.425,5236.205,6941
2026-02-23 21:00:00,5236.145,5237.055,5229.498,5230.698,1942
2026-02-23 21:15:00,5230.698,5231.895,5228.638,5229.645,1118
2026-02-23 21:30:00,5229.488,5232.765,5226.265,5228.505,1162
2026-02-23 21:45:00,5228.475,5231.425,5226.335,5226.635,1370
2026-02-23 23:00:00,5225.898,5248.765,5221.639,5244.275,3134
2026-02-23 23:15:00,5244.275,5249.575,5233.645,5236.115,3044
2026-02-23 23:30:00,5236.175,5246.725,5234.088,5242.255,2038
2026-02-23 23:45:00,5242.235,5242.585,5233.958,5235.345,1621
2026-02-24 00:00:00,5235.395,5235.395,5217.295,5229.505,4314
2026-02-24 00:15:00,5229.718,5237.825,5224.298,5226.375,2233
2026-02-24 00:30:00,5226.455,5232.295,5224.295,5230.135,2198
2026-02-24 00:45:00,5229.525,5231.865,5220.825,5223.555,2651
2026-02-24 01:00:00,5223.505,5223.715,5183.145,5184.995,10397
2026-02-24 01:15:00,5185.088,5188.695,5144.698,5164.448,9729
2026-02-24 01:30:00,5164.665,5175.838,5160.965,5173.515,7132
2026-02-24 01:45:00,5173.545,5179.025,5163.658,5176.855,4390
2026-02-24 02:00:00,5177.125,5181.435,5166.325,5172.275,4329
2026-02-24 02:15:00,5172.189,5174.465,5165.168,5172.965,2224
2026-02-24 02:30:00,5172.835,5187.625,5172.245,5183.285,3353
2026-02-24 02:45:00,5183.305,5190.665,5183.105,5189.695,2488
2026-02-24 03:00:00,5189.665,5191.605,5185.245,5188.605,2032
2026-02-24 03:15:00,5188.625,5189.635,5181.648,5182.405,1914
2026-02-24 03:30:00,5182.235,5188.475,5175.778,5179.095,2097
2026-02-24 03:45:00,5179.075,5179.675,5170.735,5171.765,2051
2026-02-24 04:00:00,5171.765,5171.765,5160.698,5167.915,2541
2026-02-24 04:15:00,5167.935,5174.985,5167.935,5171.755,1338
2026-02-24 04:30:00,5171.785,5172.965,5164.305,5164.355,1465
2026-02-24 04:45:00,5164.335,5170.585,5163.105,5167.935,1271
2026-02-24 05:00:00,5167.865,5174.145,5163.715,5171.905,1881
2026-02-24 05:15:00,5171.905,5175.125,5166.305,5167.115,1681
2026-02-24 05:30:00,5167.085,5174.485,5164.155,5172.398,3204
2026-02-24 05:45:00,5172.388,5185.545,5171.905,5182.205,2526
2026-02-24 06:00:00,5182.225,5184.545,5176.775,5182.375,2259
2026-02-24 06:15:00,5182.445,5183.395,5166.595,5168.465,2119
2026-02-24 06:30:00,5168.535,5173.185,5156.305,5168.675,3465
2026-02-24 06:45:00,5168.748,5174.885,5167.508,5173.165,1830
2026-02-24 07:00:00,5173.305,5173.455,5163.845,5171.075,2826
2026-02-24 07:15:00,5171.075,5183.135,5169.095,5183.135,2918
2026-02-24 07:30:00,5182.965,5183.555,5174.238,5179.555,2685
2026-02-24 07:45:00,5179.515,5182.795,5175.005,5179.125,1501
2026-02-24 08:00:00,5178.869,5179.185,5169.205,5170.765,2799
2026-02-24 08:15:00,5170.725,5174.595,5164.575,5169.975,3648
2026-02-24 08:30:00,5169.945,5181.648,5169.125,5174.305,3587
2026-02-24 08:45:00,5174.285,5176.438,5168.545,5173.175,3388
2026-02-24 09:00:00,5172.928,5179.958,5171.215,5172.105,3052
2026-02-24 09:15:00,5172.085,5174.415,5167.458,5168.398,3037
2026-02-24 09:30:00,5168.398,5173.385,5166.225,5169.498,2859
2026-02-24 09:45:00,5169.498,5172.675,5166.875,5171.038,1639
2026-02-24 10:00:00,5171.038,5175.855,5170.605,5174.255,1446
2026-02-24 10:15:00,5174.145,5181.275,5171.955,5175.655,1474
2026-02-24 10:30:00,5175.885,5176.675,5162.845,5170.055,2663
2026-02-24 10:45:00,5169.985,5174.295,5168.548,5172.595,1317
2026-02-24 11:00:00,5172.615,5177.205,5172.045,5176.175,1196
2026-02-24 11:15:00,5176.205,5176.665,5170.655,5174.545,1042
2026-02-24 11:30:00,5174.505,5177.975,5172.785,5177.875,1014
2026-02-24 11:45:00,5177.915,5178.295,5171.885,5172.545,1323
2026-02-24 12:00:00,5172.525,5173.255,5164.778,5167.355,2006
2026-02-24 12:15:00,5167.385,5168.215,5146.865,5161.275,3487
2026-02-24 12:30:00,5161.315,5164.305,5153.585,5157.605,2872
2026-02-24 12:45:00,5157.575,5158.605,5144.815,5150.415,3169
2026-02-24 13:00:00,5150.325,5161.105,5150.325,5158.645,5245
2026-02-24 13:15:00,5158.655,5158.865,5151.599,5156.085,3361
2026-02-24 13:30:00,5156.035,5158.505,5133.085,5145.525,4778
2026-02-24 13:45:00,5145.295,5145.915,5110.565,5114.635,6826
2026-02-24 14:00:00,5114.665,5127.145,5093.225,5104.545,7650
2026-02-24 14:15:00,5104.575,5119.195,5100.295,5114.605,5813
2026-02-24 14:30:00,5114.915,5138.875,5109.405,5136.865,9195
2026-02-24 14:45:00,5136.985,5139.015,5126.348,5127.405,7328
2026-02-24 15:00:00,5127.615,5137.445,5117.775,5136.675,6926
2026-02-24 15:15:00,5136.615,5145.895,5134.545,5138.105,5946
2026-02-24 15:30:00,5138.075,5149.945,5133.805,5149.695,5054
2026-02-24 15:45:00,5149.715,5155.045,5144.785,5150.098,4187
2026-02-24 16:00:00,5150.098,5152.055,5141.055,5147.165,4458
2026-02-24 16:15:00,5147.145,5150.505,5141.215,5143.375,3717
2026-02-24 16:30:00,5143.535,5150.698,5134.965,5145.298,4816
2026-02-24 16:45:00,5145.298,5145.485,5130.498,5141.715,5757
2026-02-24 17:00:00,5141.795,5157.615,5141.485,5156.095,4846
2026-02-24 17:15:00,5156.125,5163.225,5154.548,5158.355,4214
2026-02-24 17:30:00,5158.358,5160.975,5156.225,5160.165,2898
2026-02-24 17:45:00,5160.005,5163.555,5157.235,5163.435,3023
2026-02-24 18:00:00,5163.348,5170.045,5163.285,5163.938,3870
2026-02-24 18:15:00,5164.058,5165.405,5155.325,5158.225,4421
2026-02-24 18:30:00,5158.525,5161.165,5153.305,5158.855,3245
2026-02-24 18:45:00,5159.145,5162.705,5155.745,5159.785,2746
2026-02-24 19:00:00,5159.485,5160.185,5149.225,5156.075,3410
2026-02-24 19:15:00,5156.095,5157.325,5146.165,5151.255,3376
2026-02-24 19:30:00,5151.285,5156.425,5148.705,5151.898,2683
2026-02-24 19:45:00,5151.855,5155.235,5151.045,5153.705,2447
2026-02-24 20:00:00,5153.735,5155.635,5146.415,5148.905,3228
2026-02-24 20:15:00,5148.965,5169.965,5147.965,5168.105,3360
2026-02-24 20:30:00,5168.155,5173.075,5165.298,5171.895,4034
2026-02-24 20:45:00,5171.865,5172.235,5157.815,5163.655,5405
2026-02-24 21:00:00,5163.898,5165.615,5156.148,5160.748,1605
2026-02-24 21:15:00,5160.675,5161.965,5153.515,5155.185,942
2026-02-24 21:30:00,5155.185,5155.585,5145.715,5150.555,1523
2026-02-24 21:45:00,5150.535,5150.535,5139.675,5141.345,1405
2026-02-24 23:00:00,5137.095,5139.998,5127.048,5135.425,1370
2026-02-24 23:15:00,5135.945,5137.505,5128.035,5130.655,1537
2026-02-24 23:30:00,5130.605,5149.375,5129.195,5146.875,2088
2026-02-24 23:45:00,5146.548,5152.005,5145.118,5146.365,1616
2026-02-25 00:00:00,5146.395,5149.405,5136.535,5140.135,1576
2026-02-25 00:15:00,5139.965,5145.925,5137.595,5140.115,1491
2026-02-25 00:30:00,5140.175,5155.185,5140.175,5146.865,2862
2026-02-25 00:45:00,5146.825,5155.835,5141.535,5151.855,2070
2026-02-25 01:00:00,5151.885,5176.255,5143.798,5173.955,5897
2026-02-25 01:15:00,5173.945,5188.215,5173.495,5185.055,4757
2026-02-25 01:30:00,5184.865,5189.635,5178.255,5180.165,2895
2026-02-25 01:45:00,5180.145,5186.085,5174.265,5176.505,2490
2026-02-25 02:00:00,5176.465,5189.015,5176.115,5188.345,2898
2026-02-25 02:15:00,5188.285,5193.518,5184.445,5189.385,2224
2026-02-25 02:30:00,5189.425,5190.365,5182.465,5185.715,3108
2026-02-25 02:45:00,5185.685,5186.555,5166.205,5180.325,3168
2026-02-25 03:00:00,5180.365,5189.805,5180.365,5185.965,3010
2026-02-25 03:15:00,5186.025,5187.175,5179.055,5185.995,2357
2026-02-25 03:30:00,5186.115,5188.265,5179.045,5183.645,1749
2026-02-25 03:45:00,5183.365,5187.355,5177.905,5181.648,1574
2026-02-25 04:00:00,5181.648,5183.125,5171.945,5180.605,1678
2026-02-25 04:15:00,5180.465,5184.805,5180.175,5182.485,1217
2026-02-25 04:30:00,5182.445,5183.875,5179.595,5183.855,778
2026-02-25 04:45:00,5183.885,5184.825,5179.548,5182.365,999
2026-02-25 05:00:00,5182.685,5191.365,5182.398,5188.095,1503
2026-02-25 05:15:00,5188.125,5195.945,5187.515,5195.115,1310
2026-02-25 05:30:00,5195.085,5203.805,5192.115,5202.498,3693
2026-02-25 05:45:00,5202.525,5210.335,5200.798,5201.275,3400
2026-02-25 06:00:00,5201.298,5201.298,5182.175,5191.575,3742
2026-02-25 06:15:00,5191.595,5194.915,5188.538,5189.358,2585
2026-02-25 06:30:00,5189.005,5194.278,5188.408,5191.138,2238
2026-02-25 06:45:00,5191.158,5194.425,5188.898,5194.425,1932
2026-02-25 07:00:00,5194.415,5194.865,5187.055,5188.365,1642
2026-02-25 07:15:00,5188.355,5190.075,5181.985,5189.245,1338
2026-02-25 07:30:00,5189.245,5190.205,5185.535,5185.965,1142
2026-02-25 07:45:00,5185.805,5189.095,5180.065,5184.455,1563
2026-02-25 08:00:00,5184.415,5190.155,5184.148,5186.995,1814
2026-02-25 08:15:00,5186.975,5194.055,5186.545,5193.235,1898
2026-02-25 08:30:00,5193.255,5197.025,5190.995,5191.945,1692
2026-02-25 08:45:00,5192.005,5192.105,5183.895,5185.055,1704
2026-02-25 09:00:00,5185.155,5187.855,5176.325,5183.605,2690
2026-02-25 09:15:00,5183.545,5188.245,5181.448,5186.515,1773
2026-02-25 09:30:00,5186.475,5193.565,5185.625,5190.685,1879
2026-02-25 09:45:00,5190.745,5194.375,5187.648,5193.095,2065
2026-02-25 10:00:00,5193.115,5195.025,5182.558,5184.375,1905
2026-02-25 10:15:00,5184.138,5184.565,5172.045,5175.015,2547
2026-02-25 10:30:00,5174.995,5180.738,5169.745,5176.625,2251
2026-02-25 10:45:00,5176.545,5177.015,5172.135,5174.785,1228
2026-02-25 11:00:00,5174.715,5175.675,5162.695,5163.465,2409
2026-02-25 11:15:00,5163.445,5169.205,5154.895,5168.565,2904
2026-02-25 11:30:00,5168.595,5173.685,5166.415,5172.975,1668
2026-02-25 11:45:00,5173.005,5182.305,5172.055,5181.315,1655
2026-02-25 12:00:00,5181.295,5182.665,5177.888,5181.705,1913
2026-02-25 12:15:00,5181.755,5187.175,5181.555,5183.375,1807
2026-02-25 12:30:00,5183.295,5186.205,5177.035,5184.525,2427
2026-02-25 12:45:00,5184.925,5185.078,5178.375,5182.525,1613
2026-02-25 13:00:00,5182.505,5189.635,5180.855,5186.895,3319
2026-02-25 13:15:00,5187.275,5191.275,5185.745,5187.705,2809
2026-02-25 13:30:00,5187.685,5191.045,5181.745,5186.865,2928
2026-02-25 13:45:00,5186.905,5190.935,5183.955,5184.935,2953
2026-02-25 14:00:00,5184.895,5190.865,5183.355,5185.005,3070
2026-02-25 14:15:00,5185.035,5185.745,5174.575,5177.505,3361
2026-02-25 14:30:00,5177.495,5180.738,5158.445,5174.815,8175
2026-02-25 14:45:00,5174.668,5193.065,5174.425,5190.935,6362
2026-02-25 15:00:00,5190.925,5202.355,5190.075,5192.915,6219
2026-02-25 15:15:00,5193.085,5195.475,5173.665,5180.025,5979
2026-02-25 15:30:00,5180.005,5192.965,5171.758,5190.725,5415
2026-02-25 15:45:00,5190.705,5198.105,5186.385,5194.645,5537
2026-02-25 16:00:00,5194.625,5198.405,5189.445,5192.225,3866
2026-02-25 16:15:00,5192.255,5205.975,5191.425,5202.615,3621
2026-02-25 16:30:00,5202.595,5207.485,5198.875,5207.285,3537
2026-02-25 16:45:00,5207.445,5213.615,5206.475,5212.005,3975
2026-02-25 17:00:00,5211.985,5217.385,5207.445,5214.895,3590
2026-02-25 17:15:00,5214.985,5215.845,5211.365,5212.825,3496
2026-02-25 17:30:00,5212.915,5214.198,5208.108,5208.178,3336
2026-02-25 17:45:00,5208.225,5210.505,5203.445,5206.585,3272
2026-02-25 18:00:00,5206.615,5207.335,5206.545,5206.625,717
2026-02-25 18:15:00,5206.578,5207.205,5206.338,5206.805,1444
2026-02-25 18:30:00,5206.805,5207.375,5204.898,5205.005,1426
2026-02-25 18:45:00,5204.958,5205.245,5200.375,5201.805,2170
2026-02-25 19:00:00,5201.855,5207.705,5191.325,5206.885,2832
2026-02-25 19:15:00,5206.975,5207.035,5193.665,5202.145,2908
2026-02-25 19:30:00,5202.295,5205.965,5199.175,5203.945,4287
2026-02-25 19:45:00,5203.915,5207.948,5198.775,5204.745,4982
2026-02-25 20:00:00,5204.785,5206.098,5195.005,5195.098,4432
2026-02-25 20:15:00,5195.345,5196.205,5182.625,5185.835,4026
2026-02-25 20:30:00,5185.855,5190.335,5176.948,5181.165,3818
2026-02-25 20:45:00,5181.195,5181.285,5144.958,5151.765,7242
2026-02-25 21:00:00,5151.905,5165.355,5150.095,5161.625,4253
2026-02-25 21:15:00,5161.625,5173.115,5160.575,5168.815,2524
2026-02-25 21:30:00,5169.075,5173.235,5166.325,5170.015,2296
2026-02-25 21:45:00,5169.975,5171.345,5161.848,5164.915,2608
2026-02-25 23:00:00,5157.898,5181.278,5154.955,5168.245,2020
2026-02-25 23:15:00,5168.215,5179.555,5163.295,5169.585,2300
2026-02-25 23:30:00,5169.725,5174.075,5163.065,5172.285,1939
2026-02-25 23:45:00,5172.265,5178.946,5161.018,5162.905,3010
2026-02-26 00:00:00,5162.925,5169.225,5154.835,5167.305,3532
2026-02-26 00:15:00,5167.375,5185.935,5167.085,5185.015,2702
2026-02-26 00:30:00,5184.995,5189.015,5180.925,5188.115,2487
2026-02-26 00:45:00,5188.155,5191.965,5184.635,5187.995,2183
2026-02-26 01:00:00,5187.965,5198.285,5182.505,5187.355,5363
2026-02-26 01:15:00,5187.375,5194.895,5178.255,5180.025,4563
2026-02-26 01:30:00,5179.975,5192.255,5178.175,5189.155,3526
2026-02-26 01:45:00,5189.205,5193.595,5184.795,5191.235,3179
2026-02-26 02:00:00,5191.195,5195.515,5181.965,5182.855,2841
2026-02-26 02:15:00,5182.855,5189.685,5180.225,5180.475,2099
2026-02-26 02:30:00,5180.595,5183.935,5173.698,5175.615,4134
2026-02-26 02:45:00,5175.575,5185.928,5175.575,5184.095,2565
2026-02-26 03:00:00,5184.075,5187.845,5182.695,5186.895,2433
2026-02-26 03:15:00,5186.915,5193.565,5185.165,5187.915,2709
2026-02-26 03:30:00,5187.975,5189.578,5185.628,5185.875,2111
2026-02-26 03:45:00,5185.855,5192.675,5183.815,5192.455,1678
2026-02-26 04:00:00,5192.425,5199.165,5192.135,5196.485,1848
2026-02-26 04:15:00,5196.445,5196.798,5191.145,5193.865,1627
2026-02-26 04:30:00,5193.845,5195.515,5192.615,5193.805,1324
2026-02-26 04:45:00,5193.825,5194.445,5190.065,5192.265,1659
2026-02-26 05:00:00,5192.268,5199.445,5189.765,5197.735,2008
2026-02-26 05:15:00,5197.725,5205.215,5196.235,5200.055,2714
2026-02-26 05:30:00,5200.055,5203.245,5195.695,5199.305,3103
2026-02-26 05:45:00,5199.275,5199.725,5191.025,5198.105,3262
2026-02-26 06:00:00,5198.085,5199.385,5193.325,5197.695,2518
2026-02-26 06:15:00,5197.675,5198.015,5192.655,5193.525,2047
2026-02-26 06:30:00,5193.525,5198.145,5193.235,5196.355,2557
2026-02-26 06:45:00,5196.355,5196.885,5190.105,5192.935,2326
2026-02-26 07:00:00,5192.975,5194.595,5182.115,5187.185,2334
2026-02-26 07:15:00,5187.215,5190.375,5181.855,5184.695,1967
2026-02-26 07:30:00,5184.915,5189.615,5184.115,5186.205,1316
2026-02-26 07:45:00,5186.045,5187.945,5179.358,5185.745,1802
2026-02-26 08:00:00,5186.075,5190.585,5179.058,5189.165,3325
2026-02-26 08:15:00,5189.195,5190.605,5174.985,5176.665,2727
2026-02-26 08:30:00,5176.685,5180.495,5170.295,5173.788,3610
2026-02-26 08:45:00,5173.855,5181.965,5167.265,5179.145,3166
2026-02-26 09:00:00,5178.858,5182.335,5173.595,5181.435,2082
2026-02-26 09:15:00,5181.475,5182.075,5174.405,5180.885,1978
2026-02-26 09:30:00,5180.845,5183.605,5179.015,5181.385,1627
2026-02-26 09:45:00,5181.405,5189.335,5181.405,5186.215,1712
2026-02-26 10:00:00,5186.155,5189.905,5185.278,5187.635,1442
2026-02-26 10:15:00,5187.655,5188.515,5178.585,5178.808,1960
2026-02-26 10:30:00,5178.205,5179.185,5171.485,5171.798,2394
2026-02-26 10:45:00,5171.778,5174.925,5165.458,5171.245,2093
2026-02-26 11:00:00,5171.175,5178.145,5169.005,5175.575,1941
2026-02-26 11:15:00,5175.545,5175.915,5170.695,5171.745,1459
2026-02-26 11:30:00,5171.705,5175.125,5171.545,5174.335,1099
2026-02-26 11:45:00,5174.155,5174.205,5160.985,5164.405,1809
2026-02-26 12:00:00,5164.465,5169.665,5157.495,5168.235,3344
2026-02-26 12:15:00,5168.215,5180.005,5165.755,5178.215,2484
2026-02-26 12:30:00,5178.255,5187.455,5177.495,5187.245,2368
2026-02-26 12:45:00,5187.275,5187.585,5179.295,5183.475,1907
2026-02-26 13:00:00,5183.495,5185.395,5167.995,5173.785,4918
2026-02-26 13:15:00,5173.805,5178.665,5171.018,5174.115,3574
2026-02-26 13:30:00,5174.095,5177.055,5163.905,5164.805,4229
2026-02-26 13:45:00,5164.818,5171.365,5164.335,5165.765,2966
2026-02-26 14:00:00,5165.735,5169.905,5159.945,5166.015,3976
2026-02-26 14:15:00,5165.955,5172.125,5163.265,5170.035,3388
2026-02-26 14:30:00,5170.005,5174.595,5139.485,5171.898,9512
2026-02-26 14:45:00,5171.915,5175.695,5162.855,5164.425,8039
2026-02-26 15:00:00,5164.365,5172.045,5158.395,5162.015,7230
2026-02-26 15:15:00,5162.105,5163.015,5129.495,5141.375,8685
2026-02-26 15:30:00,5141.295,5176.218,5140.285,5175.485,9020
2026-02-26 15:45:00,5175.465,5192.535,5175.015,5185.388,7406
2026-02-26 16:00:00,5185.388,5186.905,5172.735,5176.605,5605
2026-02-26 16:15:00,5176.645,5184.435,5173.575,5180.115,4966
2026-02-26 16:30:00,5180.135,5186.105,5177.735,5182.935,4744
2026-02-26 16:45:00,5182.955,5185.295,5175.095,5179.395,3922
2026-02-26 17:00:00,5179.475,5190.035,5178.045,5179.565,4216
2026-02-26 17:15:00,5179.575,5181.625,5173.455,5174.045,3503
2026-02-26 17:30:00,5174.025,5177.695,5171.695,5174.545,4245
2026-02-26 17:45:00,5174.485,5175.205,5161.645,5167.005,4466
2026-02-26 18:00:00,5167.315,5173.405,5163.295,5173.095,3864
2026-02-26 18:15:00,5173.065,5178.205,5171.755,5176.925,3470
2026-02-26 18:30:00,5176.895,5182.108,5160.115,5180.795,4588
2026-02-26 18:45:00,5180.815,5185.785,5178.655,5180.145,3089
2026-02-26 19:00:00,5180.245,5188.135,5179.258,5186.145,2582
2026-02-26 19:15:00,5186.165,5189.015,5184.338,5185.255,2221
2026-02-26 19:30:00,5185.305,5190.645,5183.108,5186.045,2238
2026-02-26 19:45:00,5186.145,5193.845,5186.095,5186.765,2734
2026-02-26 20:00:00,5186.548,5197.855,5186.495,5196.615,2905
2026-02-26 20:15:00,5196.585,5197.725,5191.678,5193.425,3500
2026-02-26 20:30:00,5193.365,5199.235,5190.495,5197.968,3895
2026-02-26 20:45:00,5198.095,5200.865,5189.098,5196.195,4588
2026-02-26 21:00:00,5196.205,5200.485,5196.075,5196.235,1292
2026-02-26 21:15:00,5196.105,5196.695,5184.645,5185.685,1095
2026-02-26 21:30:00,5185.705,5191.055,5184.115,5190.035,909
2026-02-26 21:45:00,5189.685,5189.685,5179.825,5182.715,1002
2026-02-26 23:00:00,5180.488,5188.678,5172.845,5183.685,1437
2026-02-26 23:15:00,5183.665,5186.875,5180.935,5183.675,936
2026-02-26 23:30:00,5183.595,5189.025,5181.255,5185.425,1282
2026-02-26 23:45:00,5185.445,5188.195,5181.975,5184.345,909
2026-02-27 00:00:00,5184.375,5186.425,5178.498,5185.495,1706
2026-02-27 00:15:00,5185.465,5194.565,5184.925,5187.568,1895
2026-02-27 00:30:00,5187.568,5189.358,5169.865,5174.678,3087
2026-02-27 00:45:00,5174.795,5177.315,5171.485,5174.575,1928
2026-02-27 01:00:00,5174.605,5178.345,5166.535,5176.235,4355
2026-02-27 01:15:00,5176.255,5179.685,5174.395,5174.505,2626
2026-02-27 01:30:00,5174.445,5190.985,5172.655,5188.115,3271
2026-02-27 01:45:00,5188.175,5194.155,5186.995,5193.825,3355
2026-02-27 02:00:00,5193.775,5199.425,5191.465,5194.068,5221
2026-02-27 02:15:00,5194.065,5195.008,5183.745,5183.948,3719
2026-02-27 02:30:00,5183.975,5186.015,5174.025,5181.205,4409
2026-02-27 02:45:00,5181.285,5183.815,5173.185,5183.345,3634
2026-02-27 03:00:00,5183.265,5184.745,5180.955,5182.435,2470
2026-02-27 03:15:00,5182.585,5187.945,5181.215,5186.785,3212
2026-02-27 03:30:00,5186.755,5188.955,5183.098,5186.775,2080
2026-02-27 03:45:00,5186.775,5190.435,5183.605,5183.675,2003
2026-02-27 04:00:00,5183.645,5187.415,5183.195,5186.315,1633
2026-02-27 04:15:00,5186.295,5188.585,5181.285,5186.985,1860
2026-02-27 04:30:00,5186.985,5188.315,5185.065,5187.085,1773
2026-02-27 04:45:00,5187.055,5187.375,5180.645,5181.435,1861
2026-02-27 05:00:00,5181.405,5187.135,5181.075,5186.925,1774
2026-02-27 05:15:00,5187.175,5194.565,5185.395,5194.425,1836
2026-02-27 05:30:00,5194.415,5197.155,5189.848,5191.785,4060
2026-02-27 05:45:00,5191.805,5200.075,5190.498,5197.465,3046
2026-02-27 06:00:00,5197.285,5198.165,5192.605,5196.785,3607
2026-02-27 06:15:00,5196.688,5199.178,5192.125,5192.955,3277
2026-02-27 06:30:00,5192.985,5196.105,5191.048,5193.155,2994
2026-02-27 06:45:00,5193.465,5193.545,5184.645,5185.395,3092
2026-02-27 07:00:00,5185.385,5189.475,5180.975,5181.355,2389
2026-02-27 07:15:00,5181.335,5185.405,5177.215,5178.335,2716
2026-02-27 07:30:00,5178.335,5182.585,5175.375,5180.195,1673
2026-02-27 07:45:00,5180.215,5182.445,5175.445,5175.705,1985
2026-02-27 08:00:00,5176.135,5182.165,5175.945,5178.255,2664
2026-02-27 08:15:00,5178.315,5179.465,5174.045,5177.375,2293
2026-02-27 08:30:00,5177.355,5182.035,5176.435,5180.045,1744
2026-02-27 08:45:00,5180.065,5181.885,5176.188,5178.545,1515
2026-02-27 09:00:00,5178.525,5181.448,5174.815,5178.275,1838
2026-02-27 09:15:00,5178.215,5181.975,5176.585,5178.695,1430
2026-02-27 09:30:00,5178.575,5181.455,5177.475,5180.715,1394
2026-02-27 09:45:00,5180.925,5182.355,5171.858,5175.645,2585
2026-02-27 10:00:00,5175.665,5176.535,5168.155,5174.185,2125
2026-02-27 10:15:00,5174.135,5180.625,5172.045,5173.225,1782
2026-02-27 10:30:00,5173.048,5176.115,5168.995,5175.965,2072
2026-02-27 10:45:00,5175.925,5178.435,5175.225,5177.415,1596
2026-02-27 11:00:00,5177.435,5178.095,5173.025,5173.605,1400
2026-02-27 11:15:00,5173.605,5178.626,5172.235,5177.495,1741
2026-02-27 11:30:00,5177.535,5180.048,5176.145,5177.505,2351
2026-02-27 11:45:00,5177.475,5185.515,5177.475,5185.495,2515
2026-02-27 12:00:00,5185.465,5190.455,5184.785,5185.205,2784
2026-02-27 12:15:00,5185.225,5189.535,5184.885,5186.525,2299
2026-02-27 12:30:00,5186.575,5188.045,5183.495,5184.555,1984
2026-02-27 12:45:00,5184.545,5188.635,5182.638,5187.135,2892
2026-02-27 13:00:00,5187.205,5214.505,5186.415,5212.618,7303
2026-02-27 13:15:00,5212.598,5240.235,5212.298,5234.708,7129
2026-02-27 13:30:00,5234.938,5235.748,5207.375,5216.265,7038
2026-02-27 13:45:00,5216.225,5225.585,5210.865,5222.795,5333
2026-02-27 14:00:00,5222.575,5230.035,5217.098,5226.315,4865
2026-02-27 14:15:00,5226.285,5236.145,5223.365,5230.925,4525
2026-02-27 14:30:00,5231.025,5233.545,5213.535,5225.175,8334
2026-02-27 14:45:00,5225.155,5229.265,5215.775,5223.395,7409
2026-02-27 15:00:00,5223.315,5239.785,5220.0,5237.615,7599
2026-02-27 15:15:00,5237.635,5239.885,5214.378,5231.195,7047
2026-02-27 15:30:00,5231.245,5235.845,5226.825,5230.815,6348
2026-02-27 15:45:00,5230.875,5246.248,5229.655,5239.215,6417
2026-02-27 16:00:00,5239.365,5255.385,5233.698,5253.535,6463
2026-02-27 16:15:00,5253.465,5257.405,5221.635,5233.718,6810
2026-02-27 16:30:00,5233.718,5238.305,5228.995,5235.645,6832
2026-02-27 16:45:00,5235.615,5237.805,5228.495,5228.855,7558
2026-02-27 17:00:00,5228.785,5235.795,5225.815,5231.105,6029
2026-02-27 17:15:00,5231.085,5232.065,5223.345,5228.435,4813
2026-02-27 17:30:00,5228.395,5236.485,5220.375,5234.265,4727
2026-02-27 17:45:00,5234.055,5236.705,5231.855,5234.375,4491
2026-02-27 18:00:00,5234.348,5238.245,5233.085,5233.295,5166
2026-02-27 18:15:00,5233.295,5234.215,5222.295,5230.145,6302
2026-02-27 18:30:00,5230.285,5239.865,5226.255,5239.495,4362
2026-02-27 18:45:00,5239.475,5246.565,5238.555,5245.065,4092
2026-02-27 19:00:00,5245.045,5250.915,5239.778,5246.515,4378
2026-02-27 19:15:00,5246.565,5252.105,5244.945,5247.915,4384
2026-02-27 19:30:00,5247.955,5250.985,5243.398,5245.815,3853
2026-02-27 19:45:00,5245.815,5251.045,5245.215,5249.698,4461
2026-02-27 20:00:00,5249.705,5252.155,5248.335,5251.248,3590
2026-02-27 20:15:00,5251.148,5261.985,5251.148,5256.625,4802
2026-02-27 20:30:00,5256.645,5263.005,5254.295,5259.585,5121
2026-02-27 20:45:00,5259.655,5265.198,5259.235,5262.995,7246
2026-02-27 21:00:00,5263.005,5263.715,5257.555,5259.455,2072
2026-02-27 21:15:00,5259.449,5263.395,5256.858,5261.895,1238
2026-02-27 21:30:00,5261.865,5276.118,5260.095,5274.159,2058
2026-02-27 21:45:00,5274.198,5280.878,5271.758,5277.419,3393
2026-03-02 00:00:00,5386.675,5387.645,5363.675,5375.545,7340
2026-03-02 00:15:00,5375.585,5375.665,5349.025,5364.255,6608
2026-03-02 00:30:00,5364.335,5372.945,5358.718,5365.005,4499
2026-03-02 00:45:00,5365.055,5365.995,5340.375,5347.045,5080
2026-03-02 01:00:00,5347.015,5347.015,5314.765,5339.675,10052
2026-03-02 01:15:00,5339.695,5345.545,5302.695,5306.855,8930
2026-03-02 01:30:00,5306.905,5338.755,5304.855,5333.615,8591
2026-03-02 01:45:00,5333.065,5337.785,5321.325,5324.615,6397
2026-03-02 02:00:00,5324.595,5335.125,5316.745,5327.245,5902
2026-03-02 02:15:00,5327.898,5335.935,5325.798,5331.219,4352
2026-03-02 02:30:00,5331.219,5351.355,5328.225,5350.738,5353
2026-03-02 02:45:00,5350.365,5351.435,5340.515,5346.195,4583
2026-03-02 03:00:00,5346.298,5357.195,5343.818,5354.825,4319
2026-03-02 03:15:00,5354.795,5359.195,5349.345,5355.305,3593
2026-03-02 03:30:00,5355.275,5364.745,5353.238,5361.875,2592
2026-03-02 03:45:00,5361.905,5366.535,5359.595,5366.095,1955
2026-03-02 04:00:00,5366.065,5366.935,5355.355,5355.735,2353
2026-03-02 04:15:00,5356.598,5365.835,5355.565,5363.205,2208
2026-03-02 04:30:00,5363.235,5364.245,5344.505,5353.965,2926
2026-03-02 04:45:00,5353.985,5358.135,5350.505,5355.725,1702
2026-03-02 05:00:00,5355.785,5355.785,5345.565,5349.885,2660
2026-03-02 05:15:00,5349.855,5354.085,5340.575,5350.535,2169
2026-03-02 05:30:00,5350.455,5363.395,5348.565,5360.285,3185
2026-03-02 05:45:00,5360.325,5365.985,5358.935,5365.785,2464
2026-03-02 06:00:00,5365.815,5379.885,5363.385,5374.895,3188
2026-03-02 06:15:00,5374.878,5381.805,5373.565,5380.395,3724
2026-03-02 06:30:00,5380.395,5382.845,5373.935,5375.315,4405
2026-03-02 06:45:00,5375.355,5389.505,5375.355,5387.275,3105
2026-03-02 07:00:00,5387.195,5406.545,5384.668,5405.745,4340
2026-03-02 07:15:00,5405.765,5418.875,5404.245,5408.285,4690
2026-03-02 07:30:00,5408.345,5411.545,5401.838,5402.748,4013
2026-03-02 07:45:00,5402.748,5414.305,5402.278,5408.105,3668
2026-03-02 08:00:00,5408.075,5412.765,5402.405,5409.375,4537
2026-03-02 08:15:00,5409.405,5415.735,5401.875,5415.475,3982
2026-03-02 08:30:00,5415.505,5416.455,5396.478,5401.455,4326
2026-03-02 08:45:00,5401.495,5410.845,5391.045,5393.865,3712
2026-03-02 09:00:00,5393.835,5399.985,5389.278,5394.405,3964
2026-03-02 09:15:00,5394.465,5398.445,5385.535,5394.375,2800
2026-03-02 09:30:00,5394.345,5402.815,5393.955,5396.438,2968
2026-03-02 09:45:00,5396.358,5397.058,5386.998,5391.755,3091
2026-03-02 10:00:00,5391.775,5394.365,5378.645,5390.245,3464
2026-03-02 10:15:00,5390.215,5392.155,5383.325,5389.735,2610
2026-03-02 10:30:00,5389.775,5400.715,5386.495,5400.215,2685
2026-03-02 10:45:00,5400.255,5400.585,5381.235,5388.945,2712
2026-03-02 11:00:00,5389.035,5394.425,5382.085,5388.325,2182
2026-03-02 11:15:00,5388.295,5396.915,5387.485,5390.245,2355
2026-03-02 11:30:00,5390.165,5399.795,5388.735,5388.865,1978
2026-03-02 11:45:00,5388.895,5389.635,5374.865,5385.155,4030
2026-03-02 12:00:00,5385.035,5398.155,5378.705,5391.285,3921
2026-03-02 12:15:00,5391.315,5395.755,5384.205,5393.755,2720
2026-03-02 12:30:00,5393.785,5398.498,5388.545,5396.215,2552
2026-03-02 12:45:00,5396.085,5398.255,5385.295,5396.845,2813
2026-03-02 13:00:00,5396.875,5409.955,5381.338,5383.878,7287
2026-03-02 13:15:00,5383.878,5409.045,5382.345,5401.285,6716
2026-03-02 13:30:00,5401.425,5416.625,5391.845,5392.765,6755
2026-03-02 13:45:00,5392.725,5397.925,5388.798,5393.655,5210
2026-03-02 14:00:00,5393.675,5394.895,5363.255,5374.855,7128
2026-03-02 14:15:00,5374.848,5376.405,5306.275,5333.005,9835
2026-03-02 14:30:00,5333.475,5355.635,5305.069,5346.745,11855
2026-03-02 14:45:00,5346.755,5351.225,5320.195,5331.645,10012
2026-03-02 15:00:00,5331.248,5346.588,5310.655,5333.265,10501
2026-03-02 15:15:00,5333.175,5338.715,5317.085,5330.575,9847
2026-03-02 15:30:00,5330.525,5348.438,5329.565,5341.925,8097
2026-03-02 15:45:00,5341.905,5344.825,5307.885,5315.505,8659
2026-03-02 16:00:00,5314.925,5314.925,5260.095,5299.995,10931
2026-03-02 16:15:00,5299.925,5314.145,5281.295,5309.535,8766
2026-03-02 16:30:00,5309.555,5311.355,5281.478,5301.098,8356
2026-03-02 16:45:00,5301.125,5306.055,5288.945,5289.705,7951
2026-03-02 17:00:00,5289.725,5309.545,5286.555,5298.215,7115
2026-03-02 17:15:00,5297.955,5311.915,5291.455,5304.245,6136
2026-03-02 17:30:00,5304.498,5320.315,5303.115,5303.885,5265
2026-03-02 17:45:00,5303.925,5310.775,5297.745,5306.605,5116
2026-03-02 18:00:00,5306.705,5308.045,5289.275,5295.045,4804
2026-03-02 18:15:00,5295.075,5305.675,5293.435,5297.465,5230
2026-03-02 18:30:00,5297.425,5302.935,5290.835,5302.905,4482
2026-03-02 18:45:00,5303.015,5316.465,5301.855,5315.385,4259
2026-03-02 19:00:00,5315.335,5332.985,5313.575,5330.235,4232
2026-03-02 19:15:00,5330.278,5332.645,5318.295,5330.595,3308
2026-03-02 19:30:00,5330.565,5333.795,5324.095,5324.598,2934
2026-03-02 19:45:00,5324.598,5332.005,5322.708,5330.195,2592
2026-03-02 20:00:00,5330.235,5346.045,5328.095,5337.065,5412
2026-03-02 20:15:00,5337.095,5345.898,5328.235,5333.185,6612
2026-03-02 20:30:00,5333.205,5344.485,5331.625,5341.635,4556
2026-03-02 20:45:00,5341.665,5342.255,5331.015,5331.995,5249
2026-03-02 21:00:00,5332.105,5339.425,5331.125,5335.115,2735
2026-03-02 21:15:00,5335.155,5340.095,5331.098,5332.385,2216
2026-03-02 21:30:00,5332.355,5332.655,5325.815,5331.125,3384
2026-03-02 21:45:00,5331.095,5331.095,5321.005,5321.845,1451
2026-03-02 23:00:00,5321.098,5346.658,5320.698,5338.415,2086
2026-03-02 23:15:00,5338.455,5341.605,5328.895,5336.375,1442
2026-03-02 23:30:00,5336.305,5336.535,5330.125,5330.625,1537
2026-03-02 23:45:00,5330.545,5346.515,5329.605,5345.695,2048
2026-03-03 00:00:00,5345.755,5349.385,5336.565,5348.125,1599
2026-03-03 00:15:00,5348.165,5358.595,5347.825,5357.595,2286
2026-03-03 00:30:00,5357.615,5361.788,5347.825,5354.725,2050
2026-03-03 00:45:00,5355.205,5359.245,5346.075,5349.905,2084
2026-03-03 01:00:00,5349.925,5371.855,5346.855,5367.945,4911
2026-03-03 01:15:00,5367.785,5379.755,5365.535,5376.775,4043
2026-03-03 01:30:00,5376.805,5377.985,5363.955,5363.985,3753
2026-03-03 01:45:00,5362.598,5364.985,5337.685,5338.755,6842
2026-03-03 02:00:00,5339.175,5356.845,5332.525,5349.735,6270
2026-03-03 02:15:00,5349.745,5359.465,5343.835,5358.625,4060
2026-03-03 02:30:00,5358.685,5364.935,5355.045,5360.635,4061
2026-03-03 02:45:00,5360.655,5367.695,5358.575,5366.625,3835
2026-03-03 03:00:00,5366.645,5371.365,5364.645,5366.345,3047
2026-03-03 03:15:00,5366.525,5373.185,5363.335,5367.095,3287
2026-03-03 03:30:00,5367.115,5370.415,5364.975,5368.835,1856
2026-03-03 03:45:00,5368.975,5369.585,5358.598,5367.115,1630
2026-03-03 04:00:00,5367.055,5367.595,5359.115,5361.395,1457
2026-03-03 04:15:00,5361.445,5375.255,5359.415,5371.585,1931
2026-03-03 04:30:00,5371.615,5375.075,5366.995,5369.225,1513
2026-03-03 04:45:00,5369.205,5369.655,5360.555,5360.855,2126
2026-03-03 05:00:00,5360.835,5366.615,5354.419,5361.698,3143
2026-03-03 05:15:00,5361.698,5363.645,5352.545,5358.585,2273
2026-03-03 05:30:00,5358.565,5359.085,5334.115,5344.975,5206
2026-03-03 05:45:00,5345.075,5346.525,5304.465,5318.795,7237
2026-03-03 06:00:00,5318.735,5322.675,5278.598,5289.145,6861
2026-03-03 06:15:00,5289.115,5319.245,5287.725,5316.385,5532
2026-03-03 06:30:00,5316.265,5318.905,5295.495,5309.795,5183
2026-03-03 06:45:00,5309.865,5314.508,5290.515,5310.315,4969
2026-03-03 07:00:00,5309.998,5318.125,5305.705,5314.665,3149
2026-03-03 07:15:00,5314.665,5319.895,5310.105,5313.205,2998
2026-03-03 07:30:00,5313.425,5328.045,5313.355,5326.185,3000
2026-03-03 07:45:00,5326.215,5330.855,5323.315,5327.435,2964
2026-03-03 08:00:00,5327.395,5335.735,5319.625,5319.625,4157
2026-03-03 08:15:00,5320.231,5328.425,5310.685,5311.705,3779
2026-03-03 08:30:00,5312.015,5313.085,5295.665,5304.815,4658
2026-03-03 08:45:00,5304.785,5311.185,5289.835,5295.445,4654
2026-03-03 09:00:00,5295.235,5303.645,5284.375,5295.995,6689
2026-03-03 09:15:00,5296.035,5302.275,5225.718,5241.765,7435
2026-03-03 09:30:00,5241.955,5270.425,5240.115,5263.575,6808
2026-03-03 09:45:00,5263.655,5280.565,5259.485,5274.795,5013
2026-03-03 10:00:00,5274.775,5287.555,5268.035,5272.565,4658
2026-03-03 10:15:00,5272.585,5281.005,5265.585,5276.515,4179
2026-03-03 10:30:00,5276.418,5276.655,5247.435,5260.465,5693
2026-03-03 10:45:00,5260.505,5260.575,5237.415,5247.735,6818
2026-03-03 11:00:00,5247.695,5263.625,5159.175,5197.558,9482
2026-03-03 11:15:00,5197.355,5209.145,5110.818,5125.895,10225
2026-03-03 11:30:00,5125.698,5142.165,5071.645,5123.895,11738
2026-03-03 11:45:00,5123.498,5157.185,5122.575,5144.318,9772
2026-03-03 12:00:00,5144.485,5192.545,5137.805,5192.125,9528
2026-03-03 12:15:00,5192.435,5208.735,5180.765,5203.855,7560
2026-03-03 12:30:00,5203.775,5211.895,5188.345,5202.575,5891
2026-03-03 12:45:00,5202.575,5226.505,5195.945,5224.065,5813
2026-03-03 13:00:00,5224.045,5224.075,5145.775,5163.665,11472
2026-03-03 13:15:00,5162.949,5184.038,5158.708,5177.365,8624
2026-03-03 13:30:00,5176.909,5185.685,5147.225,5155.975,8439
2026-03-03 13:45:00,5156.075,5158.975,5127.075,5156.445,9179
2026-03-03 14:00:00,5156.405,5175.118,5149.825,5164.655,8356
2026-03-03 14:15:00,5164.595,5166.175,5124.755,5145.685,8142
2026-03-03 14:30:00,5145.635,5145.635,5061.515,5070.875,12342
2026-03-03 14:45:00,5070.935,5075.745,5015.725,5037.825,12887
2026-03-03 15:00:00,5038.195,5069.385,5024.895,5039.205,12919
2026-03-03 15:15:00,5039.375,5052.715,4995.475,5043.485,12168
2026-03-03 15:30:00,5043.505,5069.765,5036.735,5061.335,11368
2026-03-03 15:45:00,5061.335,5096.548,5053.775,5095.098,10987
2026-03-03 16:00:00,5094.998,5122.235,5090.175,5107.685,9734
2026-03-03 16:15:00,5107.665,5125.645,5099.508,5112.235,9591
2026-03-03 16:30:00,5112.285,5134.358,5106.485,5110.845,9421
2026-03-03 16:45:00,5110.895,5115.395,5097.838,5106.365,8919
2026-03-03 17:00:00,5106.788,5106.788,5080.648,5097.805,9118
2026-03-03 17:15:00,5097.845,5109.548,5081.208,5082.875,7733
2026-03-03 17:30:00,5082.625,5085.525,5065.045,5078.555,9013
2026-03-03 17:45:00,5078.515,5084.315,5067.345,5078.975,7654
2026-03-03 18:00:00,5079.085,5103.665,5078.865,5103.155,7759
2026-03-03 18:15:00,5103.275,5116.765,5093.298,5111.878,6620
2026-03-03 18:30:00,5111.675,5136.865,5106.715,5133.045,6915
2026-03-03 18:45:00,5133.265,5138.088,5126.595,5135.775,5804
2026-03-03 19:00:00,5135.795,5148.645,5109.655,5111.795,7128
2026-03-03 19:15:00,5111.995,5120.955,5101.635,5106.395,5948
2026-03-03 19:30:00,5106.595,5118.695,5099.088,5118.645,7233
2026-03-03 19:45:00,5118.665,5128.165,5106.895,5112.985,7213
2026-03-03 20:00:00,5113.485,5126.625,5111.775,5118.765,7408
2026-03-03 20:15:00,5118.765,5130.085,5113.785,5122.618,6757
2026-03-03 20:30:00,5122.335,5126.005,5102.145,5111.305,6801
2026-03-03 20:45:00,5111.335,5113.035,5085.635,5096.985,8863
2026-03-03 21:00:00,5097.035,5110.125,5093.915,5098.505,3023
2026-03-03 21:15:00,5098.475,5101.005,5089.185,5089.275,2437
2026-03-03 21:30:00,5089.275,5096.095,5083.625,5091.585,2037
2026-03-03 21:45:00,5091.625,5093.445,5082.955,5084.865,3221
2026-03-03 23:00:00,5099.298,5117.705,5086.868,5116.805,2542
2026-03-03 23:15:00,5116.575,5127.815,5116.205,5125.755,3724
2026-03-03 23:30:00,5125.915,5128.035,5116.445,5125.255,2777
2026-03-03 23:45:00,5125.285,5129.545,5119.765,5125.035,2094
2026-03-04 00:00:00,5125.015,5126.005,5105.348,5115.695,4335
2026-03-04 00:15:00,5115.695,5128.615,5112.608,5124.835,3553
2026-03-04 00:30:00,5124.875,5137.365,5122.175,5131.915,2696
2026-03-04 00:45:00,5131.885,5139.995,5127.395,5138.375,3409
2026-03-04 01:00:00,5138.395,5162.335,5138.325,5159.095,6634
2026-03-04 01:15:00,5159.045,5164.025,5145.925,5146.585,6177
2026-03-04 01:30:00,5145.605,5163.205,5142.005,5162.695,7577
2026-03-04 01:45:00,5163.395,5178.095,5157.935,5174.795,5878
2026-03-04 02:00:00,5174.755,5190.675,5167.685,5189.645,5376
2026-03-04 02:15:00,5189.565,5189.565,5175.745,5177.405,3855
2026-03-04 02:30:00,5177.385,5180.035,5163.268,5180.035,5302
2026-03-04 02:45:00,5180.115,5180.775,5153.495,5156.075,5462
2026-03-04 03:00:00,5156.075,5159.775,5141.015,5155.665,4762
2026-03-04 03:15:00,5155.595,5167.935,5151.105,5162.385,5323
2026-03-04 03:30:00,5162.255,5167.535,5153.775,5162.665,4419
2026-03-04 03:45:00,5162.508,5177.185,5159.285,5173.978,3347
2026-03-04 04:00:00,5173.795,5180.505,5171.318,5173.535,3518
2026-03-04 04:15:00,5173.585,5173.765,5162.908,5167.665,3019
2026-03-04 04:30:00,5167.705,5170.375,5151.805,5161.375,3288
2026-03-04 04:45:00,5161.355,5164.795,5154.445,5156.525,2596
2026-03-04 05:00:00,5156.495,5166.145,5151.795,5160.665,3854
2026-03-04 05:15:00,5160.675,5165.685,5152.675,5156.335,4680
2026-03-04 05:30:00,5156.315,5167.335,5154.935,5160.015,5089
2026-03-04 05:45:00,5159.985,5168.065,5153.595,5159.438,4582
2026-03-04 06:00:00,5159.395,5159.395,5119.395,5141.185,6180
2026-03-04 06:15:00,5140.835,5150.005,5128.318,5134.165,5555
2026-03-04 06:30:00,5134.145,5155.655,5132.468,5148.295,5226
2026-03-04 06:45:00,5148.265,5160.395,5146.345,5160.025,3840
2026-03-04 07:00:00,5160.095,5175.638,5158.175,5167.215,4516
2026-03-04 07:15:00,5167.185,5174.315,5163.125,5167.185,3402
2026-03-04 07:30:00,5167.255,5172.985,5163.275,5169.195,2789
2026-03-04 07:45:00,5169.115,5175.625,5168.025,5168.025,2209
2026-03-04 08:00:00,5168.148,5172.005,5147.238,5157.015,5524
2026-03-04 08:15:00,5157.045,5168.475,5152.035,5162.485,3321
2026-03-04 08:30:00,5162.525,5175.885,5161.668,5175.435,3234
2026-03-04 08:45:00,5175.475,5181.815,5166.035,5167.285,3008
2026-03-04 09:00:00,5167.225,5170.975,5158.549,5163.828,4489
2026-03-04 09:15:00,5163.785,5178.145,5161.915,5170.455,2587
2026-03-04 09:30:00,5170.405,5184.775,5168.645,5182.305,2248
2026-03-04 09:45:00,5182.465,5184.625,5175.575,5181.995,2505
2026-03-04 10:00:00,5182.035,5197.705,5182.035,5197.658,4474
2026-03-04 10:15:00,5197.745,5202.048,5186.565,5187.715,4376
2026-03-04 10:30:00,5187.745,5191.025,5179.325,5185.355,2916
2026-03-04 10:45:00,5185.325,5193.585,5181.345,5189.635,2117
2026-03-04 11:00:00,5189.695,5196.385,5187.488,5194.915,1809
2026-03-04 11:15:00,5195.065,5197.425,5189.995,5194.665,1984
2026-03-04 11:30:00,5194.705,5200.485,5190.685,5192.745,2155
2026-03-04 11:45:00,5192.905,5194.145,5187.485,5191.975,1891
2026-03-04 12:00:00,5192.055,5205.995,5191.935,5197.265,2939
2026-03-04 12:15:00,5197.435,5197.555,5174.055,5178.155,4077
2026-03-04 12:30:00,5178.235,5178.235,5156.095,5166.745,5621
2026-03-04 12:45:00,5166.205,5173.015,5159.415,5170.945,3345
2026-03-04 13:00:00,5171.195,5196.065,5170.735,5192.465,5737
2026-03-04 13:15:00,5192.455,5195.205,5178.995,5191.995,4887
2026-03-04 13:30:00,5192.025,5192.675,5181.575,5188.145,4578
2026-03-04 13:45:00,5188.175,5192.065,5167.135,5167.605,5003
2026-03-04 14:00:00,5167.465,5180.525,5164.525,5165.035,5697
2026-03-04 14:15:00,5165.185,5175.035,5160.045,5165.865,7263
2026-03-04 14:30:00,5166.155,5184.875,5162.965,5171.315,10171
2026-03-04 14:45:00,5171.355,5179.315,5138.475,5145.855,9965
2026-03-04 15:00:00,5142.758,5162.555,5130.965,5134.155,10427
2026-03-04 15:15:00,5134.125,5159.488,5132.385,5155.849,8786
2026-03-04 15:30:00,5156.015,5166.709,5137.085,5143.519,9332
2026-03-04 15:45:00,5143.519,5152.635,5133.118,5151.005,7886
2026-03-04 16:00:00,5150.995,5162.138,5143.015,5148.415,7449
2026-03-04 16:15:00,5148.435,5155.765,5137.948,5145.925,7986
2026-03-04 16:30:00,5146.585,5158.915,5143.965,5146.305,6575
2026-03-04 16:45:00,5146.325,5152.625,5142.485,5149.485,6049
2026-03-04 17:00:00,5149.485,5152.835,5142.565,5147.045,5841
2026-03-04 17:15:00,5147.095,5149.695,5120.235,5133.195,6014
2026-03-04 17:30:00,5133.215,5138.965,5127.945,5137.355,6049
2026-03-04 17:45:00,5137.375,5147.355,5135.445,5140.935,5910
2026-03-04 18:00:00,5140.765,5143.465,5117.185,5124.395,6849
2026-03-04 18:15:00,5124.435,5127.865,5110.989,5123.745,6448
2026-03-04 18:30:00,5123.715,5129.785,5108.678,5124.905,5060
2026-03-04 18:45:00,5124.945,5134.498,5123.285,5133.638,3542
2026-03-04 19:00:00,5133.618,5136.398,5125.785,5130.945,3254
2026-03-04 19:15:00,5131.525,5132.915,5124.275,5124.375,2863
2026-03-04 19:30:00,5124.065,5131.875,5122.998,5130.685,3748
2026-03-04 19:45:00,5130.645,5139.385,5129.315,5137.725,3711
2026-03-04 20:00:00,5137.495,5138.575,5126.545,5129.695,4447
2026-03-04 20:15:00,5129.735,5138.205,5123.495,5136.995,4160
2026-03-04 20:30:00,5137.025,5146.665,5136.725,5143.805,4536
2026-03-04 20:45:00,5143.705,5144.355,5132.625,5134.505,5538
2026-03-04 21:00:00,5134.485,5143.805,5133.585,5140.095,1854
2026-03-04 21:15:00,5140.045,5141.395,5135.975,5141.125,1302
2026-03-04 21:30:00,5141.165,5141.565,5129.135,5135.495,1519
2026-03-04 21:45:00,5135.475,5142.065,5134.785,5140.325,1426
2026-03-04 23:00:00,5148.898,5154.535,5142.675,5146.425,1092
2026-03-04 23:15:00,5146.285,5156.515,5146.005,5154.435,1216
2026-03-04 23:30:00,5154.555,5156.085,5148.445,5155.485,852
2026-03-04 23:45:00,5155.515,5165.965,5154.665,5165.025,1774
2026-03-05 00:00:00,5164.995,5172.475,5159.105,5170.845,1780
2026-03-05 00:15:00,5171.025,5179.93,5170.355,5173.035,1501
2026-03-05 00:30:00,5173.075,5176.635,5168.165,5171.265,1114
2026-03-05 00:45:00,5171.245,5177.085,5165.925,5172.315,1890
2026-03-05 01:00:00,5172.615,5186.025,5169.555,5176.125,4002
2026-03-05 01:15:00,5176.095,5182.205,5172.285,5177.285,3640
2026-03-05 01:30:00,5177.345,5178.845,5167.185,5172.495,5060
2026-03-05 01:45:00,5172.475,5179.925,5169.125,5172.315,4032
2026-03-05 02:00:00,5172.089,5181.345,5171.295,5178.575,4005
2026-03-05 02:15:00,5178.525,5188.045,5176.335,5183.855,2727
2026-03-05 02:30:00,5183.805,5186.895,5174.175,5175.075,3421
2026-03-05 02:45:00,5175.225,5192.205,5173.925,5191.735,3168
2026-03-05 03:00:00,5191.705,5194.615,5183.718,5185.605,2955
2026-03-05 03:15:00,5185.625,5190.905,5184.308,5184.875,2403
2026-03-05 03:30:00,5184.905,5190.625,5181.245,5188.205,1757
2026-03-05 03:45:00,5188.235,5190.805,5177.975,5179.915,1715
2026-03-05 04:00:00,5179.935,5185.418,5176.565,5183.365,1587
2026-03-05 04:15:00,5183.585,5186.415,5174.445,5178.035,1787
2026-03-05 04:30:00,5178.145,5179.995,5173.445,5174.185,1251
2026-03-05 04:45:00,5174.235,5175.315,5165.995,5171.365,1735
2026-03-05 05:00:00,5171.445,5176.555,5168.995,5175.265,1471
2026-03-05 05:15:00,5175.285,5176.505,5169.705,5172.075,1589
2026-03-05 05:30:00,5172.135,5174.335,5161.645,5166.145,3466
2026-03-05 05:45:00,5166.115,5169.215,5147.985,5148.325,3736
2026-03-05 06:00:00,5148.685,5155.155,5119.995,5132.335,6180
2026-03-05 06:15:00,5132.315,5143.635,5124.225,5142.655,4346
2026-03-05 06:30:00,5142.625,5156.355,5139.655,5150.515,3396
2026-03-05 06:45:00,5150.725,5168.465,5148.705,5167.345,3488
2026-03-05 07:00:00,5167.375,5172.475,5161.185,5161.695,3288
2026-03-05 07:15:00,5161.715,5167.675,5159.665,5165.748,3641
2026-03-05 07:30:00,5165.695,5166.658,5159.195,5159.885,4066
2026-03-05 07:45:00,5159.865,5166.075,5158.395,5161.845,2146
2026-03-05 08:00:00,5161.805,5162.195,5141.435,5141.445,3923
2026-03-05 08:15:00,5141.375,5148.355,5137.218,5144.385,3818
2026-03-05 08:30:00,5144.365,5163.105,5143.485,5160.945,3182
2026-03-05 08:45:00,5161.665,5170.135,5161.548,5165.155,3063
2026-03-05 09:00:00,5165.175,5180.165,5161.105,5178.998,5744
2026-03-05 09:15:00,5178.988,5180.098,5166.675,5169.295,4263
2026-03-05 09:30:00,5169.275,5169.465,5152.615,5162.015,3305
2026-03-05 09:45:00,5162.175,5165.125,5156.885,5160.765,2500
2026-03-05 10:00:00,5160.745,5160.745,5145.855,5154.095,3150
2026-03-05 10:15:00,5154.075,5158.345,5151.385,5155.905,3184
2026-03-05 10:30:00,5155.655,5158.525,5147.155,5156.735,2584
2026-03-05 10:45:00,5156.755,5167.545,5156.225,5164.325,2545
2026-03-05 11:00:00,5164.375,5167.855,5161.105,5164.255,2108
2026-03-05 11:15:00,5164.348,5166.615,5160.715,5162.765,1628
2026-03-05 11:30:00,5162.735,5164.445,5156.635,5160.725,1581
2026-03-05 11:45:00,5160.705,5164.865,5160.118,5163.655,1826
2026-03-05 12:00:00,5163.615,5171.255,5162.865,5168.255,2308
2026-03-05 12:15:00,5168.275,5170.145,5161.348,5161.545,2039
2026-03-05 12:30:00,5161.278,5167.505,5160.545,5162.085,1672
2026-03-05 12:45:00,5162.055,5165.955,5160.625,5162.385,1842
2026-03-05 13:00:00,5162.618,5163.895,5146.255,5155.605,5089
2026-03-05 13:15:00,5155.575,5159.745,5080.735,5120.935,9008
2026-03-05 13:30:00,5120.915,5137.735,5114.645,5130.745,5567
2026-03-05 13:45:00,5130.775,5131.645,5109.635,5117.755,5758
2026-03-05 14:00:00,5117.805,5129.725,5109.985,5112.455,5566
2026-03-05 14:15:00,5112.425,5120.655,5102.595,5119.975,5796
2026-03-05 14:30:00,5120.005,5123.365,5090.138,5097.205,9060
2026-03-05 14:45:00,5097.595,5110.928,5091.075,5101.705,9258
2026-03-05 15:00:00,5101.675,5119.595,5060.025,5085.155,9796
2026-03-05 15:15:00,5085.115,5093.598,5072.015,5086.215,9289
2026-03-05 15:30:00,5086.245,5093.625,5077.305,5080.205,8479
2026-03-05 15:45:00,5080.165,5102.785,5079.175,5102.225,6650
2026-03-05 16:00:00,5102.255,5104.475,5073.945,5082.855,6477
2026-03-05 16:15:00,5082.805,5085.055,5059.875,5063.535,6812
2026-03-05 16:30:00,5063.885,5072.505,5054.035,5070.695,8313
2026-03-05 16:45:00,5070.418,5081.005,5069.975,5077.405,6524
2026-03-05 17:00:00,5077.435,5089.275,5073.795,5086.115,6031
2026-03-05 17:15:00,5085.745,5088.605,5074.528,5074.715,6100
2026-03-05 17:30:00,5074.675,5076.975,5054.665,5063.285,7224
2026-03-05 17:45:00,5063.295,5068.895,5055.405,5062.575,6967
2026-03-05 18:00:00,5062.595,5073.258,5050.638,5071.575,6968
2026-03-05 18:15:00,5071.505,5075.705,5061.185,5071.035,7463
2026-03-05 18:30:00,5071.005,5085.245,5070.275,5082.845,6638
2026-03-05 18:45:00,5082.885,5083.405,5066.875,5069.185,4689
2026-03-05 19:00:00,5069.075,5080.995,5067.305,5073.195,4506
2026-03-05 19:15:00,5073.175,5073.175,5061.855,5066.585,5027
2026-03-05 19:30:00,5066.555,5066.865,5055.235,5065.255,6159
2026-03-05 19:45:00,5065.285,5070.155,5061.905,5065.895,5139
2026-03-05 20:00:00,5065.805,5079.515,5061.485,5078.715,6756
2026-03-05 20:15:00,5078.745,5094.545,5075.815,5080.255,6554
2026-03-05 20:30:00,5080.275,5082.255,5073.955,5080.305,5684
2026-03-05 20:45:00,5080.355,5081.445,5072.645,5076.405,6937
2026-03-05 21:00:00,5076.495,5083.818,5071.945,5076.205,2106
2026-03-05 21:15:00,5076.175,5081.385,5075.305,5080.595,886
2026-03-05 21:30:00,5080.515,5082.375,5072.415,5075.315,1100
2026-03-05 21:45:00,5075.135,5084.765,5073.895,5083.175,1370
2026-03-05 23:00:00,5079.318,5090.298,5079.318,5085.935,779
2026-03-05 23:15:00,5085.965,5096.415,5082.768,5091.055,2136
2026-03-05 23:30:00,5091.025,5101.705,5087.115,5100.755,1444
2026-03-05 23:45:00,5100.705,5100.705,5084.245,5085.885,1914
2026-03-06 00:00:00,5085.835,5091.245,5073.875,5084.845,2584
2026-03-06 00:15:00,5084.825,5092.055,5078.055,5090.455,2016
2026-03-06 00:30:00,5090.475,5091.985,5074.795,5083.425,1754
2026-03-06 00:45:00,5083.405,5089.645,5076.575,5084.365,2464
2026-03-06 01:00:00,5083.678,5086.045,5066.215,5076.908,5366
2026-03-06 01:15:00,5076.908,5088.865,5075.105,5085.545,4566
2026-03-06 01:30:00,5085.665,5120.065,5085.389,5118.155,4764
2026-03-06 01:45:00,5118.115,5143.665,5117.365,5134.425,5027
2026-03-06 02:00:00,5134.315,5138.115,5125.135,5130.205,3993
2026-03-06 02:15:00,5130.255,5134.225,5127.595,5129.135,1953
2026-03-06 02:30:00,5129.135,5131.785,5121.895,5124.145,2623
2026-03-06 02:45:00,5124.105,5128.985,5122.655,5125.985,2170
2026-03-06 03:00:00,5125.945,5134.705,5124.085,5132.785,2410
2026-03-06 03:15:00,5132.765,5141.048,5130.765,5136.305,2637
2026-03-06 03:30:00,5136.225,5137.835,5128.798,5132.165,1745
2026-03-06 03:45:00,5132.105,5134.265,5129.515,5130.705,1491
2026-03-06 04:00:00,5130.745,5135.755,5130.195,5134.845,2269
2026-03-06 04:15:00,5134.978,5136.095,5127.285,5129.315,1001
2026-03-06 04:30:00,5129.345,5133.245,5127.865,5132.315,1018
2026-03-06 04:45:00,5132.375,5135.645,5125.898,5127.295,1186
2026-03-06 05:00:00,5127.185,5129.735,5122.635,5126.475,1545
2026-03-06 05:15:00,5125.965,5129.975,5122.545,5129.635,1593
2026-03-06 05:30:00,5129.655,5129.955,5118.795,5120.875,3058
2026-03-06 05:45:00,5120.905,5123.215,5113.975,5117.085,3420
2026-03-06 06:00:00,5117.195,5121.195,5108.798,5116.035,2615
2026-03-06 06:15:00,5115.945,5122.695,5114.145,5119.925,2066
2026-03-06 06:30:00,5119.885,5122.675,5116.145,5120.905,1763
2026-03-06 06:45:00,5120.945,5122.235,5114.755,5115.395,1694
2026-03-06 07:00:00,5115.425,5117.395,5105.495,5111.155,1905
2026-03-06 07:15:00,5111.155,5119.555,5110.715,5114.345,2105
2026-03-06 07:30:00,5114.208,5116.215,5107.385,5114.045,2255
2026-03-06 07:45:00,5114.015,5120.605,5112.365,5119.435,1940
2026-03-06 08:00:00,5119.455,5122.765,5110.545,5115.165,3430
2026-03-06 08:15:00,5115.105,5117.325,5098.925,5100.185,3118
2026-03-06 08:30:00,5100.155,5108.335,5095.985,5107.285,2220
2026-03-06 08:45:00,5107.305,5113.235,5106.605,5108.525,2122
2026-03-06 09:00:00,5108.048,5109.068,5094.255,5095.525,2993
2026-03-06 09:15:00,5095.545,5102.275,5091.555,5098.655,3076
2026-03-06 09:30:00,5098.615,5103.535,5087.495,5095.875,3402
2026-03-06 09:45:00,5095.905,5097.045,5083.048,5085.335,3355
2026-03-06 10:00:00,5085.355,5090.325,5075.455,5082.295,3658
2026-03-06 10:15:00,5082.265,5093.055,5079.585,5087.175,3455
2026-03-06 10:30:00,5087.098,5091.505,5080.565,5081.295,2372
2026-03-06 10:45:00,5081.305,5092.455,5081.305,5090.725,2698
2026-03-06 11:00:00,5090.745,5091.325,5079.995,5085.775,3160
2026-03-06 11:15:00,5085.805,5098.035,5085.245,5094.325,2249
2026-03-06 11:30:00,5094.305,5099.415,5080.395,5080.798,2628
2026-03-06 11:45:00,5080.795,5086.695,5062.125,5076.655,4368
2026-03-06 12:00:00,5076.705,5090.725,5075.915,5089.625,4989
2026-03-06 12:15:00,5089.625,5096.195,5085.815,5088.225,3845
2026-03-06 12:30:00,5088.225,5096.245,5085.075,5095.955,4380
2026-03-06 12:45:00,5095.915,5096.295,5080.768,5082.735,4192
2026-03-06 13:00:00,5082.715,5083.115,5065.058,5072.735,8107
2026-03-06 13:15:00,5072.785,5088.465,5072.105,5082.138,5738
2026-03-06 13:30:00,5082.138,5130.615,5082.138,5121.845,9305
2026-03-06 13:45:00,5121.265,5122.105,5073.515,5084.775,8520
2026-03-06 14:00:00,5084.785,5102.545,5080.615,5096.725,6735
2026-03-06 14:15:00,5096.785,5109.075,5087.735,5103.995,5880
2026-03-06 14:30:00,5104.325,5115.165,5083.885,5089.155,9677
2026-03-06 14:45:00,5088.865,5131.705,5087.329,5129.835,9071
2026-03-06 15:00:00,5129.828,5158.955,5127.498,5148.845,10113
2026-03-06 15:15:00,5148.795,5171.238,5144.055,5161.295,8813
2026-03-06 15:30:00,5161.735,5166.325,5149.368,5153.735,7710
2026-03-06 15:45:00,5153.655,5157.185,5134.215,5141.615,6950
2026-03-06 16:00:00,5141.585,5150.455,5135.885,5143.575,6453
2026-03-06 16:15:00,5143.465,5152.905,5136.045,5142.035,5819
2026-03-06 16:30:00,5142.055,5145.845,5125.735,5141.775,5950
2026-03-06 16:45:00,5141.725,5147.825,5129.415,5139.475,5579
2026-03-06 17:00:00,5139.805,5142.005,5128.715,5136.355,5495
2026-03-06 17:15:00,5136.325,5145.025,5132.895,5141.845,5105
2026-03-06 17:30:00,5141.815,5152.235,5136.415,5137.185,4590
2026-03-06 17:45:00,5137.255,5140.515,5132.575,5140.355,4319
2026-03-06 18:00:00,5140.375,5147.038,5138.248,5145.075,4674
2026-03-06 18:15:00,5144.885,5150.575,5142.745,5150.025,5248
2026-03-06 18:30:00,5150.075,5165.295,5148.475,5165.165,4283
2026-03-06 18:45:00,5165.195,5167.415,5156.325,5160.565,3383
2026-03-06 19:00:00,5160.558,5171.005,5160.085,5170.838,3839
2026-03-06 19:15:00,5170.818,5174.355,5163.978,5164.765,3674
2026-03-06 19:30:00,5164.785,5167.875,5157.485,5157.895,3532
2026-03-06 19:45:00,5157.835,5163.565,5156.385,5159.475,2879
2026-03-06 20:00:00,5159.535,5162.435,5153.455,5155.065,3681
2026-03-06 20:15:00,5155.085,5160.305,5152.315,5153.405,3161
2026-03-06 20:30:00,5153.465,5161.315,5149.155,5157.225,4323
2026-03-06 20:45:00,5157.175,5160.185,5150.415,5153.195,4251
2026-03-06 21:00:00,5152.995,5167.175,5150.565,5164.918,1946
2026-03-06 21:15:00,5165.065,5170.128,5164.535,5167.985,1095
2026-03-06 21:30:00,5167.688,5171.655,5166.115,5170.215,790
2026-03-06 21:45:00,5170.185,5175.048,5166.156,5171.798,1251
2026-03-09 00:00:00,5075.295,5079.518,5028.195,5035.825,7934
2026-03-09 00:15:00,5035.855,5052.765,5032.465,5045.845,7413
2026-03-09 00:30:00,5045.155,5060.015,5043.705,5052.205,5940
2026-03-09 00:45:00,5052.245,5057.515,5033.375,5049.735,7256
2026-03-09 01:00:00,5049.455,5074.135,5014.655,5071.935,11152
2026-03-09 01:15:00,5071.915,5087.345,5069.595,5071.475,7599
2026-03-09 01:30:00,5071.495,5085.815,5071.225,5079.218,5894
2026-03-09 01:45:00,5079.245,5082.205,5064.725,5069.885,6022
2026-03-09 02:00:00,5069.915,5095.325,5055.125,5094.105,6327
2026-03-09 02:15:00,5094.125,5094.295,5072.705,5077.395,4588
2026-03-09 02:30:00,5077.375,5093.975,5076.145,5092.525,6293
2026-03-09 02:45:00,5092.505,5098.915,5085.445,5094.355,4391
2026-03-09 03:00:00,5094.375,5099.465,5083.985,5086.865,4142
2026-03-09 03:15:00,5086.885,5102.145,5083.615,5083.615,3765
2026-03-09 03:30:00,5083.675,5093.945,5081.385,5086.815,3192
2026-03-09 03:45:00,5086.775,5093.155,5086.635,5091.115,1664
2026-03-09 04:00:00,5091.145,5096.985,5086.695,5090.665,1953
2026-03-09 04:15:00,5090.685,5094.425,5088.045,5089.115,1721
2026-03-09 04:30:00,5089.205,5092.725,5087.115,5090.185,1661
2026-03-09 04:45:00,5090.275,5091.125,5085.115,5090.005,2000
2026-03-09 05:00:00,5090.125,5102.005,5080.765,5096.185,3123
2026-03-09 05:15:00,5096.165,5104.545,5087.045,5095.215,4616
2026-03-09 05:30:00,5095.065,5121.025,5091.545,5120.605,6221
2026-03-09 05:45:00,5120.555,5140.365,5118.995,5124.025,6602
2026-03-09 06:00:00,5123.995,5133.745,5118.895,5127.495,5565
2026-03-09 06:15:00,5127.705,5131.115,5122.805,5126.005,4457
2026-03-09 06:30:00,5126.575,5129.575,5104.525,5106.535,4523
2026-03-09 06:45:00,5106.475,5111.105,5096.785,5097.385,3963
2026-03-09 07:00:00,5097.415,5101.905,5088.095,5096.725,4220
2026-03-09 07:15:00,5096.755,5106.805,5095.055,5106.465,3181
2026-03-09 07:30:00,5106.495,5107.685,5099.615,5100.865,3126
2026-03-09 07:45:00,5100.835,5101.245,5093.435,5098.705,2887
2026-03-09 08:00:00,5098.685,5110.715,5098.685,5099.715,4389
2026-03-09 08:15:00,5099.695,5106.325,5090.585,5091.375,3743
2026-03-09 08:30:00,5091.305,5096.465,5086.845,5089.925,3734
2026-03-09 08:45:00,5089.865,5102.355,5086.975,5096.375,3562
2026-03-09 09:00:00,5095.985,5116.585,5094.725,5112.475,4023
2026-03-09 09:15:00,5112.455,5126.685,5111.855,5125.005,4208
2026-03-09 09:30:00,5125.025,5132.235,5102.345,5102.445,5105
2026-03-09 09:45:00,5102.059,5107.255,5096.055,5104.965,3949
2026-03-09 10:00:00,5104.935,5110.855,5102.505,5108.885,3214
2026-03-09 10:15:00,5108.935,5110.065,5097.965,5099.435,2686
2026-03-09 10:30:00,5099.395,5100.035,5088.815,5095.555,3852
2026-03-09 10:45:00,5095.535,5096.385,5083.405,5086.975,3409
2026-03-09 11:00:00,5086.955,5097.065,5086.489,5090.075,2942
2026-03-09 11:15:00,5089.995,5092.135,5079.235,5085.615,3064
2026-03-09 11:30:00,5085.665,5092.638,5081.855,5085.555,3244
2026-03-09 11:45:00,5085.535,5094.405,5083.815,5087.795,3218
2026-03-09 12:00:00,5087.935,5099.498,5087.229,5096.165,3400
2026-03-09 12:15:00,5096.195,5109.775,5094.275,5109.015,3595
2026-03-09 12:30:00,5109.115,5111.865,5103.485,5106.575,3003
2026-03-09 12:45:00,5106.665,5106.665,5093.078,5094.598,4149
2026-03-09 13:00:00,5094.615,5098.985,5087.558,5092.295,5659
2026-03-09 13:15:00,5092.275,5098.005,5084.245,5094.275,4518
2026-03-09 13:30:00,5094.245,5110.978,5074.045,5075.805,9158
2026-03-09 13:45:00,5075.205,5084.425,5067.125,5073.885,9471
2026-03-09 14:00:00,5073.935,5088.125,5060.139,5071.135,8997
2026-03-09 14:15:00,5071.115,5084.145,5064.525,5081.425,8542
2026-03-09 14:30:00,5081.355,5114.565,5079.765,5112.205,8068
2026-03-09 14:45:00,5112.038,5115.795,5085.185,5093.665,7567
2026-03-09 15:00:00,5093.665,5094.311,5079.175,5091.385,6837
2026-03-09 15:15:00,5091.415,5099.905,5081.698,5099.225,5760
2026-03-09 15:30:00,5099.245,5102.295,5092.685,5094.825,5586
2026-03-09 15:45:00,5094.965,5103.135,5094.055,5099.268,4477
2026-03-09 16:00:00,5099.015,5109.125,5096.565,5103.105,4461
2026-03-09 16:15:00,5103.455,5105.095,5094.505,5103.505,4966
2026-03-09 16:30:00,5103.545,5110.428,5102.365,5106.988,5242
2026-03-09 16:45:00,5106.988,5108.408,5102.808,5104.368,4326
2026-03-09 17:00:00,5104.368,5106.535,5097.865,5099.548,4404
2026-03-09 17:15:00,5099.548,5101.938,5090.735,5094.715,5245
2026-03-09 17:30:00,5094.855,5097.648,5088.685,5090.515,5767
2026-03-09 17:45:00,5090.515,5099.435,5090.415,5095.748,4610
2026-03-09 18:00:00,5095.835,5097.815,5092.135,5097.445,4342
2026-03-09 18:15:00,5097.535,5106.835,5096.475,5104.915,3855
2026-03-09 18:30:00,5104.965,5119.758,5104.038,5117.698,4640
2026-03-09 18:45:00,5117.795,5126.098,5115.155,5122.915,3736
2026-03-09 19:00:00,5122.945,5130.325,5118.165,5122.565,3438
2026-03-09 19:15:00,5122.545,5143.385,5118.078,5139.555,6396
2026-03-09 19:30:00,5139.625,5139.625,5124.695,5135.025,6938
2026-03-09 19:45:00,5134.915,5143.898,5128.705,5140.785,5839
2026-03-09 20:00:00,5140.765,5147.905,5137.585,5139.545,2527
2026-03-09 20:15:00,5139.515,5140.125,5134.095,5139.085,1443
2026-03-09 20:30:00,5139.065,5139.518,5134.845,5139.035,1266
2026-03-09 20:45:00,5139.005,5140.465,5133.955,5138.935,1999
2026-03-09 22:00:00,5138.475,5149.615,5118.925,5132.045,3672
2026-03-09 22:15:00,5132.058,5135.635,5117.065,5131.785,3172
2026-03-09 22:30:00,5131.805,5139.465,5127.845,5135.985,1974
2026-03-09 22:45:00,5135.855,5152.598,5135.735,5152.498,2491
2026-03-09 23:00:00,5152.498,5154.148,5137.498,5145.915,3588
2026-03-09 23:15:00,5145.895,5155.825,5142.198,5144.625,2361
2026-03-09 23:30:00,5144.545,5149.425,5135.125,5137.045,1804
2026-03-09 23:45:00,5137.055,5143.085,5136.735,5139.475,1780
2026-03-10 00:00:00,5139.305,5141.015,5130.475,5136.495,2589
2026-03-10 00:15:00,5136.465,5137.565,5128.705,5130.245,2336
2026-03-10 00:30:00,5130.225,5137.615,5124.535,5137.255,2843
2026-03-10 00:45:00,5137.285,5138.975,5127.745,5130.805,2952
2026-03-10 01:00:00,5130.825,5153.195,5124.465,5143.275,5867
2026-03-10 01:15:00,5143.245,5167.645,5141.885,5157.755,5807
2026-03-10 01:30:00,5157.725,5168.655,5152.555,5165.805,4723
2026-03-10 01:45:00,5165.855,5186.075,5164.065,5183.965,4104
2026-03-10 02:00:00,5183.905,5186.578,5170.165,5175.165,4086
2026-03-10 02:15:00,5175.195,5180.678,5172.145,5179.445,2246
2026-03-10 02:30:00,5179.415,5184.355,5175.418,5181.935,4252
2026-03-10 02:45:00,5181.915,5185.505,5163.505,5165.665,4115
2026-03-10 03:00:00,5165.545,5173.225,5164.925,5166.315,3596
2026-03-10 03:15:00,5166.315,5170.395,5161.245,5166.505,3800
2026-03-10 03:30:00,5166.415,5167.725,5159.815,5162.375,2570
2026-03-10 03:45:00,5162.415,5162.715,5155.348,5157.375,2324
2026-03-10 04:00:00,5157.238,5164.955,5154.125,5164.025,2322
2026-03-10 04:15:00,5164.005,5166.385,5160.835,5162.245,1752
2026-03-10 04:30:00,5162.215,5165.355,5161.075,5161.785,1153
2026-03-10 04:45:00,5161.825,5165.215,5161.275,5163.735,1378
2026-03-10 05:00:00,5163.755,5173.205,5163.525,5172.815,2355
2026-03-10 05:15:00,5172.795,5174.315,5168.765,5171.525,1658
2026-03-10 05:30:00,5171.505,5174.125,5166.945,5168.465,2967
2026-03-10 05:45:00,5168.405,5179.125,5166.585,5177.735,2461
2026-03-10 06:00:00,5177.755,5180.795,5173.875,5179.225,2626
2026-03-10 06:15:00,5179.125,5179.125,5171.495,5175.965,2233
2026-03-10 06:30:00,5175.965,5178.885,5173.215,5175.495,2278
2026-03-10 06:45:00,5175.465,5177.115,5173.035,5175.025,2419
2026-03-10 07:00:00,5175.035,5178.815,5170.555,5174.565,2846
2026-03-10 07:15:00,5174.555,5177.375,5158.248,5169.255,4566
2026-03-10 07:30:00,5169.295,5178.125,5165.345,5175.915,2631
2026-03-10 07:45:00,5175.965,5181.306,5174.845,5180.855,3218
2026-03-10 08:00:00,5180.815,5185.165,5174.718,5179.475,3464
2026-03-10 08:15:00,5179.455,5184.045,5175.135,5183.995,2469
2026-03-10 08:30:00,5183.935,5193.885,5182.695,5189.575,3145
2026-03-10 08:45:00,5189.755,5194.945,5182.465,5183.075,3053
2026-03-10 09:00:00,5183.075,5189.225,5180.265,5187.725,2306
2026-03-10 09:15:00,5187.845,5189.105,5180.565,5186.595,2132
2026-03-10 09:30:00,5186.675,5188.015,5181.658,5187.305,2114
2026-03-10 09:45:00,5187.395,5188.915,5182.265,5182.335,1835
2026-03-10 10:00:00,5182.275,5183.835,5175.655,5181.145,2563
2026-03-10 10:15:00,5181.125,5181.885,5172.775,5173.545,2643
2026-03-10 10:30:00,5173.495,5176.375,5156.175,5168.865,4067
2026-03-10 10:45:00,5168.835,5178.095,5168.815,5177.045,2790
2026-03-10 11:00:00,5177.065,5191.725,5176.355,5186.908,3632
2026-03-10 11:15:00,5186.908,5189.475,5179.418,5182.725,3460
2026-03-10 11:30:00,5182.858,5184.955,5173.518,5174.075,2746
2026-03-10 11:45:00,5174.035,5179.295,5171.458,5174.975,2538
2026-03-10 12:00:00,5175.005,5176.475,5162.225,5170.938,3971
2026-03-10 12:15:00,5170.695,5180.535,5165.495,5179.525,3346
2026-03-10 12:30:00,5179.895,5185.335,5177.729,5185.135,2873
2026-03-10 12:45:00,5185.375,5189.305,5180.205,5186.835,2724
2026-03-10 13:00:00,5186.795,5202.555,5185.755,5200.495,5251
2026-03-10 13:15:00,5200.515,5228.445,5198.915,5221.295,5445
2026-03-10 13:30:00,5221.305,5221.956,5207.035,5209.035,7005
2026-03-10 13:45:00,5209.055,5215.415,5196.025,5204.885,6743
2026-03-10 14:00:00,5204.795,5208.305,5185.035,5195.035,6668
2026-03-10 14:15:00,5195.065,5214.155,5194.095,5208.765,5994
2026-03-10 14:30:00,5208.498,5213.455,5202.498,5205.758,5592
2026-03-10 14:45:00,5205.778,5211.945,5204.278,5206.465,5240
2026-03-10 15:00:00,5206.445,5226.155,5202.945,5223.275,4720
2026-03-10 15:15:00,5223.175,5228.405,5221.365,5225.475,4319
2026-03-10 15:30:00,5225.455,5236.325,5225.015,5235.525,4480
2026-03-10 15:45:00,5235.565,5238.365,5226.755,5228.395,4497
2026-03-10 16:00:00,5228.365,5230.148,5222.445,5223.305,3785
2026-03-10 16:15:00,5223.235,5235.475,5222.485,5231.955,3665
2026-03-10 16:30:00,5232.038,5234.475,5226.925,5228.298,4096
2026-03-10 16:45:00,5228.195,5231.975,5225.865,5227.385,3666
2026-03-10 17:00:00,5227.355,5235.125,5226.755,5233.905,3741
2026-03-10 17:15:00,5234.065,5234.185,5223.215,5232.848,5325
2026-03-10 17:30:00,5232.855,5234.385,5227.078,5227.765,4688
2026-03-10 17:45:00,5227.735,5232.565,5226.095,5227.305,3310
2026-03-10 18:00:00,5227.365,5227.735,5214.998,5215.715,4631
2026-03-10 18:15:00,5215.515,5218.225,5160.445,5202.525,9355
2026-03-10 18:30:00,5202.505,5207.585,5189.455,5195.175,6268
2026-03-10 18:45:00,5195.155,5204.715,5190.625,5191.425,4896
2026-03-10 19:00:00,5191.475,5199.545,5183.955,5197.855,4585
2026-03-10 19:15:00,5197.915,5207.365,5197.845,5200.665,3993
2026-03-10 19:30:00,5200.595,5200.665,5179.485,5187.535,5651
2026-03-10 19:45:00,5187.565,5199.698,5187.435,5198.648,5816
2026-03-10 20:00:00,5198.648,5198.898,5193.198,5197.575,1869
2026-03-10 20:15:00,5197.515,5198.365,5191.615,5194.685,1476
2026-03-10 20:30:00,5194.595,5197.728,5192.895,5197.705,931
2026-03-10 20:45:00,5197.658,5198.698,5190.485,5190.855,1493
2026-03-10 22:00:00,5188.365,5193.993,5182.395,5189.598,938
2026-03-10 22:15:00,5189.598,5197.545,5187.798,5190.535,1603
2026-03-10 22:30:00,5190.565,5195.305,5187.485,5193.305,1362
2026-03-10 22:45:00,5193.335,5194.875,5185.385,5188.578,1321
2026-03-10 23:00:00,5188.598,5196.365,5187.918,5191.445,1467
2026-03-10 23:15:00,5191.355,5197.095,5187.375,5193.255,1002
2026-03-10 23:30:00,5193.265,5195.705,5190.125,5190.855,674
2026-03-10 23:45:00,5190.875,5197.175,5187.755,5197.175,1240
2026-03-11 00:00:00,5197.175,5198.075,5186.495,5192.305,1952
2026-03-11 00:15:00,5192.335,5215.395,5191.255,5212.125,2774
2026-03-11 00:30:00,5212.065,5212.285,5205.685,5211.155,1415
2026-03-11 00:45:00,5211.245,5219.175,5211.145,5215.005,1992
2026-03-11 01:00:00,5214.985,5223.015,5211.795,5215.215,3653
2026-03-11 01:15:00,5215.145,5222.845,5210.485,5214.585,3115
2026-03-11 01:30:00,5214.525,5219.775,5212.495,5214.205,2760
2026-03-11 01:45:00,5214.195,5217.585,5208.185,5208.195,2374
2026-03-11 02:00:00,5208.245,5209.445,5193.965,5201.225,3539
2026-03-11 02:15:00,5201.165,5206.445,5200.165,5204.015,1655
2026-03-11 02:30:00,5203.995,5209.625,5201.725,5207.295,2142
2026-03-11 02:45:00,5207.345,5220.245,5207.325,5217.145,2375
2026-03-11 03:00:00,5217.035,5220.115,5211.575,5213.645,1813
2026-03-11 03:15:00,5213.595,5214.515,5204.175,5204.305,1982
2026-03-11 03:30:00,5204.255,5209.295,5203.285,5207.885,1268
2026-03-11 03:45:00,5207.785,5208.445,5199.065,5203.145,1505
2026-03-11 04:00:00,5203.225,5206.115,5199.118,5205.575,999
2026-03-11 04:15:00,5205.545,5208.375,5204.355,5207.055,1012
2026-03-11 04:30:00,5206.985,5208.245,5203.655,5206.445,626
2026-03-11 04:45:00,5206.435,5206.435,5201.635,5204.215,934
2026-03-11 05:00:00,5204.195,5208.095,5203.245,5204.135,1208
2026-03-11 05:15:00,5204.175,5206.115,5200.085,5200.245,1073
2026-03-11 05:30:00,5200.345,5204.485,5190.275,5200.538,3276
2026-03-11 05:45:00,5200.825,5201.565,5195.225,5199.505,2157
2026-03-11 06:00:00,5199.475,5210.115,5196.085,5209.135,2510
2026-03-11 06:15:00,5209.065,5210.485,5202.778,5206.355,2203
2026-03-11 06:30:00,5206.405,5206.455,5191.315,5194.605,2105
2026-03-11 06:45:00,5194.535,5199.035,5191.965,5197.265,2627
2026-03-11 07:00:00,5197.325,5201.975,5195.198,5198.695,2255
2026-03-11 07:15:00,5198.735,5199.815,5195.295,5197.675,2037
2026-03-11 07:30:00,5197.695,5198.125,5184.425,5191.285,3069
2026-03-11 07:45:00,5191.175,5197.615,5189.805,5195.465,2249
2026-03-11 08:00:00,5195.445,5198.465,5187.735,5198.315,2392
2026-03-11 08:15:00,5197.968,5197.968,5180.885,5184.705,2439
2026-03-11 08:30:00,5184.645,5187.355,5175.155,5181.425,2522
2026-03-11 08:45:00,5181.365,5188.615,5179.215,5187.465,2233
2026-03-11 09:00:00,5187.415,5188.085,5179.365,5183.825,2361
2026-03-11 09:15:00,5183.805,5190.295,5183.305,5187.295,1674
2026-03-11 09:30:00,5187.355,5197.055,5186.895,5191.485,2125
2026-03-11 09:45:00,5191.445,5194.305,5186.355,5187.495,1905
2026-03-11 10:00:00,5187.515,5195.185,5186.145,5193.225,1709
2026-03-11 10:15:00,5193.275,5194.985,5189.195,5191.405,1542
2026-03-11 10:30:00,5191.715,5191.715,5176.835,5178.965,2791
2026-03-11 10:45:00,5179.175,5190.865,5177.175,5185.625,2542
2026-03-11 11:00:00,5185.645,5193.425,5184.025,5187.218,1942
2026-03-11 11:15:00,5187.218,5189.655,5179.325,5180.725,2321
2026-03-11 11:30:00,5180.795,5190.525,5179.615,5184.725,2764
2026-03-11 11:45:00,5184.755,5188.475,5175.425,5180.985,3410
2026-03-11 12:00:00,5181.005,5193.065,5177.405,5191.095,3045
2026-03-11 12:15:00,5191.145,5194.985,5187.615,5190.025,3148
2026-03-11 12:30:00,5190.045,5195.958,5172.778,5180.075,6633
2026-03-11 12:45:00,5180.075,5180.555,5166.505,5167.225,6181
2026-03-11 13:00:00,5167.265,5181.758,5161.985,5177.575,6983
2026-03-11 13:15:00,5177.505,5182.765,5175.825,5181.245,4874
2026-03-11 13:30:00,5181.315,5181.315,5165.015,5165.185,7293
2026-03-11 13:45:00,5165.155,5176.995,5149.065,5176.695,8179
2026-03-11 14:00:00,5176.665,5189.965,5174.708,5189.645,7798
2026-03-11 14:15:00,5189.675,5195.195,5181.975,5193.905,6897
2026-03-11 14:30:00,5193.898,5195.898,5174.165,5182.935,6409
2026-03-11 14:45:00,5183.105,5193.185,5180.118,5182.975,6036
2026-03-11 15:00:00,5182.945,5185.495,5170.315,5170.545,6193
2026-03-11 15:15:00,5170.458,5179.098,5168.095,5172.255,6159
2026-03-11 15:30:00,5172.405,5173.925,5166.125,5169.175,5723
2026-03-11 15:45:00,5169.125,5174.975,5163.675,5166.105,5517
2026-03-11 16:00:00,5166.075,5172.355,5163.345,5172.155,5806
2026-03-11 16:15:00,5172.055,5172.315,5163.945,5166.698,5382
2026-03-11 16:30:00,5166.575,5176.425,5165.648,5174.025,5470
2026-03-11 16:45:00,5174.055,5177.615,5170.045,5175.455,4886
2026-03-11 17:00:00,5175.475,5180.815,5174.318,5175.555,4461
2026-03-11 17:15:00,5175.555,5177.825,5169.358,5171.738,6008
2026-03-11 17:30:00,5171.738,5172.218,5154.165,5162.945,6514
2026-03-11 17:45:00,5162.995,5169.875,5161.035,5169.605,4291
2026-03-11 18:00:00,5169.555,5174.965,5168.965,5171.875,3299
2026-03-11 18:15:00,5171.825,5178.325,5171.685,5177.315,4133
2026-03-11 18:30:00,5177.358,5178.225,5175.838,5176.865,3691
2026-03-11 18:45:00,5177.108,5177.758,5169.938,5172.205,4133
2026-03-11 19:00:00,5172.265,5174.205,5168.998,5172.255,2792
2026-03-11 19:15:00,5172.115,5177.495,5171.535,5176.855,3109
2026-03-11 19:30:00,5176.885,5179.688,5175.888,5179.375,3688
2026-03-11 19:45:00,5179.445,5183.295,5176.605,5182.965,4939
2026-03-11 20:00:00,5182.975,5183.345,5176.425,5177.595,1850
2026-03-11 20:15:00,5177.548,5178.875,5174.825,5177.475,798
2026-03-11 20:30:00,5177.415,5177.815,5175.725,5176.155,680
2026-03-11 20:45:00,5176.115,5178.155,5175.205,5176.115,967
2026-03-11 22:00:00,5178.078,5183.335,5167.691,5174.845,1561
2026-03-11 22:15:00,5175.105,5176.825,5165.185,5169.665,1318
2026-03-11 22:30:00,5169.685,5169.735,5152.988,5158.315,2729
2026-03-11 22:45:00,5158.345,5168.885,5129.175,5138.498,3313
2026-03-11 23:00:00,5138.075,5153.745,5133.645,5151.785,4177
2026-03-11 23:15:00,5151.805,5156.705,5149.965,5155.665,1559
2026-03-11 23:30:00,5155.705,5157.605,5145.695,5146.735,2403
2026-03-11 23:45:00,5146.675,5147.095,5132.765,5134.205,2308
2026-03-12 00:00:00,5134.225,5141.895,5125.185,5138.585,4085
2026-03-12 00:15:00,5138.605,5157.965,5138.605,5152.355,2811
2026-03-12 00:30:00,5152.345,5161.235,5151.045,5153.985,2297
2026-03-12 00:45:00,5153.935,5155.815,5149.905,5152.705,1988
2026-03-12 01:00:00,5152.745,5166.635,5151.598,5156.955,4637
2026-03-12 01:15:00,5157.045,5160.945,5151.155,5157.365,3568
2026-03-12 01:30:00,5157.365,5170.225,5154.505,5169.635,3337
2026-03-12 01:45:00,5169.675,5172.825,5164.135,5168.295,2994
2026-03-12 02:00:00,5168.265,5174.375,5167.115,5173.975,2171
2026-03-12 02:15:00,5173.945,5174.945,5166.858,5167.935,1984
2026-03-12 02:30:00,5167.955,5171.285,5155.395,5157.315,3894
2026-03-12 02:45:00,5157.345,5158.025,5145.525,5150.555,4109
2026-03-12 03:00:00,5150.555,5155.515,5148.325,5153.805,2859
2026-03-12 03:15:00,5153.785,5154.838,5147.005,5151.445,2881
2026-03-12 03:30:00,5151.585,5153.525,5147.635,5152.305,1958
2026-03-12 03:45:00,5152.285,5154.245,5150.995,5152.648,946
2026-03-12 04:00:00,5152.848,5152.995,5149.598,5151.815,724
2026-03-12 04:15:00,5151.865,5153.675,5149.955,5152.315,1024
2026-03-12 04:30:00,5152.285,5152.345,5143.498,5143.685,1737
2026-03-12 04:45:00,5143.715,5146.425,5140.205,5142.275,1400
2026-03-12 05:00:00,5142.365,5148.975,5141.025,5146.045,2147
2026-03-12 05:15:00,5146.085,5148.685,5136.855,5142.675,1986
2026-03-12 05:30:00,5142.715,5154.205,5140.905,5153.185,2688
2026-03-12 05:45:00,5153.205,5157.655,5151.275,5154.365,2105
2026-03-12 06:00:00,5154.345,5157.455,5151.445,5154.245,2283
2026-03-12 06:15:00,5154.275,5157.455,5147.025,5156.218,2298
2026-03-12 06:30:00,5156.238,5169.615,5155.615,5168.405,2823
2026-03-12 06:45:00,5168.375,5170.125,5165.005,5165.885,2745
2026-03-12 07:00:00,5165.905,5170.265,5164.205,5169.955,1605
2026-03-12 07:15:00,5169.925,5170.415,5165.825,5168.885,1625
2026-03-12 07:30:00,5168.865,5179.805,5167.778,5178.675,2231
2026-03-12 07:45:00,5178.695,5185.085,5175.655,5181.858,2097
2026-03-12 08:00:00,5182.225,5189.405,5180.408,5181.265,3065
2026-03-12 08:15:00,5181.258,5184.158,5176.845,5177.245,2631
2026-03-12 08:30:00,5177.205,5181.625,5177.205,5181.055,1697
2026-03-12 08:45:00,5181.435,5182.685,5175.515,5177.955,1647
2026-03-12 09:00:00,5177.965,5181.015,5175.395,5176.335,1733
2026-03-12 09:15:00,5176.275,5181.215,5174.225,5179.875,1867
2026-03-12 09:30:00,5179.945,5187.315,5179.945,5184.455,2236
2026-03-12 09:45:00,5184.435,5190.055,5182.465,5187.955,2040
2026-03-12 10:00:00,5187.925,5191.388,5186.625,5186.818,2240
2026-03-12 10:15:00,5186.635,5186.928,5179.845,5180.125,1677
2026-03-12 10:30:00,5180.495,5182.955,5175.895,5181.755,1953
2026-03-12 10:45:00,5181.735,5183.885,5178.325,5182.085,1807
2026-03-12 11:00:00,5182.145,5183.695,5178.475,5178.595,1216
2026-03-12 11:15:00,5178.565,5179.345,5172.475,5176.125,1685
2026-03-12 11:30:00,5176.285,5180.655,5175.185,5180.575,1682
2026-03-12 11:45:00,5180.605,5181.155,5176.265,5178.835,1755
2026-03-12 12:00:00,5178.855,5180.345,5167.025,5168.495,3598
2026-03-12 12:15:00,5168.385,5172.615,5163.525,5171.825,3072
2026-03-12 12:30:00,5171.795,5176.205,5168.335,5173.815,3165
2026-03-12 12:45:00,5173.785,5185.625,5173.785,5181.215,3110
2026-03-12 13:00:00,5181.015,5185.965,5178.545,5184.195,4499
2026-03-12 13:15:00,5184.335,5184.335,5158.805,5170.975,5826
2026-03-12 13:30:00,5170.955,5170.955,5155.405,5159.065,7448
2026-03-12 13:45:00,5159.005,5159.745,5145.815,5151.025,7131
2026-03-12 14:00:00,5150.945,5163.515,5149.835,5160.825,5702
2026-03-12 14:15:00,5161.085,5163.015,5149.585,5151.875,5649
2026-03-12 14:30:00,5151.845,5153.455,5139.555,5148.645,5847
2026-03-12 14:45:00,5148.615,5153.405,5138.158,5142.675,5891
2026-03-12 15:00:00,5142.565,5144.665,5109.365,5124.665,6898
2026-03-12 15:15:00,5124.605,5132.475,5117.825,5129.005,5550
2026-03-12 15:30:00,5128.808,5134.305,5118.035,5130.765,5677
2026-03-12 15:45:00,5130.925,5135.085,5125.215,5132.115,5548
2026-03-12 16:00:00,5131.938,5134.618,5120.838,5128.375,5794
2026-03-12 16:15:00,5128.335,5137.825,5127.685,5131.448,4507
2026-03-12 16:30:00,5131.448,5137.505,5124.695,5134.805,5204
2026-03-12 16:45:00,5134.785,5135.445,5121.255,5123.225,5792
2026-03-12 17:00:00,5122.905,5129.435,5120.575,5121.355,5106
2026-03-12 17:15:00,5121.325,5122.705,5113.408,5118.625,6270
2026-03-12 17:30:00,5118.795,5119.845,5104.775,5110.275,5559
2026-03-12 17:45:00,5110.295,5112.135,5102.395,5105.185,4524
2026-03-12 18:00:00,5105.085,5112.595,5104.755,5107.015,4765
2026-03-12 18:15:00,5106.925,5110.345,5100.915,5104.138,4387
2026-03-12 18:30:00,5104.118,5104.118,5098.518,5098.518,4882
2026-03-12 18:45:00,5098.428,5099.335,5090.615,5094.335,4733
2026-03-12 19:00:00,5094.215,5094.74,5079.125,5084.675,5242
2026-03-12 19:15:00,5084.715,5095.405,5080.805,5093.405,4056
2026-03-12 19:30:00,5093.295,5096.665,5090.265,5091.585,3579
2026-03-12 19:45:00,5091.785,5096.105,5081.085,5084.595,5805
2026-03-12 20:00:00,5084.725,5090.415,5083.355,5085.005,1748
2026-03-12 20:15:00,5085.045,5088.725,5071.185,5071.745,3050
2026-03-12 20:30:00,5071.745,5072.805,5054.795,5072.195,4284
2026-03-12 20:45:00,5072.175,5081.195,5071.795,5079.055,2058
2026-03-12 22:00:00,5078.818,5086.045,5070.645,5081.465,2637
2026-03-12 22:15:00,5081.495,5095.065,5080.685,5092.395,2243
2026-03-12 22:30:00,5092.375,5092.375,5085.185,5089.215,1229
2026-03-12 22:45:00,5089.265,5095.498,5084.611,5095.298,1158
2026-03-12 23:00:00,5094.585,5095.498,5088.365,5090.285,1804
2026-03-12 23:15:00,5090.305,5099.095,5090.175,5093.875,1442
2026-03-12 23:30:00,5093.805,5098.065,5091.615,5094.375,1869
2026-03-12 23:45:00,5094.395,5101.015,5094.245,5097.775,1272
2026-03-13 00:00:00,5097.725,5107.908,5097.245,5105.695,1957
2026-03-13 00:15:00,5105.665,5108.135,5103.935,5106.155,1440
2026-03-13 00:30:00,5106.135,5110.295,5105.815,5107.655,1482
2026-03-13 00:45:00,5107.615,5115.125,5106.995,5113.515,1799
2026-03-13 01:00:00,5113.485,5120.805,5113.165,5119.385,3599
2026-03-13 01:15:00,5119.575,5120.615,5113.915,5118.815,2951
2026-03-13 01:30:00,5118.815,5121.625,5111.465,5111.975,3530
2026-03-13 01:45:00,5111.995,5124.485,5108.575,5124.085,3762
2026-03-13 02:00:00,5124.155,5128.225,5122.515,5122.995,2742
2026-03-13 02:15:00,5122.925,5122.925,5114.695,5121.285,1798
2026-03-13 02:30:00,5121.225,5121.545,5115.385,5117.695,1647
2026-03-13 02:45:00,5117.845,5118.345,5110.225,5111.865,2103
2026-03-13 03:00:00,5111.795,5115.725,5108.935,5110.485,2807
2026-03-13 03:15:00,5110.545,5113.885,5108.075,5110.205,2239
2026-03-13 03:30:00,5110.185,5112.235,5106.015,5110.635,1342
2026-03-13 03:45:00,5110.675,5116.515,5110.235,5115.435,1223
2026-03-13 04:00:00,5115.435,5117.755,5112.275,5114.025,1053
2026-03-13 04:15:00,5114.065,5114.145,5103.455,5105.255,1322
2026-03-13 04:30:00,5105.335,5106.905,5102.365,5104.075,1087
2026-03-13 04:45:00,5104.095,5106.585,5102.795,5104.025,1008
2026-03-13 05:00:00,5104.045,5109.295,5102.298,5108.925,1149
2026-03-13 05:15:00,5108.895,5110.025,5104.615,5105.795,1124
2026-03-13 05:30:00,5105.725,5111.115,5099.565,5100.385,3063
2026-03-13 05:45:00,5100.435,5105.385,5097.775,5102.605,3728
2026-03-13 06:00:00,5102.808,5107.655,5101.198,5103.775,3301
2026-03-13 06:15:00,5103.605,5103.975,5088.515,5095.535,3942
2026-03-13 06:30:00,5095.565,5098.145,5087.585,5091.415,3490
2026-03-13 06:45:00,5091.465,5094.525,5085.455,5088.035,3810
2026-03-13 07:00:00,5088.015,5094.025,5083.545,5089.955,3005
2026-03-13 07:15:00,5090.015,5090.155,5071.455,5084.645,3379
2026-03-13 07:30:00,5084.595,5092.835,5083.465,5089.225,2274
2026-03-13 07:45:00,5088.885,5092.455,5082.065,5085.025,2420
2026-03-13 08:00:00,5084.705,5084.725,5066.375,5077.875,4078
2026-03-13 08:15:00,5077.785,5078.925,5061.285,5070.535,3498
2026-03-13 08:30:00,5070.575,5084.205,5070.235,5075.845,2818
2026-03-13 08:45:00,5075.785,5087.765,5075.615,5087.155,2517
2026-03-13 09:00:00,5087.125,5096.945,5085.635,5092.215,3009
2026-03-13 09:15:00,5092.185,5092.965,5083.948,5091.545,2481
2026-03-13 09:30:00,5091.595,5092.505,5082.945,5085.385,1945
2026-03-13 09:45:00,5085.405,5094.035,5084.795,5089.275,1879
2026-03-13 10:00:00,5089.345,5093.395,5085.508,5093.195,2067
2026-03-13 10:15:00,5093.215,5096.465,5088.475,5089.065,1816
2026-03-13 10:30:00,5089.035,5089.235,5079.658,5087.485,2069
2026-03-13 10:45:00,5087.505,5098.105,5084.205,5094.625,2506
2026-03-13 11:00:00,5094.595,5097.435,5085.958,5090.325,2695
2026-03-13 11:15:00,5090.285,5097.145,5088.875,5095.235,1984
2026-03-13 11:30:00,5095.265,5096.465,5091.805,5094.695,1947
2026-03-13 11:45:00,5094.835,5107.645,5091.915,5107.605,2494
2026-03-13 12:00:00,5107.345,5118.725,5107.125,5108.255,3973
2026-03-13 12:15:00,5108.285,5115.225,5104.135,5113.565,2843
2026-03-13 12:30:00,5113.495,5116.195,5107.845,5111.925,3785
2026-03-13 12:45:00,5111.965,5121.645,5110.685,5118.095,3866
2026-03-13 13:00:00,5118.115,5121.185,5109.965,5112.605,4799
2026-03-13 13:15:00,5112.625,5115.445,5107.155,5108.565,3376
2026-03-13 13:30:00,5108.455,5112.305,5096.355,5111.975,6141
2026-03-13 13:45:00,5112.005,5116.695,5099.145,5101.485,5021
2026-03-13 14:00:00,5100.608,5107.845,5090.635,5090.635,6103
2026-03-13 14:15:00,5090.095,5094.315,5082.595,5089.045,6133
2026-03-13 14:30:00,5089.015,5091.695,5074.876,5079.235,6348
2026-03-13 14:45:00,5079.205,5079.205,5035.515,5041.315,7924
2026-03-13 15:00:00,5041.335,5071.075,5038.075,5068.855,7150
2026-03-13 15:15:00,5068.775,5071.225,5056.755,5062.995,5878
2026-03-13 15:30:00,5062.915,5068.125,5041.575,5046.475,6299
2026-03-13 15:45:00,5046.435,5057.185,5031.355,5034.535,7056
2026-03-13 16:00:00,5033.945,5040.495,5018.865,5031.695,7317
2026-03-13 16:15:00,5031.498,5041.358,5030.128,5040.618,6557
2026-03-13 16:30:00,5040.555,5052.725,5039.798,5044.085,5854
2026-03-13 16:45:00,5044.208,5051.515,5041.335,5045.755,5298
2026-03-13 17:00:00,5045.725,5056.795,5043.245,5056.795,4940
2026-03-13 17:15:00,5056.855,5062.005,5052.005,5056.285,5821
2026-03-13 17:30:00,5056.235,5063.665,5050.985,5053.415,4716
2026-03-13 17:45:00,5053.335,5055.205,5043.255,5046.165,4558
2026-03-13 18:00:00,5046.205,5051.635,5040.435,5042.235,4105
2026-03-13 18:15:00,5042.265,5046.075,5035.925,5041.675,4106
2026-03-13 18:30:00,5041.258,5049.195,5040.305,5043.885,3095
2026-03-13 18:45:00,5043.825,5046.345,5040.965,5046.285,2671
2026-03-13 19:00:00,5046.335,5049.665,5033.735,5039.735,3354
2026-03-13 19:15:00,5039.785,5040.295,5032.145,5034.885,3367
2026-03-13 19:30:00,5034.935,5036.755,5022.915,5025.075,3937
2026-03-13 19:45:00,5025.095,5025.625,5009.495,5016.078,6493
2026-03-13 20:00:00,5016.425,5020.945,5012.165,5016.465,2270
2026-03-13 20:15:00,5016.405,5021.325,5012.155,5013.825,1793
2026-03-13 20:30:00,5013.785,5025.048,5012.875,5024.418,1848
2026-03-13 20:45:00,5024.418,5024.418,5013.335,5018.098,3092
2026-03-16 00:00:00,4997.275,5028.445,4996.425,5022.265,6244
2026-03-16 00:15:00,5022.285,5023.405,5014.665,5016.435,2951
2026-03-16 00:30:00,5016.535,5030.555,5014.385,5027.475,3168
2026-03-16 00:45:00,5027.505,5029.698,5016.725,5025.415,3714
2026-03-16 01:00:00,5025.435,5026.255,4986.135,4986.205,7736
2026-03-16 01:15:00,4986.235,5005.355,4982.998,4987.725,7472
2026-03-16 01:30:00,4987.705,5004.105,4982.165,5003.755,6744
2026-03-16 01:45:00,5003.855,5016.065,5002.285,5015.705,4807
2026-03-16 02:00:00,5015.675,5018.515,5010.305,5015.105,4300
2026-03-16 02:15:00,5015.145,5018.375,5010.265,5012.555,2540
2026-03-16 02:30:00,5012.575,5014.185,5002.145,5005.725,4357
2026-03-16 02:45:00,5005.825,5008.465,4997.445,5003.295,3982
2026-03-16 03:00:00,5003.345,5006.815,4997.805,4999.185,3056
2026-03-16 03:15:00,4999.165,5011.365,4998.185,5010.905,2893
2026-03-16 03:30:00,5010.925,5018.765,5009.755,5018.545,2029
2026-03-16 03:45:00,5018.625,5020.365,5015.755,5018.925,1400
2026-03-16 04:00:00,5018.945,5025.835,5018.835,5023.848,1697
2026-03-16 04:15:00,5023.918,5026.045,5020.418,5021.325,1439
2026-03-16 04:30:00,5021.255,5024.575,5014.265,5016.765,1442
2026-03-16 04:45:00,5016.735,5016.825,5012.105,5012.425,953
2026-03-16 05:00:00,5012.045,5015.425,5010.905,5012.325,1606
2026-03-16 05:15:00,5012.245,5012.945,5007.605,5010.645,1607
2026-03-16 05:30:00,5010.249,5017.145,5002.915,5016.035,3239
2026-03-16 05:45:00,5016.135,5019.845,5015.075,5017.355,2613
2026-03-16 06:00:00,5017.395,5027.455,5012.815,5027.045,3178
2026-03-16 06:15:00,5027.075,5035.885,5025.305,5027.475,3588
2026-03-16 06:30:00,5027.495,5029.225,5020.615,5022.355,2745
2026-03-16 06:45:00,5022.305,5022.865,5005.045,5011.925,4239
2026-03-16 07:00:00,5011.965,5016.285,5009.475,5009.735,2528
2026-03-16 07:15:00,5009.765,5009.765,4998.075,5002.225,3715
2026-03-16 07:30:00,5002.175,5007.105,4991.518,4992.535,3921
2026-03-16 07:45:00,4992.575,4999.925,4992.565,4995.395,2509
2026-03-16 08:00:00,4995.395,5000.108,4988.335,4988.555,4399
2026-03-16 08:15:00,4988.575,5003.275,4987.675,4996.825,4404
2026-03-16 08:30:00,4996.795,4998.325,4984.665,4987.065,3507
2026-03-16 08:45:00,4987.045,4997.605,4985.525,4990.875,2698
2026-03-16 09:00:00,4990.845,4991.255,4979.675,4985.145,3449
2026-03-16 09:15:00,4985.145,4990.565,4983.518,4988.755,2464
2026-03-16 09:30:00,4988.705,4991.465,4980.955,4981.295,2676
2026-03-16 09:45:00,4981.235,4985.195,4972.175,4975.195,3243
2026-03-16 10:00:00,4975.175,4980.045,4970.115,4976.525,3186
2026-03-16 10:15:00,4976.485,4991.035,4976.265,4986.465,3135
2026-03-16 10:30:00,4986.505,4987.965,4980.185,4985.435,2658
2026-03-16 10:45:00,4985.405,4999.225,4983.815,4998.495,2911
2026-03-16 11:00:00,4998.425,5006.175,4995.345,5002.145,2758
2026-03-16 11:15:00,5002.625,5022.485,5002.255,5019.035,3563
2026-03-16 11:30:00,5018.975,5019.835,5013.665,5015.495,2261
2026-03-16 11:45:00,5015.475,5018.045,4992.455,4996.845,3845
2026-03-16 12:00:00,4996.965,5006.455,4994.175,5005.325,3120
2026-03-16 12:15:00,5005.305,5024.645,5002.565,5022.128,4736
2026-03-16 12:30:00,5022.128,5024.795,5018.755,5021.705,3629
2026-03-16 12:45:00,5021.735,5022.105,5011.818,5019.675,3133
2026-03-16 13:00:00,5019.735,5023.455,5013.525,5021.958,3807
2026-03-16 13:15:00,5022.228,5030.065,5018.255,5021.315,4112
2026-03-16 13:30:00,5021.295,5034.345,5018.005,5031.205,6997
2026-03-16 13:45:00,5031.058,5033.325,5022.825,5029.625,6620
2026-03-16 14:00:00,5029.575,5037.715,5026.758,5027.955,5855
2026-03-16 14:15:00,5027.985,5029.765,5014.495,5014.635,6018
2026-03-16 14:30:00,5014.595,5015.025,5000.128,5000.755,5743
2026-03-16 14:45:00,5000.825,5002.185,4987.715,4995.745,6182
2026-03-16 15:00:00,4995.785,5002.135,4990.015,4998.295,5801
2026-03-16 15:15:00,4998.315,5005.585,4983.845,4991.705,4801
2026-03-16 15:30:00,4991.815,5003.225,4990.315,4996.465,3664
2026-03-16 15:45:00,4996.545,4999.015,4983.625,4986.875,4367
2026-03-16 16:00:00,4986.875,4998.665,4985.245,4996.255,4946
2026-03-16 16:15:00,4996.075,4997.945,4977.905,4979.605,5357
2026-03-16 16:30:00,4979.625,4989.425,4973.785,4986.875,5161
2026-03-16 16:45:00,4986.895,4992.735,4982.738,4990.475,4556
2026-03-16 17:00:00,4990.485,5003.705,4990.125,5001.805,4182
2026-03-16 17:15:00,5001.825,5002.805,4994.525,4995.835,4406
2026-03-16 17:30:00,4995.815,4996.355,4985.545,4987.515,4100
2026-03-16 17:45:00,4987.485,4992.695,4983.775,4991.105,3280
2026-03-16 18:00:00,4991.135,5000.705,4989.795,4998.705,3933
2026-03-16 18:15:00,4998.765,5007.905,4996.985,5006.125,3579
2026-03-16 18:30:00,5006.085,5015.575,5005.055,5014.465,5025
2026-03-16 18:45:00,5014.495,5017.725,5011.615,5012.555,3317
2026-03-16 19:00:00,5012.575,5020.095,5008.635,5011.475,4047
2026-03-16 19:15:00,5011.478,5015.375,5009.385,5010.288,4219
2026-03-16 19:30:00,5010.135,5014.485,5007.915,5009.978,3508
2026-03-16 19:45:00,5010.075,5015.828,5008.278,5012.605,4661
2026-03-16 20:00:00,5012.608,5021.575,5007.835,5016.655,1770
2026-03-16 20:15:00,5016.685,5017.525,5013.935,5014.025,897
2026-03-16 20:30:00,5014.025,5014.025,5007.515,5008.675,1133
2026-03-16 20:45:00,5008.695,5010.145,5004.265,5004.535,1511
2026-03-16 22:00:00,5005.098,5015.875,5000.445,5003.765,2008
2026-03-16 22:15:00,5003.785,5008.005,4998.485,5001.645,1513
2026-03-16 22:30:00,5001.685,5004.735,4998.375,5001.555,2149
2026-03-16 22:45:00,5001.545,5006.175,4999.988,5001.818,1601
2026-03-16 23:00:00,5001.465,5006.205,5001.335,5005.875,1508
2026-03-16 23:15:00,5005.925,5009.805,5005.205,5009.255,775
2026-03-16 23:30:00,5009.305,5014.095,5008.295,5008.295,1293
2026-03-16 23:45:00,5008.275,5015.335,5006.655,5012.645,1377
2026-03-17 00:00:00,5012.575,5013.855,5002.205,5006.465,2240
2026-03-17 00:15:00,5006.425,5010.435,4999.915,5003.255,1769
2026-03-17 00:30:00,5003.295,5007.025,4998.175,5001.585,1669
2026-03-17 00:45:00,5001.615,5006.025,4998.035,5002.685,3073
2026-03-17 01:00:00,5002.385,5012.265,4994.605,5009.925,4733
2026-03-17 01:15:00,5009.905,5014.535,5007.215,5013.285,3186
2026-03-17 01:30:00,5013.335,5019.505,5010.975,5017.575,3007
2026-03-17 01:45:00,5017.535,5027.885,5016.575,5027.765,3338
2026-03-17 02:00:00,5027.695,5029.335,5020.645,5021.265,2689
2026-03-17 02:15:00,5021.275,5025.305,5019.595,5025.165,1696
2026-03-17 02:30:00,5025.205,5029.155,5021.818,5028.865,2375
2026-03-17 02:45:00,5028.895,5029.235,5021.385,5022.265,2393
2026-03-17 03:00:00,5022.155,5025.485,5020.375,5022.515,1821
2026-03-17 03:15:00,5022.495,5032.595,5022.195,5032.335,2037
2026-03-17 03:30:00,5032.435,5033.445,5027.285,5028.505,1789
2026-03-17 03:45:00,5028.485,5029.835,5025.698,5027.265,1292
2026-03-17 04:00:00,5027.215,5030.295,5025.995,5028.935,1203
2026-03-17 04:15:00,5028.915,5032.715,5026.228,5032.325,1353
2026-03-17 04:30:00,5032.345,5041.725,5032.015,5039.505,2687
2026-03-17 04:45:00,5039.545,5041.625,5036.648,5037.705,2726
2026-03-17 05:00:00,5037.675,5040.705,5032.175,5040.355,1975
2026-03-17 05:15:00,5040.425,5044.355,5033.125,5035.085,2119
2026-03-17 05:30:00,5035.055,5039.305,5031.225,5031.865,2776
2026-03-17 05:45:00,5031.935,5033.115,5019.915,5020.525,3499
2026-03-17 06:00:00,5020.575,5022.595,5006.505,5012.585,4540
2026-03-17 06:15:00,5012.565,5013.925,5004.685,5011.735,3446
2026-03-17 06:30:00,5011.605,5016.945,5009.945,5014.775,2496
2026-03-17 06:45:00,5014.795,5015.475,5008.185,5009.735,2156
2026-03-17 07:00:00,5009.825,5016.775,5009.195,5014.125,2229
2026-03-17 07:15:00,5014.105,5018.535,5008.735,5015.735,1662
2026-03-17 07:30:00,5015.755,5027.785,5015.665,5022.935,2151
2026-03-17 07:45:00,5022.935,5025.165,5016.915,5020.955,1691
2026-03-17 08:00:00,5021.425,5025.915,5018.705,5021.785,2688
2026-03-17 08:15:00,5021.755,5029.375,5018.695,5020.885,2636
2026-03-17 08:30:00,5020.925,5025.065,5018.795,5021.865,2004
2026-03-17 08:45:00,5021.845,5025.355,5018.225,5024.665,2222
2026-03-17 09:00:00,5024.685,5025.865,5013.165,5013.645,2556
2026-03-17 09:15:00,5013.615,5019.505,5012.598,5017.335,2338
2026-03-17 09:30:00,5017.395,5018.025,5010.905,5014.135,1974
2026-03-17 09:45:00,5014.095,5015.625,5009.775,5010.295,1621
2026-03-17 10:00:00,5010.098,5016.315,5000.825,5003.815,2844
2026-03-17 10:15:00,5004.065,5008.935,5001.438,5003.515,2218
2026-03-17 10:30:00,5003.625,5009.295,4991.735,4999.105,3117
2026-03-17 10:45:00,4999.035,5004.465,4995.908,5000.105,2360
2026-03-17 11:00:00,5000.025,5005.775,4996.595,5004.725,2258
2026-03-17 11:15:00,5004.675,5009.745,5004.675,5006.865,1950
2026-03-17 11:30:00,5006.975,5009.665,5003.915,5009.125,1871
2026-03-17 11:45:00,5009.255,5011.245,5001.675,5003.015,2069
2026-03-17 12:00:00,5002.995,5010.105,4999.095,5007.985,3075
2026-03-17 12:15:00,5007.988,5020.555,5007.988,5019.855,3380
2026-03-17 12:30:00,5019.855,5023.725,5015.915,5017.505,3752
2026-03-17 12:45:00,5017.555,5017.555,5009.395,5011.415,2827
2026-03-17 13:00:00,5011.395,5018.015,5009.915,5016.505,4039
2026-03-17 13:15:00,5016.475,5019.335,5010.285,5012.655,3191
2026-03-17 13:30:00,5012.625,5031.215,5010.925,5026.805,6236
2026-03-17 13:45:00,5026.875,5027.475,5005.345,5016.378,5758
2026-03-17 14:00:00,5016.605,5020.395,5009.295,5017.935,6146
2026-03-17 14:15:00,5018.005,5018.125,5006.555,5008.005,5889
2026-03-17 14:30:00,5008.085,5014.265,5002.735,5013.265,4920
2026-03-17 14:45:00,5013.285,5019.225,5006.895,5007.495,4094
2026-03-17 15:00:00,5007.265,5017.255,5005.965,5008.155,4527
2026-03-17 15:15:00,5008.175,5014.655,4993.525,4994.605,4745
2026-03-17 15:30:00,4994.485,5000.475,4973.495,4984.225,6695
2026-03-17 15:45:00,4984.315,4998.935,4983.565,4997.705,4994
2026-03-17 16:00:00,4997.738,4999.225,4991.355,4994.205,5336
2026-03-17 16:15:00,4994.315,5005.265,4992.788,5003.795,4701
2026-03-17 16:30:00,5003.825,5005.735,4999.495,5002.005,4281
2026-03-17 16:45:00,5002.085,5003.398,4997.258,5001.675,4385
2026-03-17 17:00:00,5001.695,5006.295,5001.045,5003.125,3722
2026-03-17 17:15:00,5003.155,5008.595,5001.035,5002.495,3996
2026-03-17 17:30:00,5002.465,5006.285,4997.405,4997.535,3057
2026-03-17 17:45:00,4997.575,5003.335,4996.295,5002.235,2461
2026-03-17 18:00:00,5002.195,5007.645,5000.525,5006.145,2677
2026-03-17 18:15:00,5006.165,5008.845,5003.695,5003.785,2775
2026-03-17 18:30:00,5003.825,5004.405,4999.595,5003.225,2732
2026-03-17 18:45:00,5003.275,5008.145,5002.585,5003.575,2719
2026-03-17 19:00:00,5003.555,5005.485,5000.165,5001.495,2497
2026-03-17 19:15:00,5001.525,5002.415,4997.965,4999.488,2864
2026-03-17 19:30:00,4999.655,5003.565,4996.175,5001.815,3659
2026-03-17 19:45:00,5001.815,5003.145,4997.908,5000.055,5456
2026-03-17 20:00:00,5000.105,5006.285,4999.605,5003.478,1296
2026-03-17 20:15:00,5003.455,5004.688,5001.958,5003.735,863
2026-03-17 20:30:00,5003.735,5005.045,5002.695,5003.738,1217
2026-03-17 20:45:00,5003.738,5006.685,5001.275,5006.505,1164
2026-03-17 22:00:00,5004.865,5005.505,4997.295,5002.465,967
2026-03-17 22:15:00,5002.495,5004.815,4999.978,5001.705,631
2026-03-17 22:30:00,5001.795,5001.795,4995.205,4996.205,883
2026-03-17 22:45:00,4996.175,5003.245,4993.015,4999.095,1308
2026-03-17 23:00:00,4999.035,5002.098,4998.498,4998.955,900
2026-03-17 23:15:00,4998.925,5001.315,4998.815,4999.915,659
2026-03-17 23:30:00,4999.965,5003.485,4999.725,5001.935,635
2026-03-17 23:45:00,5001.895,5002.855,5001.065,5002.695,772
2026-03-18 00:00:00,5002.705,5012.215,5000.998,5009.605,2315
2026-03-18 00:15:00,5009.705,5011.755,5002.495,5002.605,1517
2026-03-18 00:30:00,5002.635,5004.495,4999.898,5004.235,1728
2026-03-18 00:45:00,5004.215,5007.955,5000.988,5004.085,1726
2026-03-18 01:00:00,5004.045,5015.505,4997.685,5011.365,4074
2026-03-18 01:15:00,5011.365,5015.675,5007.575,5007.738,2181
2026-03-18 01:30:00,5007.718,5009.285,5001.225,5001.635,3867
2026-03-18 01:45:00,5001.605,5001.685,4991.035,4998.485,4100
2026-03-18 02:00:00,4998.515,5002.095,4996.205,4999.505,2522
2026-03-18 02:15:00,4999.545,5006.745,4998.805,5001.895,1635
2026-03-18 02:30:00,5001.865,5003.525,4999.715,5001.015,2150
2026-03-18 02:45:00,5000.995,5003.835,4989.995,4991.575,3287
2026-03-18 03:00:00,4991.565,4996.005,4985.845,4993.825,3694
2026-03-18 03:15:00,4994.005,4996.625,4993.425,4995.935,1928
2026-03-18 03:30:00,4995.975,4997.345,4993.578,4994.448,1503
2026-03-18 03:45:00,4994.438,4995.005,4989.465,4990.965,1720
2026-03-18 04:00:00,4991.005,4992.675,4989.285,4990.315,1171
2026-03-18 04:15:00,4990.295,4993.325,4990.255,4990.405,869
2026-03-18 04:30:00,4990.375,4990.875,4981.425,4984.195,2076
2026-03-18 04:45:00,4984.165,4986.905,4982.085,4986.725,1423
2026-03-18 05:00:00,4986.675,4991.795,4984.435,4989.875,1505
2026-03-18 05:15:00,4989.675,4992.285,4985.185,4990.805,1578
2026-03-18 05:30:00,4990.835,5001.185,4987.435,4998.898,3270
2026-03-18 05:45:00,4998.778,5002.265,4994.295,4997.445,2519
2026-03-18 06:00:00,4997.465,5009.045,4995.978,5009.015,3011
2026-03-18 06:15:00,5008.985,5010.595,5006.525,5008.445,3007
2026-03-18 06:30:00,5008.495,5016.065,5008.075,5010.945,2607
2026-03-18 06:45:00,5010.905,5014.455,5008.318,5009.105,2075
2026-03-18 07:00:00,5009.075,5014.625,5009.075,5009.485,1474
2026-03-18 07:15:00,5009.465,5009.725,5005.955,5008.955,1333
2026-03-18 07:30:00,5009.225,5009.535,5001.038,5001.665,1228
2026-03-18 07:45:00,5001.615,5001.995,4989.119,4994.209,2882
2026-03-18 08:00:00,4994.259,4996.139,4985.059,4992.119,2988
2026-03-18 08:15:00,4991.939,4994.769,4981.049,4988.439,3405
2026-03-18 08:30:00,4988.349,4991.229,4981.849,4984.179,2729
2026-03-18 08:45:00,4983.919,4989.599,4975.429,4986.609,3079
2026-03-18 09:00:00,4986.649,4990.109,4984.959,4985.469,2563
2026-03-18 09:15:00,4985.559,4993.649,4983.779,4991.689,2371
2026-03-18 09:30:00,4991.619,4995.545,4989.939,4992.945,1687
2026-03-18 09:45:00,4993.135,4994.875,4990.595,4991.955,1391
2026-03-18 10:00:00,4991.985,4992.035,4986.905,4988.725,1874
2026-03-18 10:15:00,4988.755,4990.905,4980.645,4982.315,2294
2026-03-18 10:30:00,4982.295,4987.465,4959.935,4977.795,3960
2026-03-18 10:45:00,4977.278,4980.055,4958.575,4967.625,3043
2026-03-18 11:00:00,4967.605,4970.305,4950.165,4969.975,3982
2026-03-18 11:15:00,4970.055,4973.725,4946.205,4948.215,3804
2026-03-18 11:30:00,4948.125,4961.755,4934.405,4938.975,5518
2026-03-18 11:45:00,4938.835,4945.065,4924.575,4930.055,5322
2026-03-18 12:00:00,4930.085,4932.345,4905.045,4908.005,6308
2026-03-18 12:15:00,4907.938,4912.235,4895.465,4901.235,7271
2026-03-18 12:30:00,4901.365,4901.495,4873.825,4878.075,8526
2026-03-18 12:45:00,4878.105,4891.455,4870.365,4881.315,7376
2026-03-18 13:00:00,4881.245,4881.245,4849.335,4858.445,8493
2026-03-18 13:15:00,4858.475,4865.585,4833.865,4861.285,8081
2026-03-18 13:30:00,4861.335,4885.305,4850.225,4872.945,9568
2026-03-18 13:45:00,4873.135,4880.245,4860.418,4877.875,8434
2026-03-18 14:00:00,4877.875,4894.355,4871.798,4880.625,9078
2026-03-18 14:15:00,4880.625,4883.095,4858.815,4860.705,8908
2026-03-18 14:30:00,4860.655,4865.015,4856.298,4860.905,7218
2026-03-18 14:45:00,4860.905,4872.305,4860.535,4869.265,6980
2026-03-18 15:00:00,4869.495,4878.035,4865.475,4875.095,6966
2026-03-18 15:15:00,4875.145,4879.775,4866.695,4871.698,6507
2026-03-18 15:30:00,4871.738,4875.185,4863.935,4864.205,4746
2026-03-18 15:45:00,4864.165,4866.365,4860.825,4862.185,5370
2026-03-18 16:00:00,4862.165,4879.165,4860.668,4877.885,5354
2026-03-18 16:15:00,4877.865,4883.035,4873.735,4882.185,4055
2026-03-18 16:30:00,4882.215,4882.665,4873.105,4882.505,4559
2026-03-18 16:45:00,4882.465,4890.265,4879.755,4886.615,4347
2026-03-18 17:00:00,4886.695,4889.875,4883.745,4886.895,3419
2026-03-18 17:15:00,4887.165,4897.895,4885.305,4890.865,4067
2026-03-18 17:30:00,4890.805,4898.795,4887.055,4894.375,3367
2026-03-18 17:45:00,4893.975,4895.675,4888.655,4889.545,3203
2026-03-18 18:00:00,4889.485,4899.085,4880.715,4887.355,6119
2026-03-18 18:15:00,4887.295,4889.415,4876.555,4885.455,5277
2026-03-18 18:30:00,4885.695,4887.855,4872.305,4878.295,6994
2026-03-18 18:45:00,4878.205,4878.585,4852.185,4852.815,6347
2026-03-18 19:00:00,4852.775,4861.095,4843.355,4856.895,6728
2026-03-18 19:15:00,4856.915,4865.095,4843.605,4848.985,5755
2026-03-18 19:30:00,4848.585,4859.985,4846.025,4850.455,5160
2026-03-18 19:45:00,4850.425,4851.125,4838.295,4842.935,6433
2026-03-18 20:00:00,4842.575,4848.535,4823.685,4825.615,3176
2026-03-18 20:15:00,4825.605,4828.265,4808.695,4811.095,4476
2026-03-18 20:30:00,4811.035,4821.188,4806.675,4820.795,3500
2026-03-18 20:45:00,4820.945,4826.655,4816.445,4818.255,2463
2026-03-18 22:00:00,4823.598,4836.675,4814.968,4818.095,4351
2026-03-18 22:15:00,4818.195,4825.465,4803.845,4815.485,5038
2026-03-18 22:30:00,4815.235,4829.305,4808.545,4827.895,3421
2026-03-18 22:45:00,4827.815,4838.825,4825.895,4833.998,3180
2026-03-18 23:00:00,4833.845,4836.575,4827.685,4834.175,3624
2026-03-18 23:15:00,4834.205,4840.665,4828.085,4836.655,2316
2026-03-18 23:30:00,4836.625,4842.245,4833.785,4833.905,1998
2026-03-18 23:45:00,4833.835,4838.075,4829.645,4836.505,2821
2026-03-19 00:00:00,4836.495,4847.855,4835.155,4843.185,3075
2026-03-19 00:15:00,4843.225,4844.215,4836.495,4842.165,2887
2026-03-19 00:30:00,4842.145,4848.465,4838.065,4840.645,3016
2026-03-19 00:45:00,4840.665,4845.935,4837.585,4841.095,2595
2026-03-19 01:00:00,4841.115,4853.325,4832.745,4837.815,5835
2026-03-19 01:15:00,4837.865,4845.635,4833.605,4845.355,3571
2026-03-19 01:30:00,4845.375,4866.995,4842.745,4865.515,4498
2026-03-19 01:45:00,4865.555,4865.555,4848.885,4849.585,2981
2026-03-19 02:00:00,4849.545,4851.515,4841.158,4849.165,3739
2026-03-19 02:15:00,4849.265,4858.115,4847.945,4857.035,1927
2026-03-19 02:30:00,4857.015,4861.295,4853.675,4861.025,3065
2026-03-19 02:45:00,4861.045,4861.825,4853.225,4858.505,2938
2026-03-19 03:00:00,4858.435,4864.715,4854.575,4864.045,2500
2026-03-19 03:15:00,4863.985,4865.618,4856.475,4859.755,2148
2026-03-19 03:30:00,4859.885,4860.055,4852.035,4856.005,1559
2026-03-19 03:45:00,4856.025,4857.035,4850.388,4850.605,1629
2026-03-19 04:00:00,4850.515,4851.575,4847.235,4850.945,1416
2026-03-19 04:15:00,4850.915,4853.565,4849.655,4850.235,1051
2026-03-19 04:30:00,4850.215,4852.646,4848.045,4849.225,1286
2026-03-19 04:45:00,4849.205,4850.075,4845.465,4849.495,1558
2026-03-19 05:00:00,4849.595,4853.555,4846.315,4850.295,2086
2026-03-19 05:15:00,4850.315,4853.635,4846.225,4846.415,1501
2026-03-19 05:30:00,4846.475,4846.485,4832.128,4833.485,4983
2026-03-19 05:45:00,4833.505,4840.005,4826.675,4827.345,3826
2026-03-19 06:00:00,4827.275,4842.265,4827.195,4832.965,4381
2026-03-19 06:15:00,4832.895,4833.555,4812.935,4813.555,5495
2026-03-19 06:30:00,4813.535,4819.795,4779.915,4785.758,7239
2026-03-19 06:45:00,4785.778,4788.178,4747.505,4763.385,8752
2026-03-19 07:00:00,4763.475,4784.275,4762.585,4777.915,6243
2026-03-19 07:15:00,4777.975,4781.865,4756.865,4770.635,4981
2026-03-19 07:30:00,4770.555,4771.3,4735.535,4739.375,4573
2026-03-19 07:45:00,4739.355,4754.855,4726.755,4727.635,4759
2026-03-19 08:00:00,4727.525,4740.145,4701.125,4714.475,7151
2026-03-19 08:15:00,4714.545,4736.325,4712.945,4718.725,6348
2026-03-19 08:30:00,4718.695,4722.075,4686.645,4688.135,8495
2026-03-19 08:45:00,4688.235,4719.585,4686.635,4708.985,7525
2026-03-19 09:00:00,4708.835,4720.635,4687.545,4694.665,7368
2026-03-19 09:15:00,4694.635,4722.098,4693.105,4708.835,8222
2026-03-19 09:30:00,4708.855,4725.635,4702.395,4704.795,7706
2026-03-19 09:45:00,4704.765,4716.715,4695.558,4698.855,7544
2026-03-19 10:00:00,4698.825,4719.388,4697.685,4704.215,5559
2026-03-19 10:15:00,4704.235,4705.335,4670.665,4683.118,6649
2026-03-19 10:30:00,4683.108,4700.455,4673.655,4683.135,6446
2026-03-19 10:45:00,4682.948,4689.105,4666.385,4678.925,6656
2026-03-19 11:00:00,4678.955,4699.158,4678.715,4685.865,6193
2026-03-19 11:15:00,4685.865,4692.128,4676.235,4685.995,5294
2026-03-19 11:30:00,4685.965,4695.505,4658.055,4664.045,6519
2026-03-19 11:45:00,4664.085,4667.875,4650.675,4651.385,6778
2026-03-19 12:00:00,4651.455,4653.785,4609.875,4619.305,8917
2026-03-19 12:15:00,4619.275,4630.375,4602.615,4606.275,8469
2026-03-19 12:30:00,4606.225,4617.615,4559.595,4562.855,9467
2026-03-19 12:45:00,4562.798,4585.645,4530.945,4573.985,10667
2026-03-19 13:00:00,4573.915,4573.915,4502.108,4538.165,11971
2026-03-19 13:15:00,4538.148,4580.825,4522.415,4575.855,11598
2026-03-19 13:30:00,4576.475,4582.855,4545.928,4558.535,12818
2026-03-19 13:45:00,4558.395,4620.975,4538.158,4620.695,11922
2026-03-19 14:00:00,4620.505,4648.825,4618.505,4630.595,11293
2026-03-19 14:15:00,4630.555,4635.355,4584.015,4584.939,10884
2026-03-19 14:30:00,4584.845,4622.035,4581.055,4612.725,10181
2026-03-19 14:45:00,4612.715,4627.705,4597.875,4601.605,9587
2026-03-19 15:00:00,4601.295,4638.445,4593.135,4627.225,9317
2026-03-19 15:15:00,4627.205,4629.175,4596.345,4602.935,9116
2026-03-19 15:30:00,4603.015,4603.015,4570.045,4571.545,8776
2026-03-19 15:45:00,4571.355,4611.265,4566.025,4596.155,9428
2026-03-19 16:00:00,4596.035,4626.295,4592.685,4604.735,8918
2026-03-19 16:15:00,4604.765,4616.885,4593.005,4599.015,9066
2026-03-19 16:30:00,4599.055,4608.055,4583.945,4592.765,7837
2026-03-19 16:45:00,4592.815,4598.465,4576.585,4584.635,7273
2026-03-19 17:00:00,4584.615,4595.965,4573.595,4579.115,7158
2026-03-19 17:15:00,4579.045,4613.495,4573.775,4603.095,8196
2026-03-19 17:30:00,4603.255,4618.545,4599.338,4604.725,7307
2026-03-19 17:45:00,4605.015,4629.555,4604.825,4615.749,6630
2026-03-19 18:00:00,4615.765,4618.885,4600.675,4614.585,6953
2026-03-19 18:15:00,4614.565,4617.345,4604.355,4609.425,6363
2026-03-19 18:30:00,4609.395,4611.075,4595.835,4608.825,5393
2026-03-19 18:45:00,4608.805,4622.935,4604.155,4622.655,4658
2026-03-19 19:00:00,4622.665,4663.215,4622.665,4656.905,10050
2026-03-19 19:15:00,4656.955,4661.645,4632.755,4643.785,9216
2026-03-19 19:30:00,4643.815,4648.985,4632.395,4638.485,7064
2026-03-19 19:45:00,4638.505,4649.725,4631.675,4643.765,7157
2026-03-19 20:00:00,4643.525,4658.115,4642.725,4653.845,3272
2026-03-19 20:15:00,4653.805,4660.465,4649.725,4657.085,2271
2026-03-19 20:30:00,4657.115,4659.365,4653.535,4654.415,1820
2026-03-19 20:45:00,4654.058,4661.695,4648.025,4649.375,2409
2026-03-19 22:00:00,4650.498,4671.555,4649.898,4670.695,2390
2026-03-19 22:15:00,4670.605,4676.865,4660.215,4666.098,3210
2026-03-19 22:30:00,4666.098,4666.098,4645.935,4646.445,2725
2026-03-19 22:45:00,4646.425,4649.935,4635.558,4635.858,3147
2026-03-19 23:00:00,4635.565,4647.208,4635.555,4638.585,3467
2026-03-19 23:15:00,4638.565,4646.795,4638.065,4643.805,1957
2026-03-19 23:30:00,4643.775,4647.745,4633.905,4635.375,2256
2026-03-19 23:45:00,4635.345,4646.565,4635.105,4643.325,2172
2026-03-20 00:00:00,4643.205,4662.725,4642.555,4662.035,2792
2026-03-20 00:15:00,4662.015,4664.815,4641.935,4649.105,3203
2026-03-20 00:30:00,4649.135,4656.535,4644.415,4655.775,2327
2026-03-20 00:45:00,4655.875,4660.435,4646.905,4648.385,2270
2026-03-20 01:00:00,4648.355,4680.175,4639.215,4651.635,8078
2026-03-20 01:15:00,4651.525,4661.895,4648.355,4661.895,6174
2026-03-20 01:30:00,4661.915,4688.585,4660.935,4686.095,5663
2026-03-20 01:45:00,4685.985,4699.185,4672.245,4677.045,5250
2026-03-20 02:00:00,4676.975,4689.115,4670.225,4685.345,4279
2026-03-20 02:15:00,4685.435,4689.945,4680.555,4683.665,2601
2026-03-20 02:30:00,4683.655,4691.155,4679.055,4684.995,3882
2026-03-20 02:45:00,4685.015,4703.415,4682.675,4697.995,4213
2026-03-20 03:00:00,4698.265,4723.245,4692.985,4717.205,5007
2026-03-20 03:15:00,4717.165,4735.835,4716.265,4733.235,5442
2026-03-20 03:30:00,4733.785,4735.555,4727.795,4730.175,2592
2026-03-20 03:45:00,4729.825,4729.945,4721.625,4725.595,2359
2026-03-20 04:00:00,4725.615,4727.265,4716.595,4718.835,1598
2026-03-20 04:15:00,4719.365,4724.195,4718.335,4723.325,2018
2026-03-20 04:30:00,4723.385,4726.855,4718.065,4719.735,1479
2026-03-20 04:45:00,4719.705,4722.715,4715.155,4721.505,1358
2026-03-20 05:00:00,4721.535,4721.805,4710.225,4718.195,2264
2026-03-20 05:15:00,4718.245,4723.315,4717.095,4719.445,1756
2026-03-20 05:30:00,4719.385,4719.895,4701.755,4709.075,4994
2026-03-20 05:45:00,4709.045,4710.195,4685.485,4688.225,5151
2026-03-20 06:00:00,4688.245,4700.785,4684.675,4691.045,4832
2026-03-20 06:15:00,4691.085,4695.625,4679.835,4687.855,4459
2026-03-20 06:30:00,4687.815,4689.465,4661.065,4665.645,5246
2026-03-20 06:45:00,4665.738,4675.525,4662.335,4668.885,4684
2026-03-20 07:00:00,4668.835,4683.915,4667.655,4679.495,4089
2026-03-20 07:15:00,4679.485,4688.375,4676.235,4688.045,2812
2026-03-20 07:30:00,4688.015,4698.015,4685.125,4694.095,2542
2026-03-20 07:45:00,4694.095,4707.665,4694.095,4706.005,2592
2026-03-20 08:00:00,4706.025,4717.495,4701.735,4716.005,3312
2026-03-20 08:15:00,4715.985,4734.645,4715.435,4722.485,3931
2026-03-20 08:30:00,4722.505,4722.585,4699.205,4706.975,4394
2026-03-20 08:45:00,4707.155,4708.005,4684.625,4693.595,4346
2026-03-20 09:00:00,4693.615,4700.255,4684.145,4693.785,3750
2026-03-20 09:15:00,4693.565,4697.295,4684.105,4691.795,2970
2026-03-20 09:30:00,4691.795,4692.335,4670.835,4673.405,3816
2026-03-20 09:45:00,4673.365,4677.235,4659.655,4667.415,4578
2026-03-20 10:00:00,4667.205,4669.815,4650.015,4662.645,5164
2026-03-20 10:15:00,4662.805,4666.425,4645.785,4657.895,4219
2026-03-20 10:30:00,4657.865,4669.925,4649.305,4659.735,4326
2026-03-20 10:45:00,4659.685,4660.215,4637.905,4645.135,4784
2026-03-20 11:00:00,4645.155,4666.325,4636.845,4662.395,5080
2026-03-20 11:15:00,4662.375,4668.365,4658.475,4665.165,3545
2026-03-20 11:30:00,4665.135,4673.935,4661.235,4669.105,3861
2026-03-20 11:45:00,4669.135,4672.215,4657.535,4671.415,3545
2026-03-20 12:00:00,4671.535,4695.295,4671.535,4685.335,6029
2026-03-20 12:15:00,4685.285,4691.935,4677.805,4678.265,5273
2026-03-20 12:30:00,4678.285,4682.045,4661.498,4670.165,6663
2026-03-20 12:45:00,4670.315,4681.515,4665.835,4677.905,4687
2026-03-20 13:00:00,4677.935,4678.922,4653.555,4661.805,7144
2026-03-20 13:15:00,4661.945,4670.205,4655.565,4659.735,6117
2026-03-20 13:30:00,4659.985,4665.458,4636.315,4662.355,10918
2026-03-20 13:45:00,4662.405,4665.145,4612.618,4616.085,11310
2026-03-20 14:00:00,4616.115,4622.415,4585.855,4587.055,10879
2026-03-20 14:15:00,4586.975,4588.395,4550.965,4558.245,11774
2026-03-20 14:30:00,4558.315,4585.205,4557.395,4575.655,11391
2026-03-20 14:45:00,4575.695,4582.185,4547.645,4563.735,9979
2026-03-20 15:00:00,4563.705,4580.095,4559.865,4575.665,9880
2026-03-20 15:15:00,4576.265,4576.455,4540.455,4562.655,10163
2026-03-20 15:30:00,4562.785,4575.625,4556.665,4562.465,8894
2026-03-20 15:45:00,4562.415,4562.605,4544.085,4553.055,8642
2026-03-20 16:00:00,4553.085,4588.275,4551.845,4587.865,9440
2026-03-20 16:15:00,4587.865,4613.575,4583.205,4584.515,9346
2026-03-20 16:30:00,4584.515,4592.238,4570.258,4581.025,9579
2026-03-20 16:45:00,4581.025,4588.175,4567.748,4582.898,8160
2026-03-20 17:00:00,4582.898,4600.315,4572.675,4581.785,9284
2026-03-20 17:15:00,4581.755,4582.765,4568.515,4571.845,8882
2026-03-20 17:30:00,4571.915,4574.295,4554.055,4565.765,8750
2026-03-20 17:45:00,4565.765,4576.895,4562.355,4573.125,6692
2026-03-20 18:00:00,4573.175,4578.205,4560.795,4562.655,6930
2026-03-20 18:15:00,4562.765,4568.085,4536.315,4554.365,9602
2026-03-20 18:30:00,4554.365,4556.945,4524.225,4525.638,8523
2026-03-20 18:45:00,4525.698,4528.988,4477.125,4499.575,9814
2026-03-20 19:00:00,4499.625,4516.055,4485.455,4500.115,9365
2026-03-20 19:15:00,4500.175,4507.815,4485.055,4498.215,9762
2026-03-20 19:30:00,4498.085,4516.475,4492.155,4514.135,8923
2026-03-20 19:45:00,4514.135,4515.765,4496.735,4501.135,9043
2026-03-20 20:00:00,4501.185,4507.025,4493.105,4504.475,4538
2026-03-20 20:15:00,4504.425,4514.118,4500.245,4501.245,5015
2026-03-20 20:30:00,4501.235,4504.195,4496.225,4502.438,4868
2026-03-20 20:45:00,4502.538,4503.818,4487.425,4490.055,4668
2026-03-23 00:00:00,4464.435,4472.975,4425.005,4436.235,7983
2026-03-23 00:15:00,4436.365,4444.855,4403.755,4426.825,7983
2026-03-23 00:30:00,4426.875,4436.475,4328.555,4361.915,10425
2026-03-23 00:45:00,4362.775,4370.565,4318.825,4353.515,10178
2026-03-23 01:00:00,4353.425,4422.455,4328.168,4407.095,12188
2026-03-23 01:15:00,4407.348,4443.258,4406.178,4421.495,10280
2026-03-23 01:30:00,4421.575,4453.865,4415.848,4435.305,10081
2026-03-23 01:45:00,4435.335,4436.485,4380.285,4386.965,9700
2026-03-23 02:00:00,4388.025,4421.715,4382.865,4395.205,9438
2026-03-23 02:15:00,4395.255,4416.695,4393.715,4398.815,6231
2026-03-23 02:30:00,4398.795,4400.665,4369.345,4384.615,9118
2026-03-23 02:45:00,4384.475,4384.475,4354.535,4360.185,8144
2026-03-23 03:00:00,4360.245,4377.655,4347.538,4349.285,7347
2026-03-23 03:15:00,4349.255,4365.175,4346.965,4350.735,6790
2026-03-23 03:30:00,4350.755,4364.495,4334.515,4341.905,5750
2026-03-23 03:45:00,4341.875,4360.175,4337.015,4352.665,4124
2026-03-23 04:00:00,4352.645,4370.635,4352.645,4363.455,4971
2026-03-23 04:15:00,4363.485,4370.525,4361.075,4368.375,3400
2026-03-23 04:30:00,4368.055,4381.625,4359.975,4375.175,4200
2026-03-23 04:45:00,4375.295,4376.495,4349.598,4367.395,5313
2026-03-23 05:00:00,4367.375,4379.795,4365.885,4372.495,4265
2026-03-23 05:15:00,4372.515,4373.885,4351.525,4356.125,4399
2026-03-23 05:30:00,4356.105,4356.105,4319.995,4321.795,9083
2026-03-23 05:45:00,4321.755,4326.375,4301.698,4309.865,8474
2026-03-23 06:00:00,4309.658,4309.955,4269.965,4294.385,9404
2026-03-23 06:15:00,4294.455,4309.785,4238.705,4243.195,9925
2026-03-23 06:30:00,4243.185,4249.175,4181.975,4182.165,11743
2026-03-23 06:45:00,4182.115,4229.648,4162.445,4220.105,12005
2026-03-23 07:00:00,4220.075,4221.575,4125.698,4129.598,12368
2026-03-23 07:15:00,4129.525,4159.625,4098.275,4134.798,12452
2026-03-23 07:30:00,4135.228,4215.445,4128.738,4214.785,11361
2026-03-23 07:45:00,4214.395,4232.235,4185.685,4203.965,10887
2026-03-23 08:00:00,4203.695,4255.315,4202.059,4252.795,11692
2026-03-23 08:15:00,4252.755,4255.915,4211.105,4226.455,10624
2026-03-23 08:30:00,4226.425,4270.385,4222.075,4257.205,9698
2026-03-23 08:45:00,4257.185,4269.525,4219.435,4251.078,9157
2026-03-23 09:00:00,4251.078,4268.995,4245.665,4268.695,8431
2026-03-23 09:15:00,4268.685,4303.725,4267.145,4303.625,8050
2026-03-23 09:30:00,4303.645,4308.225,4224.495,4225.345,10509
2026-03-23 09:45:00,4225.375,4257.045,4223.205,4253.245,8088
2026-03-23 10:00:00,4253.465,4272.035,4243.435,4263.445,7729
2026-03-23 10:15:00,4263.565,4274.445,4256.005,4268.525,6180
2026-03-23 10:30:00,4268.665,4269.045,4240.835,4256.895,6909
2026-03-23 10:45:00,4256.535,4281.615,4249.555,4268.715,8153
2026-03-23 11:00:00,4268.735,4463.015,4268.395,4455.935,11576
2026-03-23 11:15:00,4455.905,4459.915,4353.748,4398.168,11967
2026-03-23 11:30:00,4398.428,4431.425,4382.845,4411.795,10968
2026-03-23 11:45:00,4411.825,4417.045,4361.115,4378.795,11749
2026-03-23 12:00:00,4378.825,4380.168,4336.305,4352.345,11783
2026-03-23 12:15:00,4352.355,4404.725,4352.115,4389.855,11419
2026-03-23 12:30:00,4389.295,4441.535,4373.035,4441.015,11573
2026-03-23 12:45:00,4441.075,4492.185,4433.015,4478.095,11660
2026-03-23 13:00:00,4478.108,4484.905,4430.805,4445.995,12250
2026-03-23 13:15:00,4446.145,4452.145,4405.008,4409.045,10520
2026-03-23 13:30:00,4409.365,4450.305,4400.995,4421.978,12948
2026-03-23 13:45:00,4421.848,4466.315,4419.058,4453.975,12618
2026-03-23 14:00:00,4454.145,4479.135,4453.385,4464.035,11944
2026-03-23 14:15:00,4464.115,4512.665,4460.945,4486.225,11422
2026-03-23 14:30:00,4486.295,4504.145,4470.035,4479.335,11025
2026-03-23 14:45:00,4479.078,4485.905,4456.565,4461.695,11277
2026-03-23 15:00:00,4461.238,4486.765,4454.725,4464.755,11651
2026-03-23 15:15:00,4464.785,4468.195,4426.988,4447.355,10981
2026-03-23 15:30:00,4446.925,4455.775,4405.665,4407.605,11464
2026-03-23 15:45:00,4407.418,4413.865,4350.798,4363.515,11840
2026-03-23 16:00:00,4363.158,4389.885,4352.355,4383.495,12362
2026-03-23 16:15:00,4383.375,4389.235,4352.058,4354.458,11502
2026-03-23 16:30:00,4354.538,4387.575,4353.258,4385.855,9968
2026-03-23 16:45:00,4385.825,4391.505,4371.305,4375.325,10553
2026-03-23 17:00:00,4375.285,4405.355,4370.575,4396.935,9306
2026-03-23 17:15:00,4396.928,4413.615,4388.255,4405.275,9334
2026-03-23 17:30:00,4404.985,4438.835,4403.875,4420.205,8464
2026-03-23 17:45:00,4420.035,4429.635,4404.455,4425.965,7719
2026-03-23 18:00:00,4425.995,4428.895,4402.005,4421.105,9060
2026-03-23 18:15:00,4421.085,4430.515,4409.298,4425.895,7581
2026-03-23 18:30:00,4425.775,4461.925,4425.365,4461.635,7967
2026-03-23 18:45:00,4461.615,4466.895,4446.065,4448.785,6705
2026-03-23 19:00:00,4448.625,4450.325,4402.815,4406.805,7396
2026-03-23 19:15:00,4406.855,4414.795,4392.885,4410.445,8414
2026-03-23 19:30:00,4410.225,4416.325,4401.925,4416.255,7336
2026-03-23 19:45:00,4416.315,4427.425,4396.825,4398.025,8280
2026-03-23 20:00:00,4397.625,4408.325,4382.575,4403.605,5559
2026-03-23 20:15:00,4403.655,4412.975,4403.505,4406.965,2662
2026-03-23 20:30:00,4406.935,4411.165,4395.655,4410.545,2721
2026-03-23 20:45:00,4410.595,4412.635,4404.418,4405.895,3021
2026-03-23 22:00:00,4411.898,4419.598,4359.348,4397.885,4706
2026-03-23 22:15:00,4395.515,4414.875,4388.895,4413.835,4316
2026-03-23 22:30:00,4413.975,4416.585,4397.975,4408.825,3852
2026-03-23 22:45:00,4408.795,4431.065,4406.328,4426.338,3200
2026-03-23 23:00:00,4424.509,4437.205,4422.798,4435.375,4803
2026-03-23 23:15:00,4435.325,4448.005,4429.765,4441.525,2934
2026-03-23 23:30:00,4441.505,4444.415,4421.705,4430.705,3287
2026-03-23 23:45:00,4430.575,4446.075,4421.825,4440.915,3794
2026-03-24 00:00:00,4440.895,4446.435,4419.778,4421.865,5250
2026-03-24 00:15:00,4422.125,4423.215,4367.828,4377.705,7232
2026-03-24 00:30:00,4378.075,4387.045,4330.695,4343.995,8884
2026-03-24 00:45:00,4344.045,4386.455,4342.665,4364.035,7906
2026-03-24 01:00:00,4364.165,4373.895,4327.825,4330.775,10724
2026-03-24 01:15:00,4330.805,4368.785,4330.725,4354.365,9144
2026-03-24 01:30:00,4354.305,4368.225,4321.195,4321.545,9058
2026-03-24 01:45:00,4321.545,4331.635,4307.555,4321.765,9388
2026-03-24 02:00:00,4321.745,4336.705,4305.565,4312.025,9530
2026-03-24 02:15:00,4311.965,4353.395,4308.718,4351.575,8123
2026-03-24 02:30:00,4351.595,4373.095,4344.165,4366.495,8901
2026-03-24 02:45:00,4366.425,4378.965,4351.625,4365.725,7865
2026-03-24 03:00:00,4365.655,4367.665,4349.835,4357.865,6686
2026-03-24 03:15:00,4357.835,4367.905,4355.145,4364.365,5792
2026-03-24 03:30:00,4364.085,4364.465,4338.345,4341.455,5457
2026-03-24 03:45:00,4341.475,4349.495,4334.835,4347.045,4422
2026-03-24 04:00:00,4347.025,4357.005,4346.165,4349.755,3990
2026-03-24 04:15:00,4350.335,4350.335,4326.245,4339.485,5027
2026-03-24 04:30:00,4339.455,4347.845,4335.705,4340.645,3742
2026-03-24 04:45:00,4340.615,4349.015,4331.775,4333.115,3476
2026-03-24 05:00:00,4333.115,4345.485,4319.515,4334.995,5844
2026-03-24 05:15:00,4335.035,4346.285,4333.575,4334.915,5788
2026-03-24 05:30:00,4334.595,4373.595,4320.645,4357.915,8509
2026-03-24 05:45:00,4357.625,4368.585,4343.168,4346.945,7199
2026-03-24 06:00:00,4347.135,4375.245,4342.635,4366.155,8623
2026-03-24 06:15:00,4366.125,4396.455,4358.575,4386.595,8213
2026-03-24 06:30:00,4386.218,4396.925,4374.225,4377.255,7684
2026-03-24 06:45:00,4377.145,4404.765,4372.525,4401.855,7542
2026-03-24 07:00:00,4401.885,4425.218,4399.365,4424.465,8652
2026-03-24 07:15:00,4424.465,4424.855,4405.725,4412.115,6919
2026-03-24 07:30:00,4412.085,4412.085,4399.555,4408.215,6775
2026-03-24 07:45:00,4407.985,4432.785,4401.505,4416.855,7939
2026-03-24 08:00:00,4416.815,4420.735,4401.895,4414.205,9227
2026-03-24 08:15:00,4414.205,4417.248,4390.895,4396.295,8801
2026-03-24 08:30:00,4396.008,4405.545,4391.305,4400.215,6997
2026-03-24 08:45:00,4400.235,4414.285,4398.345,4411.535,8229
2026-03-24 09:00:00,4412.015,4419.035,4397.038,4398.715,7212
2026-03-24 09:15:00,4398.905,4415.045,4395.625,4407.085,4898
2026-03-24 09:30:00,4407.055,4420.995,4404.915,4415.645,4818
2026-03-24 09:45:00,4415.845,4430.625,4411.885,4425.945,5755
2026-03-24 10:00:00,4426.255,4430.795,4414.705,4426.025,5947
2026-03-24 10:15:00,4426.025,4432.865,4421.098,4421.905,6217
2026-03-24 10:30:00,4421.875,4427.638,4414.355,4427.098,5539
2026-03-24 10:45:00,4427.098,4441.308,4418.398,4438.445,6633
2026-03-24 11:00:00,4438.445,4441.865,4373.048,4419.035,10601
2026-03-24 11:15:00,4419.015,4420.465,4402.965,4412.775,8013
2026-03-24 11:30:00,4412.605,4431.475,4410.998,4421.598,7734
2026-03-24 11:45:00,4421.558,4427.158,4390.175,4407.345,9675
2026-03-24 12:00:00,4407.375,4422.095,4404.035,4419.938,9163
2026-03-24 12:15:00,4419.505,4427.205,4395.088,4401.995,9584
2026-03-24 12:30:00,4402.015,4406.455,4361.545,4369.385,11208
2026-03-24 12:45:00,4369.365,4390.325,4368.575,4378.905,9935
2026-03-24 13:00:00,4378.885,4389.575,4363.785,4377.765,10029
2026-03-24 13:15:00,4377.785,4384.065,4356.288,4356.808,8423
2026-03-24 13:30:00,4356.108,4370.235,4350.995,4356.385,10566
2026-03-24 13:45:00,4356.365,4383.058,4350.838,4381.165,11384
2026-03-24 14:00:00,4381.175,4404.148,4380.019,4394.685,12148
2026-03-24 14:15:00,4395.185,4414.475,4388.315,4408.735,12294
2026-03-24 14:30:00,4408.555,4420.295,4399.748,4411.778,12284
2026-03-24 14:45:00,4411.868,4433.085,4400.768,4415.558,12345
2026-03-24 15:00:00,4415.005,4420.055,4395.758,4411.008,12324
2026-03-24 15:15:00,4410.918,4419.968,4402.628,4412.298,10926
2026-03-24 15:30:00,4412.215,4428.825,4409.715,4424.145,11062
2026-03-24 15:45:00,4424.145,4430.398,4408.835,4411.118,10847
2026-03-24 16:00:00,4411.158,4414.018,4402.198,4413.898,10083
2026-03-24 16:15:00,4413.795,4425.268,4411.198,4420.698,8641
2026-03-24 16:30:00,4420.698,4424.148,4408.288,4424.148,9330
2026-03-24 16:45:00,4424.098,4427.148,4417.848,4420.958,8206
2026-03-24 17:00:00,4420.958,4426.058,4387.975,4397.248,9989
2026-03-24 17:15:00,4397.248,4405.605,4393.885,4399.838,7557
2026-03-24 17:30:00,4399.838,4399.838,4374.955,4377.885,7527
2026-03-24 17:45:00,4377.905,4394.265,4372.155,4388.395,7615
2026-03-24 18:00:00,4388.365,4393.605,4383.545,4389.365,7140
2026-03-24 18:15:00,4389.385,4409.585,4386.898,4406.975,6476
2026-03-24 18:30:00,4406.795,4423.105,4394.338,4399.755,7558
2026-03-24 18:45:00,4399.755,4401.685,4383.695,4389.285,6364
2026-03-24 19:00:00,4389.275,4405.655,4388.475,4404.265,4921
2026-03-24 19:15:00,4404.305,4411.108,4399.705,4407.128,4780
2026-03-24 19:30:00,4407.145,4407.188,4394.755,4400.995,4777
2026-03-24 19:45:00,4401.145,4404.175,4396.245,4400.085,5059
2026-03-24 20:00:00,4399.998,4404.105,4397.025,4400.505,1849
2026-03-24 20:15:00,4400.525,4483.945,4398.608,4455.425,6927
2026-03-24 20:30:00,4455.395,4472.598,4444.325,4459.225,8509
2026-03-24 20:45:00,4459.628,4481.195,4456.105,4471.835,6522
2026-03-24 22:00:00,4471.098,4485.185,4467.725,4483.065,2955
2026-03-24 22:15:00,4482.975,4484.698,4467.715,4469.678,3966
2026-03-24 22:30:00,4469.658,4470.685,4455.258,4468.198,4316
2026-03-24 22:45:00,4468.198,4484.198,4466.355,4484.118,4035
2026-03-24 23:00:00,4483.778,4484.498,4471.958,4484.348,5483
2026-03-24 23:15:00,4484.348,4509.678,4482.798,4509.548,6304
2026-03-24 23:30:00,4509.548,4546.115,4504.035,4539.205,8077
2026-03-24 23:45:00,4539.205,4551.118,4531.695,4546.375,7681
2026-03-25 00:00:00,4546.335,4554.298,4537.065,4549.855,8024
2026-03-25 00:15:00,4549.855,4556.618,4538.198,4553.105,7246
2026-03-25 00:30:00,4553.105,4569.915,4546.138,4567.395,7474
2026-03-25 00:45:00,4567.425,4571.738,4561.245,4562.698,5481
2026-03-25 01:00:00,4562.698,4578.428,4552.085,4569.888,9722
2026-03-25 01:15:00,4569.918,4578.375,4567.418,4575.055,7995
2026-03-25 01:30:00,4575.005,4590.975,4573.685,4584.605,6356
2026-03-25 01:45:00,4584.545,4600.955,4583.225,4594.655,5846
2026-03-25 02:00:00,4594.635,4596.125,4579.585,4585.135,5561
2026-03-25 02:15:00,4585.065,4592.415,4584.095,4586.635,2713
2026-03-25 02:30:00,4586.885,4596.925,4580.695,4593.035,4374
2026-03-25 02:45:00,4593.295,4602.125,4581.478,4583.325,4242
2026-03-25 03:00:00,4583.285,4585.905,4572.948,4576.375,3675
2026-03-25 03:15:00,4576.475,4579.425,4571.548,4575.135,3637
2026-03-25 03:30:00,4575.165,4577.408,4569.238,4569.438,3554
2026-03-25 03:45:00,4569.438,4573.828,4567.258,4569.738,3684
2026-03-25 04:00:00,4569.595,4574.005,4565.295,4573.635,2760
2026-03-25 04:15:00,4574.085,4574.265,4570.498,4573.985,2000
2026-03-25 04:30:00,4573.905,4574.385,4565.865,4569.305,2187
2026-03-25 04:45:00,4569.245,4573.535,4567.735,4572.248,2007
2026-03-25 05:00:00,4572.495,4573.295,4566.515,4571.405,2708
2026-03-25 05:15:00,4571.485,4571.485,4553.355,4554.345,3257
2026-03-25 05:30:00,4554.315,4566.555,4548.898,4566.475,5103
2026-03-25 05:45:00,4566.435,4566.505,4553.158,4555.215,4702
2026-03-25 06:00:00,4555.235,4556.655,4532.668,4534.125,5414
2026-03-25 06:15:00,4534.095,4552.288,4533.965,4550.295,5461
2026-03-25 06:30:00,4550.305,4556.505,4543.835,4546.405,4255
2026-03-25 06:45:00,4546.315,4550.465,4543.065,4545.405,4010
2026-03-25 07:00:00,4545.365,4558.735,4544.555,4556.358,3314
2026-03-25 07:15:00,4556.358,4562.915,4555.725,4560.795,3930
2026-03-25 07:30:00,4560.855,4560.855,4542.248,4546.348,4604
2026-03-25 07:45:00,4546.345,4549.655,4536.548,4539.065,4114
2026-03-25 08:00:00,4539.135,4559.065,4535.428,4558.315,5176
2026-03-25 08:15:00,4558.555,4567.475,4556.708,4565.445,3938
2026-03-25 08:30:00,4564.575,4567.205,4553.255,4565.055,4362
2026-03-25 08:45:00,4565.085,4566.945,4554.895,4556.035,3952
2026-03-25 09:00:00,4556.015,4567.455,4554.195,4562.075,3215
2026-03-25 09:15:00,4562.025,4565.995,4554.418,4558.395,3733
2026-03-25 09:30:00,4558.375,4560.105,4549.038,4550.305,3498
2026-03-25 09:45:00,4550.525,4555.018,4527.665,4551.755,4915
2026-03-25 10:00:00,4551.715,4560.745,4551.115,4554.995,4101
2026-03-25 10:15:00,4554.405,4558.195,4551.295,4555.215,2393
2026-03-25 10:30:00,4554.845,4558.815,4550.975,4552.135,2707
2026-03-25 10:45:00,4552.105,4562.265,4551.598,4558.595,2675
2026-03-25 11:00:00,4558.525,4568.775,4555.835,4567.535,2786
2026-03-25 11:15:00,4567.735,4582.675,4564.028,4579.615,3050
2026-03-25 11:30:00,4579.705,4585.475,4579.665,4583.575,2911
2026-03-25 11:45:00,4582.998,4583.635,4572.06,4578.665,4394
2026-03-25 12:00:00,4578.605,4583.385,4572.658,4577.635,3839
2026-03-25 12:15:00,4577.645,4578.915,4539.875,4544.875,7505
2026-03-25 12:30:00,4544.205,4554.405,4521.695,4547.195,6496
2026-03-25 12:45:00,4547.195,4552.365,4535.508,4543.715,5275
2026-03-25 13:00:00,4543.735,4571.065,4540.975,4559.115,6351
2026-03-25 13:15:00,4559.205,4570.365,4551.305,4568.595,4820
2026-03-25 13:30:00,4568.955,4576.285,4556.218,4561.065,8638
2026-03-25 13:45:00,4561.125,4563.625,4540.665,4544.565,8241
2026-03-25 14:00:00,4544.595,4554.965,4532.975,4553.355,8200
2026-03-25 14:15:00,4553.405,4562.595,4545.975,4562.595,7211
2026-03-25 14:30:00,4562.595,4568.945,4557.018,4565.305,6495
2026-03-25 14:45:00,4565.81,4579.075,4563.625,4566.925,5491
2026-03-25 15:00:00,4566.935,4568.781,4549.515,4549.615,6463
2026-03-25 15:15:00,4549.585,4561.505,4524.915,4560.455,7867
2026-03-25 15:30:00,4560.525,4564.865,4555.145,4556.915,5482
2026-03-25 15:45:00,4556.955,4565.675,4553.525,4558.725,5497
2026-03-25 16:00:00,4558.775,4564.78,4552.035,4553.655,6194
2026-03-25 16:15:00,4553.625,4560.595,4544.758,4555.485,6130
2026-03-25 16:30:00,4555.315,4560.685,4550.798,4555.695,5227
2026-03-25 16:45:00,4555.725,4558.885,4549.605,4555.055,4065
2026-03-25 17:00:00,4554.838,4557.555,4542.968,4550.915,4758
2026-03-25 17:15:00,4550.945,4558.085,4542.525,4553.225,4549
2026-03-25 17:30:00,4553.295,4563.645,4550.025,4560.275,4234
2026-03-25 17:45:00,4560.335,4561.735,4545.595,4550.365,4260
2026-03-25 18:00:00,4550.365,4568.695,4545.255,4551.195,5482
2026-03-25 18:15:00,4551.175,4556.355,4546.015,4551.578,4480
2026-03-25 18:30:00,4551.538,4557.525,4546.775,4548.858,3825
2026-03-25 18:45:00,4548.858,4549.455,4530.665,4537.965,4634
2026-03-25 19:00:00,4537.925,4539.445,4486.508,4508.845,6718
2026-03-25 19:15:00,4508.825,4518.535,4502.315,4513.105,6010
2026-03-25 19:30:00,4512.925,4526.845,4506.155,4522.105,4390
2026-03-25 19:45:00,4522.085,4533.675,4513.298,4530.835,4934
2026-03-25 20:00:00,4530.745,4541.755,4522.875,4529.285,3391
2026-03-25 20:15:00,4529.265,4534.065,4522.155,4523.585,1874
2026-03-25 20:30:00,4523.715,4524.765,4494.585,4504.355,3363
2026-03-25 20:45:00,4504.265,4507.185,4501.135,4505.325,2543
2026-03-25 22:00:00,4508.498,4531.535,4508.445,4511.535,3981
2026-03-25 22:15:00,4513.105,4519.555,4505.098,4511.465,2434
2026-03-25 22:30:00,4511.465,4534.525,4507.725,4531.815,1502
2026-03-25 22:45:00,4531.735,4532.985,4511.915,4517.058,3071
2026-03-25 23:00:00,4517.138,4517.518,4496.838,4508.615,3940
2026-03-25 23:15:00,4508.595,4512.765,4496.655,4505.165,2381
2026-03-25 23:30:00,4505.185,4510.785,4488.575,4494.455,2865
2026-03-25 23:45:00,4494.435,4499.465,4490.995,4497.875,3088
2026-03-26 00:00:00,4497.845,4527.345,4497.798,4527.345,4373
2026-03-26 00:15:00,4527.345,4535.235,4523.735,4524.945,3730
2026-03-26 00:30:00,4524.895,4532.485,4524.335,4527.695,3158
2026-03-26 00:45:00,4527.925,4538.875,4527.175,4534.938,3410
2026-03-26 01:00:00,4534.515,4544.275,4531.045,4537.865,6154
2026-03-26 01:15:00,4537.995,4538.215,4526.478,4534.235,5298
2026-03-26 01:30:00,4534.265,4537.418,4525.925,4529.945,3567
2026-03-26 01:45:00,4529.855,4535.538,4522.215,4534.995,4462
2026-03-26 02:00:00,4535.015,4535.468,4527.115,4530.688,4533
2026-03-26 02:15:00,4530.688,4532.815,4524.458,4527.955,2516
2026-03-26 02:30:00,4527.349,4530.225,4511.655,4519.245,3834
2026-03-26 02:45:00,4518.789,4520.895,4505.535,4508.465,3422
2026-03-26 03:00:00,4508.395,4511.675,4501.358,4511.125,3373
2026-03-26 03:15:00,4511.075,4513.455,4499.635,4506.295,3418
2026-03-26 03:30:00,4506.405,4518.555,4506.145,4515.355,2349
2026-03-26 03:45:00,4515.305,4516.755,4510.205,4516.425,1801
2026-03-26 04:00:00,4516.585,4518.875,4511.315,4518.145,1608
2026-03-26 04:15:00,4518.185,4521.755,4515.825,4520.525,1659
2026-03-26 04:30:00,4520.645,4522.145,4516.275,4517.685,1293
2026-03-26 04:45:00,4517.665,4523.985,4517.585,4520.225,1743
2026-03-26 05:00:00,4520.245,4522.095,4507.425,4508.505,2433
2026-03-26 05:15:00,4508.475,4510.905,4488.945,4493.345,2758
2026-03-26 05:30:00,4493.315,4495.455,4479.768,4482.945,5205
2026-03-26 05:45:00,4482.875,4484.035,4438.585,4438.715,6421
2026-03-26 06:00:00,4439.055,4450.335,4418.285,4420.828,7574
2026-03-26 06:15:00,4421.015,4441.295,4415.505,4440.065,6158
2026-03-26 06:30:00,4440.005,4447.295,4430.365,4446.995,4873
2026-03-26 06:45:00,4447.505,4459.225,4443.815,4456.175,4520
2026-03-26 07:00:00,4456.265,4460.335,4442.705,4447.635,4900
2026-03-26 07:15:00,4448.026,4451.795,4438.755,4448.515,3985
2026-03-26 07:30:00,4448.485,4463.665,4447.515,4460.285,4046
2026-03-26 07:45:00,4460.525,4462.915,4450.195,4452.565,3994
2026-03-26 08:00:00,4452.355,4459.075,4439.698,4444.705,6135
2026-03-26 08:15:00,4444.725,4447.175,4424.845,4427.995,6313
2026-03-26 08:30:00,4428.015,4437.855,4412.595,4419.505,6941
2026-03-26 08:45:00,4419.515,4439.678,4418.115,4427.455,6202
2026-03-26 09:00:00,4427.355,4434.415,4418.085,4430.605,6541
2026-03-26 09:15:00,4430.595,4436.695,4424.818,4432.125,5548
2026-03-26 09:30:00,4431.905,4431.905,4414.085,4423.735,5952
2026-03-26 09:45:00,4423.705,4427.365,4416.448,4423.465,4213
2026-03-26 10:00:00,4423.495,4428.465,4416.525,4424.565,4114
2026-03-26 10:15:00,4424.595,4447.845,4424.235,4441.515,4999
2026-03-26 10:30:00,4441.485,4444.275,4423.205,4428.215,5418
2026-03-26 10:45:00,4428.165,4447.315,4424.825,4442.898,5479
2026-03-26 11:00:00,4443.185,4448.395,4439.738,4441.595,6010
2026-03-26 11:15:00,4441.635,4456.505,4439.205,4442.918,4993
2026-03-26 11:30:00,4442.865,4451.715,4437.725,4440.475,5425
2026-03-26 11:45:00,4440.698,4442.205,4418.595,4422.795,5809
2026-03-26 12:00:00,4422.775,4445.425,4416.335,4441.738,6678
2026-03-26 12:15:00,4441.918,4444.995,4433.345,4436.355,5723
2026-03-26 12:30:00,4436.265,4444.625,4431.665,4435.565,6156
2026-03-26 12:45:00,4436.055,4442.935,4428.235,4429.355,7399
2026-03-26 13:00:00,4429.205,4445.075,4419.955,4438.005,7887
2026-03-26 13:15:00,4437.955,4453.645,4434.135,4447.865,5759
2026-03-26 13:30:00,4447.765,4453.295,4428.818,4453.295,9419
2026-03-26 13:45:00,4453.265,4460.205,4435.998,4452.238,8948
2026-03-26 14:00:00,4452.205,4455.958,4436.905,4446.015,8412
2026-03-26 14:15:00,4446.215,4469.355,4443.805,4458.638,7779
2026-03-26 14:30:00,4458.658,4479.515,4457.045,4459.965,9902
2026-03-26 14:45:00,4459.755,4469.105,4445.645,4464.695,9490
2026-03-26 15:00:00,4464.735,4468.618,4450.805,4455.255,8587
2026-03-26 15:15:00,4455.325,4458.295,4448.685,4454.115,8121
2026-03-26 15:30:00,4454.005,4454.005,4436.485,4439.895,7562
2026-03-26 15:45:00,4439.925,4446.515,4433.498,4437.945,8954
2026-03-26 16:00:00,4437.945,4442.398,4425.505,4439.548,5914
2026-03-26 16:15:00,4439.398,4439.518,4386.205,4396.185,9351
2026-03-26 16:30:00,4396.118,4396.118,4366.455,4381.038,9510
2026-03-26 16:45:00,4380.665,4392.305,4378.145,4388.965,6740
2026-03-26 17:00:00,4388.775,4402.215,4384.715,4394.435,6376
2026-03-26 17:15:00,4394.275,4397.195,4376.995,4383.075,6549
2026-03-26 17:30:00,4382.798,4392.665,4377.105,4385.385,5374
2026-03-26 17:45:00,4385.315,4390.698,4379.048,4381.205,6089
2026-03-26 18:00:00,4381.095,4390.355,4379.705,4388.075,5981
2026-03-26 18:15:00,4388.035,4388.185,4367.228,4374.025,5540
2026-03-26 18:30:00,4374.055,4395.495,4373.155,4392.828,4746
2026-03-26 18:45:00,4392.945,4397.495,4390.148,4394.255,3863
2026-03-26 19:00:00,4394.285,4399.145,4381.865,4387.715,4022
2026-03-26 19:15:00,4387.625,4392.055,4377.998,4380.455,3909
2026-03-26 19:30:00,4380.745,4388.255,4374.858,4378.525,4594
2026-03-26 19:45:00,4378.565,4379.725,4358.915,4363.765,7417
2026-03-26 20:00:00,4363.685,4413.385,4350.995,4396.058,6113
2026-03-26 20:15:00,4396.068,4415.665,4379.135,4404.005,9383
2026-03-26 20:30:00,4404.205,4420.305,4396.798,4405.425,5284
2026-03-26 20:45:00,4406.195,4409.575,4372.735,4379.375,6635
2026-03-26 22:00:00,4389.735,4403.845,4375.775,4400.295,4751
2026-03-26 22:15:00,4400.315,4407.785,4392.408,4397.965,2582
2026-03-26 22:30:00,4397.548,4415.145,4394.775,4407.348,1839
2026-03-26 22:45:00,4407.348,4412.348,4393.248,4410.398,1572
2026-03-26 23:00:00,4410.498,4413.598,4389.405,4392.895,2138
2026-03-26 23:15:00,4392.405,4401.065,4391.265,4399.165,1572
2026-03-26 23:30:00,4399.225,4407.755,4395.565,4399.625,2087
2026-03-26 23:45:00,4399.505,4405.375,4395.955,4404.665,1049
2026-03-27 00:00:00,4404.775,4410.835,4403.035,4403.765,1632
2026-03-27 00:15:00,4403.785,4404.445,4382.415,4391.005,2824
2026-03-27 00:30:00,4390.985,4396.315,4386.958,4390.835,2774
2026-03-27 00:45:00,4390.865,4390.945,4375.235,4378.425,3082
2026-03-27 01:00:00,4378.395,4399.175,4377.005,4393.865,4226
2026-03-27 01:15:00,4394.005,4406.405,4390.698,4406.215,3038
2026-03-27 01:30:00,4406.255,4420.035,4403.285,4419.215,3650
2026-03-27 01:45:00,4419.255,4420.275,4411.665,4417.045,2659
2026-03-27 02:00:00,4417.205,4439.445,4416.755,4434.895,3699
2026-03-27 02:15:00,4434.745,4436.025,4425.885,4430.485,2288
2026-03-27 02:30:00,4430.515,4434.175,4424.605,4429.465,3033
2026-03-27 02:45:00,4429.495,4440.225,4427.785,4431.298,2633
2026-03-27 03:00:00,4431.925,4435.615,4420.975,4429.445,2754
2026-03-27 03:15:00,4429.475,4436.545,4427.915,4435.035,2414
2026-03-27 03:30:00,4434.965,4445.935,4430.375,4435.485,2726
2026-03-27 03:45:00,4435.555,4438.305,4432.098,4437.265,1477
2026-03-27 04:00:00,4437.315,4439.465,4432.245,4433.445,1423
2026-03-27 04:15:00,4433.405,4436.915,4431.215,4433.885,1123
2026-03-27 04:30:00,4433.905,4441.995,4433.765,4441.285,1113
2026-03-27 04:45:00,4441.255,4449.315,4440.315,4446.045,1436
2026-03-27 05:00:00,4445.645,4447.345,4441.705,4443.625,1786
2026-03-27 05:15:00,4443.595,4446.895,4440.138,4443.065,1501
2026-03-27 05:30:00,4443.025,4474.915,4442.485,4465.475,4876
2026-03-27 05:45:00,4465.465,4468.315,4453.285,4454.315,3363
2026-03-27 06:00:00,4454.275,4472.555,4451.595,4471.075,3694
2026-03-27 06:15:00,4470.455,4471.085,4456.595,4463.465,3188
2026-03-27 06:30:00,4463.465,4468.255,4460.235,4464.535,2352
2026-03-27 06:45:00,4464.195,4465.105,4454.185,4459.385,2538
2026-03-27 07:00:00,4459.395,4462.915,4447.555,4454.735,2987
2026-03-27 07:15:00,4454.695,4457.115,4450.045,4452.055,1947
2026-03-27 07:30:00,4451.955,4455.765,4446.205,4448.085,2412
2026-03-27 07:45:00,4448.055,4452.955,4442.455,4447.435,2230
2026-03-27 08:00:00,4447.465,4450.388,4442.585,4446.755,3582
2026-03-27 08:15:00,4446.725,4447.085,4430.365,4433.565,3273
2026-03-27 08:30:00,4433.595,4439.735,4428.755,4434.695,3004
2026-03-27 08:45:00,4434.585,4438.355,4423.235,4423.795,2870
2026-03-27 09:00:00,4423.798,4430.735,4420.445,4429.335,3709
2026-03-27 09:15:00,4429.095,4435.975,4428.438,4434.095,3115
2026-03-27 09:30:00,4434.545,4438.095,4429.618,4432.398,2998
2026-03-27 09:45:00,4432.368,4432.565,4426.775,4428.615,3709
2026-03-27 10:00:00,4428.615,4432.585,4423.955,4425.825,3793
2026-03-27 10:15:00,4426.351,4431.335,4423.465,4428.765,2398
2026-03-27 10:30:00,4428.795,4430.215,4412.055,4415.575,3907
2026-03-27 10:45:00,4415.715,4418.965,4410.598,4414.498,3509
2026-03-27 11:00:00,4414.498,4416.935,4404.025,4412.675,4197
2026-03-27 11:15:00,4412.745,4416.895,4407.425,4415.145,3488
2026-03-27 11:30:00,4415.405,4421.685,4413.345,4421.685,3842
2026-03-27 11:45:00,4421.685,4426.045,4415.495,4419.745,3085
2026-03-27 12:00:00,4419.495,4426.665,4412.295,4424.475,3828
2026-03-27 12:15:00,4424.535,4434.055,4416.885,4429.315,4074
2026-03-27 12:30:00,4429.245,4436.995,4424.285,4433.158,4730
2026-03-27 12:45:00,4433.648,4445.045,4433.648,4437.555,5128
2026-03-27 13:00:00,4437.605,4443.448,4423.298,4428.255,6539
2026-03-27 13:15:00,4428.315,4441.405,4417.915,4421.985,6054
2026-03-27 13:30:00,4421.865,4430.915,4413.338,4428.435,9041
2026-03-27 13:45:00,4428.425,4441.395,4420.775,4430.675,8096
2026-03-27 14:00:00,4430.465,4462.948,4430.095,4459.305,8479
2026-03-27 14:15:00,4459.518,4469.665,4451.638,4454.808,9096
2026-03-27 14:30:00,4454.728,4463.845,4451.338,4463.735,9555
2026-03-27 14:45:00,4463.815,4514.455,4463.425,4509.495,9541
2026-03-27 15:00:00,4509.465,4533.575,4501.335,4524.808,8711
2026-03-27 15:15:00,4524.848,4554.965,4520.368,4542.798,9454
2026-03-27 15:30:00,4542.998,4552.655,4525.968,4531.655,8199
2026-03-27 15:45:00,4531.925,4536.025,4520.285,4523.685,7449
2026-03-27 16:00:00,4523.905,4532.765,4517.745,4528.015,5145
2026-03-27 16:15:00,4528.155,4533.285,4524.375,4528.155,5149
2026-03-27 16:30:00,4528.165,4528.595,4505.148,4510.955,5097
2026-03-27 16:45:00,4510.995,4521.115,4506.918,4515.805,4619
2026-03-27 17:00:00,4515.835,4521.368,4505.865,4510.815,5298
2026-03-27 17:15:00,4510.935,4511.455,4486.615,4493.875,5911
2026-03-27 17:30:00,4493.885,4499.775,4485.855,4490.195,4552
2026-03-27 17:45:00,4490.235,4499.305,4486.085,4486.395,4714
2026-03-27 18:00:00,4486.378,4498.615,4486.145,4498.225,5271
2026-03-27 18:15:00,4498.205,4511.175,4498.205,4509.125,5301
2026-03-27 18:30:00,4508.935,4528.365,4508.405,4525.415,4181
2026-03-27 18:45:00,4525.395,4525.605,4513.108,4516.448,3464
2026-03-27 19:00:00,4516.298,4518.848,4506.925,4510.698,3913
2026-03-27 19:15:00,4510.698,4523.775,4509.678,4522.615,3112
2026-03-27 19:30:00,4522.565,4525.825,4500.335,4509.805,3853
2026-03-27 19:45:00,4509.785,4522.305,4503.055,4514.115,5680
2026-03-27 20:00:00,4514.105,4520.295,4506.265,4509.815,2336
2026-03-27 20:15:00,4509.945,4510.555,4504.305,4506.685,1672
2026-03-27 20:30:00,4506.465,4512.615,4498.355,4505.415,1828
2026-03-27 20:45:00,4505.445,4505.525,4490.885,4492.375,2668
2026-03-30 00:00:00,4448.675,4451.155,4417.665,4425.505,6871
2026-03-30 00:15:00,4425.375,4466.515,4422.345,4448.945,7445
2026-03-30 00:30:00,4449.005,4458.795,4435.085,4438.055,6551
2026-03-30 00:45:00,4437.995,4442.415,4430.025,4431.775,4922
2026-03-30 01:00:00,4431.725,4461.635,4431.385,4459.695,7691
2026-03-30 01:15:00,4459.675,4466.405,4445.165,4448.295,7551
2026-03-30 01:30:00,4448.495,4475.415,4444.738,4471.155,7740
2026-03-30 01:45:00,4471.375,4475.055,4461.265,4469.165,5368
2026-03-30 02:00:00,4469.195,4474.065,4465.015,4472.335,5157
2026-03-30 02:15:00,4472.555,4473.925,4466.225,4472.555,4657
2026-03-30 02:30:00,4472.585,4498.965,4458.755,4494.275,6193
2026-03-30 02:45:00,4494.035,4496.055,4478.715,4481.065,5931
2026-03-30 03:00:00,4481.095,4508.265,4478.498,4504.125,5188
2026-03-30 03:15:00,4504.145,4517.445,4503.515,4506.815,4564
2026-03-30 03:30:00,4506.835,4507.465,4499.575,4503.195,2803
2026-03-30 03:45:00,4502.915,4507.245,4494.125,4495.665,3282
2026-03-30 04:00:00,4495.695,4498.365,4486.648,4487.425,2730
2026-03-30 04:15:00,4487.405,4495.255,4487.095,4490.415,2556
2026-03-30 04:30:00,4490.445,4491.065,4485.885,4487.945,2403
2026-03-30 04:45:00,4487.995,4498.535,4486.605,4496.325,2032
2026-03-30 05:00:00,4496.318,4507.725,4496.285,4504.565,3448
2026-03-30 05:15:00,4504.545,4515.555,4503.848,4505.215,3339
2026-03-30 05:30:00,4505.195,4515.075,4503.518,4510.225,3838
2026-03-30 05:45:00,4510.275,4528.215,4509.925,4522.275,3565
2026-03-30 06:00:00,4522.375,4533.965,4516.315,4530.205,4256
2026-03-30 06:15:00,4530.185,4535.115,4526.515,4528.365,4086
2026-03-30 06:30:00,4528.395,4541.635,4526.055,4539.765,3629
2026-03-30 06:45:00,4539.735,4550.485,4531.005,4532.395,3977
2026-03-30 07:00:00,4532.305,4534.355,4523.315,4533.845,3620
2026-03-30 07:15:00,4533.975,4534.635,4520.275,4522.565,3099
2026-03-30 07:30:00,4522.545,4525.755,4515.585,4520.915,3579
2026-03-30 07:45:00,4520.945,4527.815,4518.855,4526.965,2777
2026-03-30 08:00:00,4526.935,4536.745,4524.605,4533.545,3299
2026-03-30 08:15:00,4533.575,4535.615,4525.515,4528.438,3082
2026-03-30 08:30:00,4528.398,4537.888,4528.205,4532.648,3436
2026-03-30 08:45:00,4532.648,4540.245,4532.238,4537.935,2763
2026-03-30 09:00:00,4537.975,4540.365,4527.895,4529.285,2744
2026-03-30 09:15:00,4529.265,4536.358,4523.248,4527.355,3136
2026-03-30 09:30:00,4526.855,4537.875,4523.475,4536.785,2644
2026-03-30 09:45:00,4536.945,4538.155,4528.365,4532.005,2379
2026-03-30 10:00:00,4532.785,4536.185,4529.105,4532.785,2062
2026-03-30 10:15:00,4532.815,4539.775,4527.395,4531.015,2149
2026-03-30 10:30:00,4531.035,4533.885,4527.865,4533.095,2146
2026-03-30 10:45:00,4533.175,4535.375,4528.325,4532.125,2114
2026-03-30 11:00:00,4532.115,4540.365,4525.255,4538.075,2885
2026-03-30 11:15:00,4537.995,4548.075,4534.745,4543.035,4196
2026-03-30 11:30:00,4543.295,4565.965,4538.305,4565.935,5105
2026-03-30 11:45:00,4566.005,4580.465,4555.785,4559.375,5061
2026-03-30 12:00:00,4559.355,4561.095,4545.015,4556.198,4066
2026-03-30 12:15:00,4556.198,4567.945,4555.995,4565.635,3819
2026-03-30 12:30:00,4565.595,4577.695,4563.858,4573.705,3929
2026-03-30 12:45:00,4573.725,4573.965,4563.535,4569.185,3444
2026-03-30 13:00:00,4569.345,4578.455,4561.065,4565.725,5245
2026-03-30 13:15:00,4565.705,4571.225,4558.755,4567.305,4406
2026-03-30 13:30:00,4567.325,4573.675,4543.025,4543.975,8092
2026-03-30 13:45:00,4543.975,4547.905,4516.515,4523.165,8028
2026-03-30 14:00:00,4522.975,4535.695,4517.735,4533.535,7480
2026-03-30 14:15:00,4533.515,4534.445,4511.748,4518.705,6717
2026-03-30 14:30:00,4518.625,4533.558,4517.185,4522.605,6795
2026-03-30 14:45:00,4522.765,4541.365,4521.145,4538.385,7575
2026-03-30 15:00:00,4538.565,4543.275,4531.938,4532.625,5577
2026-03-30 15:15:00,4532.655,4534.025,4524.445,4531.325,5910
2026-03-30 15:30:00,4531.305,4553.795,4527.375,4551.625,5314
2026-03-30 15:45:00,4551.795,4556.565,4545.095,4548.135,5088
2026-03-30 16:00:00,4547.915,4549.405,4537.695,4544.215,4961
2026-03-30 16:15:00,4544.185,4548.655,4536.525,4536.685,4577
2026-03-30 16:30:00,4536.595,4548.105,4531.865,4548.015,4159
2026-03-30 16:45:00,4548.035,4548.555,4536.268,4539.795,4261
2026-03-30 17:00:00,4539.695,4542.125,4519.275,4522.525,4783
2026-03-30 17:15:00,4522.365,4530.315,4520.205,4527.435,4806
2026-03-30 17:30:00,4527.288,4527.288,4514.538,4524.135,5544
2026-03-30 17:45:00,4524.165,4528.345,4511.015,4514.815,4855
2026-03-30 18:00:00,4514.795,4522.865,4512.915,4518.585,4492
2026-03-30 18:15:00,4518.645,4521.268,4511.038,4513.615,3875
2026-03-30 18:30:00,4513.755,4519.235,4512.275,4515.315,3294
2026-03-30 18:45:00,4515.275,4518.515,4498.215,4498.845,3910
2026-03-30 19:00:00,4498.865,4504.885,4493.305,4497.625,5315
2026-03-30 19:15:00,4497.645,4504.015,4492.885,4501.385,4379
2026-03-30 19:30:00,4501.415,4512.885,4497.935,4504.695,5270
2026-03-30 19:45:00,4504.375,4518.205,4503.685,4513.095,5077
2026-03-30 20:00:00,4513.085,4516.245,4505.008,4508.005,2146
2026-03-30 20:15:00,4508.105,4509.935,4502.015,4505.825,1420
2026-03-30 20:30:00,4505.775,4506.815,4500.885,4503.495,1245
2026-03-30 20:45:00,4503.455,4511.125,4502.385,4510.885,1230
2026-03-30 22:00:00,4510.638,4523.445,4507.245,4507.835,2576
2026-03-30 22:15:00,4507.835,4514.745,4501.905,4514.515,1712
2026-03-30 22:30:00,4514.765,4518.695,4508.005,4508.425,1146
2026-03-30 22:45:00,4508.385,4514.498,4508.125,4510.148,1393
2026-03-30 23:00:00,4510.148,4510.148,4492.445,4498.695,5130
2026-03-30 23:15:00,4498.675,4510.075,4497.755,4505.235,2127
2026-03-30 23:30:00,4505.275,4519.365,4503.615,4518.315,1968
2026-03-30 23:45:00,4518.295,4521.485,4507.015,4513.325,2311
2026-03-31 00:00:00,4513.375,4528.285,4510.295,4515.665,4760
2026-03-31 00:15:00,4515.695,4517.805,4482.115,4511.925,5905
2026-03-31 00:30:00,4511.875,4536.675,4505.908,4535.625,5251
2026-03-31 00:45:00,4535.925,4547.875,4534.975,4547.525,6587
2026-03-31 01:00:00,4547.025,4550.345,4531.885,4543.685,5953
2026-03-31 01:15:00,4544.165,4585.585,4543.295,4581.085,5989
2026-03-31 01:30:00,4581.365,4618.765,4577.148,4617.285,7628
2026-03-31 01:45:00,4617.335,4619.195,4595.515,4604.805,6760
2026-03-31 02:00:00,4604.825,4607.055,4588.195,4589.645,4932
2026-03-31 02:15:00,4589.605,4592.355,4578.148,4582.275,3467
2026-03-31 02:30:00,4582.245,4588.325,4578.665,4587.025,5106
2026-03-31 02:45:00,4587.025,4588.075,4565.185,4567.825,4679
2026-03-31 03:00:00,4567.495,4576.675,4565.665,4569.805,3874
2026-03-31 03:15:00,4569.945,4571.115,4555.535,4561.385,4093
2026-03-31 03:30:00,4561.405,4565.505,4550.345,4551.765,3072
2026-03-31 03:45:00,4551.425,4557.275,4549.838,4556.935,2462
2026-03-31 04:00:00,4556.915,4565.805,4556.785,4557.175,2651
2026-03-31 04:15:00,4557.205,4569.235,4556.705,4561.065,1957
2026-03-31 04:30:00,4561.085,4564.685,4559.528,4563.615,1818
2026-03-31 04:45:00,4563.635,4568.785,4560.715,4564.615,2936
2026-03-31 05:00:00,4564.595,4570.385,4547.435,4549.995,2862
2026-03-31 05:15:00,4550.015,4567.655,4549.685,4560.985,2357
2026-03-31 05:30:00,4560.955,4579.735,4558.335,4576.705,5219
2026-03-31 05:45:00,4576.435,4581.515,4566.715,4568.465,3945
2026-03-31 06:00:00,4568.485,4568.645,4555.965,4559.395,4465
2026-03-31 06:15:00,4559.405,4564.365,4552.865,4560.198,4677
2026-03-31 06:30:00,4560.198,4565.348,4555.795,4558.655,3540
2026-03-31 06:45:00,4558.685,4561.355,4553.895,4556.855,4083
2026-03-31 07:00:00,4557.005,4563.795,4549.895,4552.215,4442
2026-03-31 07:15:00,4552.155,4556.515,4543.065,4551.698,4035
2026-03-31 07:30:00,4551.675,4560.865,4551.525,4559.465,3767
2026-03-31 07:45:00,4559.495,4565.605,4556.365,4564.205,2961
2026-03-31 08:00:00,4564.028,4572.965,4560.105,4565.578,4341
2026-03-31 08:15:00,4565.588,4572.145,4564.418,4571.985,3314
2026-03-31 08:30:00,4572.005,4574.868,4567.258,4571.205,3032
2026-03-31 08:45:00,4571.165,4573.795,4566.805,4568.188,2929
2026-03-31 09:00:00,4568.188,4572.115,4562.845,4567.455,2569
2026-03-31 09:15:00,4567.425,4570.625,4561.018,4561.935,2977
2026-03-31 09:30:00,4561.965,4562.115,4549.995,4555.475,4411
2026-03-31 09:45:00,4555.415,4562.245,4551.318,4555.275,3789
2026-03-31 10:00:00,4555.255,4561.635,4554.895,4556.635,2481
2026-03-31 10:15:00,4556.655,4560.915,4555.355,4560.315,1779
2026-03-31 10:30:00,4560.285,4560.508,4529.115,4540.925,3639
2026-03-31 10:45:00,4540.995,4552.538,4539.768,4546.735,3410
2026-03-31 11:00:00,4546.885,4563.565,4540.865,4551.185,4576
2026-03-31 11:15:00,4551.135,4583.055,4549.475,4574.935,6837
2026-03-31 11:30:00,4574.885,4592.955,4568.588,4591.715,5357
2026-03-31 11:45:00,4592.075,4592.785,4576.448,4582.115,4913
2026-03-31 12:00:00,4582.155,4597.295,4573.925,4575.465,6892
2026-03-31 12:15:00,4575.435,4582.975,4571.195,4579.145,5693
2026-03-31 12:30:00,4579.195,4589.545,4577.315,4578.715,4242
2026-03-31 12:45:00,4578.688,4581.045,4568.818,4574.475,3486
2026-03-31 13:00:00,4574.475,4583.495,4567.555,4581.285,5112
2026-03-31 13:15:00,4581.325,4587.685,4572.815,4572.998,4367
2026-03-31 13:30:00,4572.998,4589.115,4567.925,4587.685,7021
2026-03-31 13:45:00,4587.825,4609.415,4584.895,4606.705,7078
2026-03-31 14:00:00,4606.295,4624.995,4600.865,4614.538,8056
2026-03-31 14:15:00,4614.538,4618.975,4602.515,4618.675,7345
2026-03-31 14:30:00,4619.005,4630.098,4603.835,4607.725,7508
2026-03-31 14:45:00,4607.895,4610.845,4594.665,4598.835,7873
2026-03-31 15:00:00,4598.855,4623.655,4598.405,4622.825,6550
2026-03-31 15:15:00,4622.845,4625.325,4607.555,4609.815,6035
2026-03-31 15:30:00,4609.925,4621.135,4606.805,4620.555,5240
2026-03-31 15:45:00,4620.585,4623.338,4607.738,4609.165,6048
2026-03-31 16:00:00,4609.065,4619.735,4606.795,4611.815,5113
2026-03-31 16:15:00,4611.745,4618.515,4608.975,4617.475,3633
2026-03-31 16:30:00,4617.495,4651.115,4614.765,4641.125,7074
2026-03-31 16:45:00,4641.145,4649.795,4630.865,4638.045,9301
2026-03-31 17:00:00,4638.005,4655.705,4635.965,4642.555,7185
2026-03-31 17:15:00,4642.595,4657.665,4640.345,4648.395,6767
2026-03-31 17:30:00,4648.285,4663.495,4645.265,4660.065,6901
2026-03-31 17:45:00,4660.045,4667.145,4653.008,4654.205,6218
2026-03-31 18:00:00,4654.125,4668.558,4653.215,4665.535,5848
2026-03-31 18:15:00,4665.615,4668.495,4659.605,4664.145,5685
2026-03-31 18:30:00,4664.265,4670.715,4659.775,4667.265,4692
2026-03-31 18:45:00,4667.315,4670.305,4663.385,4667.185,3693
2026-03-31 19:00:00,4667.075,4675.935,4661.575,4670.945,4838
2026-03-31 19:15:00,4671.415,4680.855,4668.365,4672.498,4587
2026-03-31 19:30:00,4672.555,4683.235,4672.085,4680.775,5002
2026-03-31 19:45:00,4680.735,4685.325,4679.285,4682.465,6890
2026-03-31 20:00:00,4682.685,4686.935,4676.255,4678.955,3156
2026-03-31 20:15:00,4678.935,4681.745,4668.835,4669.365,1618
2026-03-31 20:30:00,4669.215,4675.285,4666.795,4667.805,1537
2026-03-31 20:45:00,4667.625,4669.975,4664.445,4668.115,1780
2026-03-31 22:00:00,4669.735,4681.875,4662.575,4669.055,3052
2026-03-31 22:15:00,4669.035,4686.178,4662.805,4674.285,2585
2026-03-31 22:30:00,4674.255,4696.185,4670.845,4684.285,2940
2026-03-31 22:45:00,4684.165,4686.725,4661.625,4680.148,4028
2026-03-31 23:00:00,4680.578,4681.748,4672.335,4675.925,3101
2026-03-31 23:15:00,4675.895,4684.235,4671.615,4682.075,2119
2026-03-31 23:30:00,4682.035,4694.835,4681.585,4690.615,2339
2026-03-31 23:45:00,4690.585,4699.825,4687.905,4696.065,3101
2026-04-01 00:00:00,4695.965,4704.505,4693.195,4702.785,4703
2026-04-01 00:15:00,4702.748,4721.645,4702.105,4721.595,4987
2026-04-01 00:30:00,4721.595,4722.385,4699.695,4706.105,3586
2026-04-01 00:45:00,4706.185,4718.985,4703.955,4710.475,3563
2026-04-01 01:00:00,4710.495,4724.005,4688.965,4707.535,7203
2026-04-01 01:15:00,4707.535,4708.055,4692.185,4707.995,5252
2026-04-01 01:30:00,4707.965,4708.125,4680.915,4687.525,4887
2026-04-01 01:45:00,4687.565,4696.935,4686.185,4692.525,4541
2026-04-01 02:00:00,4693.005,4700.275,4686.485,4693.705,3854
2026-04-01 02:15:00,4693.635,4697.575,4683.095,4687.045,2398
2026-04-01 02:30:00,4686.985,4690.295,4677.648,4681.415,3667
2026-04-01 02:45:00,4681.395,4689.615,4678.135,4684.405,4174
2026-04-01 03:00:00,4684.315,4692.595,4682.395,4689.195,3094
2026-04-01 03:15:00,4689.115,4694.095,4684.125,4687.015,2321
2026-04-01 03:30:00,4687.035,4688.615,4682.715,4686.458,1627
2026-04-01 03:45:00,4686.495,4688.225,4679.265,4681.558,1866
2026-04-01 04:00:00,4681.578,4681.715,4672.655,4673.585,1870
2026-04-01 04:15:00,4673.525,4673.765,4666.605,4672.125,2166
2026-04-01 04:30:00,4672.238,4676.725,4668.905,4676.545,1922
2026-04-01 04:45:00,4676.538,4681.358,4672.375,4676.155,1827
2026-04-01 05:00:00,4676.195,4684.555,4674.535,4682.475,1583
2026-04-01 05:15:00,4682.495,4689.845,4680.038,4685.955,2717
2026-04-01 05:30:00,4685.985,4703.195,4685.955,4701.905,3474
2026-04-01 05:45:00,4701.935,4703.135,4683.468,4684.155,3551
2026-04-01 06:00:00,4684.135,4697.395,4682.335,4697.395,4225
2026-04-01 06:15:00,4697.385,4711.115,4692.235,4709.225,4419
2026-04-01 06:30:00,4709.225,4712.425,4701.785,4708.305,4292
2026-04-01 06:45:00,4708.395,4732.785,4708.285,4730.115,5215
2026-04-01 07:00:00,4730.655,4732.185,4713.765,4714.955,5308
2026-04-01 07:15:00,4715.035,4725.575,4712.675,4722.855,3208
2026-04-01 07:30:00,4722.885,4747.565,4721.945,4730.585,4604
2026-04-01 07:45:00,4730.355,4732.625,4709.385,4712.715,5110
2026-04-01 08:00:00,4712.725,4726.195,4709.995,4718.715,4731
2026-04-01 08:15:00,4718.785,4735.675,4716.725,4730.225,3397
2026-04-01 08:30:00,4730.175,4740.185,4725.798,4731.375,3930
2026-04-01 08:45:00,4731.358,4732.335,4726.065,4728.315,2568
2026-04-01 09:00:00,4728.345,4730.005,4717.605,4717.965,2700
2026-04-01 09:15:00,4717.935,4723.615,4713.755,4719.265,2692
2026-04-01 09:30:00,4719.235,4722.525,4712.775,4718.985,2514
2026-04-01 09:45:00,4718.925,4727.515,4718.925,4722.935,2628
2026-04-01 10:00:00,4722.925,4724.475,4715.275,4715.525,2379
2026-04-01 10:15:00,4715.385,4728.835,4715.115,4728.115,2358
2026-04-01 10:30:00,4728.085,4735.958,4725.855,4734.515,2157
2026-04-01 10:45:00,4734.815,4738.395,4727.815,4730.985,2277
2026-04-01 11:00:00,4730.935,4740.225,4728.085,4736.435,2428
2026-04-01 11:15:00,4736.708,4745.925,4736.125,4744.885,2828
2026-04-01 11:30:00,4745.425,4762.555,4744.658,4760.075,3632
2026-04-01 11:45:00,4760.105,4761.185,4752.135,4752.135,2964
2026-04-01 12:00:00,4752.165,4753.355,4738.925,4742.715,3131
2026-04-01 12:15:00,4742.115,4745.325,4724.435,4734.91,4592
2026-04-01 12:30:00,4734.278,4752.785,4728.971,4747.565,4396
2026-04-01 12:45:00,4747.575,4753.475,4724.155,4724.635,7491
2026-04-01 13:00:00,4724.535,4733.415,4716.005,4731.505,5764
2026-04-01 13:15:00,4731.038,4742.145,4730.208,4736.025,4796
2026-04-01 13:30:00,4736.085,4749.375,4730.555,4743.185,7147
2026-04-01 13:45:00,4743.225,4748.485,4733.585,4737.565,6877
2026-04-01 14:00:00,4737.058,4746.755,4723.895,4744.325,7594
2026-04-01 14:15:00,4744.295,4754.585,4730.235,4741.985,6764
2026-04-01 14:30:00,4742.015,4756.315,4734.645,4753.815,6724
2026-04-01 14:45:00,4753.895,4768.605,4752.475,4760.495,5875
2026-04-01 15:00:00,4760.525,4774.82,4758.285,4764.555,5965
2026-04-01 15:15:00,4764.545,4776.195,4762.155,4772.945,5238
2026-04-01 15:30:00,4773.005,4786.505,4769.738,4785.285,5578
2026-04-01 15:45:00,4785.335,4787.936,4782.105,4786.298,4362
2026-04-01 16:00:00,4786.225,4790.405,4773.925,4774.625,4881
2026-04-01 16:15:00,4774.625,4783.285,4774.235,4776.048,3974
2026-04-01 16:30:00,4776.125,4784.755,4774.915,4784.015,4074
2026-04-01 16:45:00,4784.015,4788.295,4781.525,4786.955,4394
2026-04-01 17:00:00,4786.855,4793.135,4786.235,4788.315,4848
2026-04-01 17:15:00,4788.375,4789.685,4782.055,4784.945,4761
2026-04-01 17:30:00,4785.005,4786.075,4775.395,4781.855,5181
2026-04-01 17:45:00,4781.885,4783.085,4773.395,4774.018,3597
2026-04-01 18:00:00,4774.025,4774.915,4759.025,4771.025,5673
2026-04-01 18:15:00,4770.955,4771.605,4752.715,4753.855,6503
2026-04-01 18:30:00,4753.885,4765.938,4741.805,4756.665,6953
2026-04-01 18:45:00,4756.705,4758.295,4751.365,4752.935,5653
2026-04-01 19:00:00,4752.985,4765.125,4751.065,4759.535,4801
2026-04-01 19:15:00,4759.695,4768.875,4758.305,4765.215,4016
2026-04-01 19:30:00,4765.305,4777.935,4762.865,4769.075,3901
2026-04-01 19:45:00,4769.065,4771.308,4757.885,4765.735,5708
2026-04-01 20:00:00,4765.715,4769.438,4762.365,4768.455,2162
2026-04-01 20:15:00,4768.475,4770.835,4760.775,4761.855,1442
2026-04-01 20:30:00,4761.875,4763.465,4754.015,4759.665,1824
2026-04-01 20:45:00,4759.405,4763.155,4756.235,4757.565,1239
2026-04-01 22:00:00,4757.505,4761.04,4747.875,4756.255,1714
2026-04-01 22:15:00,4756.295,4773.735,4752.325,4772.795,1972
2026-04-01 22:30:00,4772.765,4781.035,4770.215,4775.905,3214
2026-04-01 22:45:00,4775.875,4782.555,4774.765,4775.878,2513
2026-04-01 23:00:00,4776.118,4791.495,4772.875,4791.115,4186
2026-04-01 23:15:00,4791.135,4798.785,4788.375,4794.525,2745
2026-04-01 23:30:00,4794.538,4800.185,4787.855,4789.175,2455
2026-04-01 23:45:00,4789.155,4789.415,4777.765,4783.698,3801
2026-04-02 00:00:00,4783.655,4793.165,4774.755,4792.295,4533
2026-04-02 00:15:00,4792.325,4798.525,4788.275,4789.465,4268
2026-04-02 00:30:00,4789.465,4795.715,4783.938,4787.005,3933
2026-04-02 00:45:00,4787.098,4791.715,4783.225,4784.375,3910
2026-04-02 01:00:00,4784.375,4786.395,4724.045,4750.395,10637
2026-04-02 01:15:00,4750.415,4752.355,4686.155,4696.405,11476
2026-04-02 01:30:00,4695.265,4708.255,4648.335,4689.675,10392
2026-04-02 01:45:00,4689.585,4711.575,4684.495,4696.185,8395
2026-04-02 02:00:00,4696.108,4703.655,4677.638,4688.098,8877
2026-04-02 02:15:00,4688.128,4702.318,4687.448,4689.298,7272
2026-04-02 02:30:00,4689.308,4690.388,4654.838,4675.595,9916
2026-04-02 02:45:00,4675.615,4689.335,4672.748,4686.785,6049
2026-04-02 03:00:00,4686.765,4691.565,4677.565,4689.845,5021
2026-04-02 03:15:00,4689.875,4699.275,4687.755,4691.535,3918
2026-04-02 03:30:00,4691.505,4692.445,4683.275,4685.665,3679
2026-04-02 03:45:00,4685.695,4687.525,4675.695,4676.185,2580
2026-04-02 04:00:00,4676.405,4681.445,4664.475,4668.095,3054
2026-04-02 04:15:00,4668.165,4672.175,4662.155,4666.025,2263
2026-04-02 04:30:00,4666.055,4669.485,4657.958,4661.558,3000
2026-04-02 04:45:00,4661.538,4673.175,4656.835,4672.445,2256
2026-04-02 05:00:00,4672.555,4674.965,4666.085,4670.025,2168
2026-04-02 05:15:00,4670.055,4680.325,4669.045,4677.105,2322
2026-04-02 05:30:00,4677.075,4678.975,4628.715,4633.915,7390
2026-04-02 05:45:00,4634.305,4635.135,4585.405,4593.815,8862
2026-04-02 06:00:00,4594.045,4596.415,4553.158,4580.495,9313
2026-04-02 06:15:00,4580.475,4598.825,4573.855,4591.095,6648
2026-04-02 06:30:00,4591.065,4598.315,4581.305,4588.175,6154
2026-04-02 06:45:00,4588.135,4608.465,4583.985,4599.065,5750
2026-04-02 07:00:00,4598.485,4622.045,4596.915,4620.995,4686
2026-04-02 07:15:00,4620.975,4627.145,4617.325,4620.365,4262
2026-04-02 07:30:00,4620.395,4641.545,4619.075,4637.215,3893
2026-04-02 07:45:00,4637.015,4650.985,4635.835,4642.485,3621
2026-04-02 08:00:00,4642.455,4648.555,4628.685,4640.935,4859
2026-04-02 08:15:00,4640.905,4644.805,4631.205,4634.185,3992
2026-04-02 08:30:00,4634.105,4643.725,4630.415,4630.415,3711
2026-04-02 08:45:00,4630.435,4634.275,4616.568,4620.645,3719
2026-04-02 09:00:00,4620.625,4625.155,4612.745,4623.565,3260
2026-04-02 09:15:00,4623.565,4631.765,4617.005,4620.685,3384
2026-04-02 09:30:00,4620.655,4625.285,4615.335,4621.255,2842
2026-04-02 09:45:00,4621.235,4628.185,4617.498,4621.505,2706
2026-04-02 10:00:00,4621.745,4634.915,4618.215,4624.835,3127
2026-04-02 10:15:00,4624.875,4626.595,4603.485,4618.175,3597
2026-04-02 10:30:00,4618.155,4631.125,4613.155,4624.085,3179
2026-04-02 10:45:00,4624.045,4629.205,4619.098,4620.265,2852
2026-04-02 11:00:00,4620.295,4629.715,4616.535,4627.275,3373
2026-04-02 11:15:00,4627.805,4630.475,4613.945,4614.635,3142
2026-04-02 11:30:00,4614.605,4617.425,4592.445,4599.745,4649
2026-04-02 11:45:00,4599.685,4611.835,4595.918,4599.875,4422
2026-04-02 12:00:00,4599.875,4612.725,4594.315,4612.335,6035
2026-04-02 12:15:00,4612.355,4630.035,4609.375,4625.445,4332
2026-04-02 12:30:00,4625.365,4626.565,4615.545,4618.005,4979
2026-04-02 12:45:00,4618.495,4626.515,4600.058,4601.598,4970
2026-04-02 13:00:00,4601.695,4613.885,4580.685,4587.225,8502
2026-04-02 13:15:00,4587.195,4600.065,4580.625,4597.185,6906
2026-04-02 13:30:00,4597.265,4607.425,4585.818,4601.915,9731
2026-04-02 13:45:00,4601.745,4651.135,4600.205,4645.595,9161
2026-04-02 14:00:00,4646.035,4659.265,4631.131,4647.495,9097
2026-04-02 14:15:00,4647.465,4675.625,4645.515,4664.855,9244
2026-04-02 14:30:00,4664.535,4699.635,4658.765,4693.375,10863
2026-04-02 14:45:00,4692.705,4693.405,4672.105,4681.098,10160
2026-04-02 15:00:00,4681.045,4683.498,4666.965,4671.915,10115
2026-04-02 15:15:00,4671.945,4681.618,4657.898,4672.045,9658
2026-04-02 15:30:00,4672.208,4675.565,4661.878,4665.498,9167
2026-04-02 15:45:00,4665.668,4666.178,4652.208,4660.745,8091
2026-04-02 16:00:00,4660.715,4668.245,4647.835,4654.665,7276
2026-04-02 16:15:00,4654.365,4656.745,4642.618,4650.405,8864
2026-04-02 16:30:00,4650.385,4669.585,4650.275,4658.545,7955
2026-04-02 16:45:00,4658.045,4670.248,4656.355,4658.685,6624
2026-04-02 19:00:00,4668.138,4681.535,4668.138,4674.178,5518
2026-04-02 19:15:00,4674.188,4677.678,4663.898,4664.818,6200
2026-04-02 19:30:00,4664.785,4668.125,4661.175,4665.685,5470
2026-04-02 19:45:00,4665.595,4676.275,4665.445,4671.695,5761
2026-04-02 20:00:00,4671.745,4676.548,4671.615,4673.455,2085
2026-04-02 20:15:00,4672.998,4674.048,4664.025,4667.505,2065
2026-04-02 20:30:00,4667.505,4672.935,4667.485,4668.715,1867
2026-04-02 20:45:00,4668.615,4677.605,4666.275,4675.805,2027
