time,open,high,low,close,volume
2026-02-13 01:00:00,5076.26474,5076.41285,5067.08511,5071.43177,9327
2026-02-13 01:15:00,5070.35322,5071.40117,5058.20475,5061.5106,13196
2026-02-13 01:30:00,5061.27513,5068.86276,5056.00793,5057.43088,12854
2026-02-13 01:45:00,5057.46597,5058.46915,5041.50366,5042.11551,16965
2026-02-13 02:00:00,5042.38936,5063.95329,5042.10073,5063.43148,21852
2026-02-13 02:15:00,5063.26033,5067.61929,5063.26033,5065.01471,4358
2026-02-13 02:30:00,5065.07691,5071.37433,5065.02802,5070.58708,6346
2026-02-13 02:45:00,5070.64097,5074.04509,5067.12759,5067.2993,6917
2026-02-13 03:00:00,5066.35096,5067.26712,4983.34382,4983.34382,83923
2026-02-13 03:15:00,4987.29844,4987.29844,4891.22479,4892.33262,96073
2026-02-13 03:30:00,4892.09024,4962.33997,4892.09024,4954.3482,70249
2026-02-13 03:45:00,4954.22827,4957.24222,4935.01029,4951.57085,22231
2026-02-13 04:00:00,4951.51807,4960.9507,4944.37876,4960.9507,16571
2026-02-13 04:15:00,4960.66472,4978.49988,4958.1074,4971.64516,20392
2026-02-13 04:30:00,4973.13942,4974.26162,4954.32505,4968.5197,19936
2026-02-13 04:45:00,4968.9165,4968.9165,4943.28422,4943.62055,25632
2026-02-13 05:00:00,4942.99972,4946.15615,4925.81804,4929.22707,20338
2026-02-13 05:15:00,4928.56731,4932.5219,4910.71615,4928.65095,21805
2026-02-13 05:30:00,4928.39903,4944.06436,4928.39903,4943.56345,15665
2026-02-13 05:45:00,4942.97561,4949.77992,4935.42089,4936.34789,14359
2026-02-13 06:00:00,4936.31882,4940.29291,4930.77851,4933.53038,9514
2026-02-13 06:15:00,4933.47867,4947.70333,4931.82283,4932.07557,15880
2026-02-13 06:30:00,4932.10639,4949.27174,4932.10639,4944.60009,17165
2026-02-13 06:45:00,4944.61884,4956.84004,4943.90843,4945.1794,12931
2026-02-13 07:00:00,4944.9452,4947.45349,4937.25632,4940.54971,10197
2026-02-13 07:15:00,4940.58498,4940.65064,4921.84029,4923.8301,18810
2026-02-13 07:30:00,4922.29699,4927.16692,4913.78988,4918.8265,13377
2026-02-13 07:45:00,4918.994,4923.54619,4913.6585,4915.94965,9887
2026-02-13 08:00:00,4915.96923,4920.7546,4914.34337,4918.08816,6411
2026-02-13 08:15:00,4917.98758,4924.67026,4913.6361,4921.32916,11034
2026-02-13 08:30:00,4921.30116,4923.62719,4918.46951,4919.03972,5157
2026-02-13 08:45:00,4919.02902,4926.16821,4916.99918,4922.01168,9169
2026-02-13 09:00:00,4921.91507,4922.66612,4921.91507,4922.24452,751
2026-02-13 09:15:00,4922.14841,4922.36554,4921.89447,4921.9853,471
2026-02-13 09:30:00,4921.95525,4922.58411,4921.72531,4922.02138,858
2026-02-13 09:45:00,4922.06117,4928.59315,4921.60581,4926.42995,6987
2026-02-13 10:00:00,4925.54295,4926.41283,4892.56375,4909.36364,33849
2026-02-13 10:15:00,4908.28084,4926.84501,4908.28084,4924.24115,18564
2026-02-13 10:30:00,4922.59894,4924.20592,4906.45837,4913.52176,17747
2026-02-13 10:45:00,4913.19335,4919.84071,4907.4752,4918.33888,12365
2026-02-13 11:00:00,4918.39136,4946.52882,4916.42402,4941.78414,30104
2026-02-13 11:15:00,4941.83843,4944.69808,4936.04918,4939.88861,8648
2026-02-13 11:30:00,4940.03312,4949.28733,4935.01847,4938.43126,14268
2026-02-13 11:45:00,4938.47453,4944.3801,4929.63301,4932.33253,14747
2026-02-13 12:00:00,4931.83477,4966.95728,4931.83477,4964.65998,35122
2026-02-13 12:15:00,4965.42945,4975.99357,4964.25306,4970.87405,11740
2026-02-13 12:30:00,4970.74049,4982.28787,4965.13697,4980.97454,17150
2026-02-13 12:45:00,4980.88707,4987.68702,4977.7852,4978.97325,9901
2026-02-13 13:00:00,4978.84732,4982.8939,4972.6736,4979.01134,10220
2026-02-13 13:15:00,4979.13078,4985.03795,4976.60492,4984.31321,8433
2026-02-13 13:30:00,4984.68136,4989.32637,4974.40037,4981.93099,14925
2026-02-13 13:45:00,4982.0144,4989.31192,4972.90743,4987.09747,16404
2026-02-13 14:00:00,4987.10668,4987.26751,4982.3409,4983.53379,4926
2026-02-13 14:15:00,4983.55707,4983.75638,4974.17454,4978.17961,9581
2026-02-13 14:30:00,4978.21656,4984.37444,4974.91131,4977.07025,9463
2026-02-13 14:45:00,4976.96894,4984.21972,4976.96894,4982.57158,7250
2026-02-13 15:00:00,4982.63728,4987.39282,4975.47062,4985.8553,11922
2026-02-13 15:15:00,4985.85159,4997.13621,4985.64475,4985.64475,11491
2026-02-13 15:30:00,4985.79598,4985.85423,4976.42188,4976.55907,9432
2026-02-13 15:45:00,4976.4986,4977.84791,4973.85287,4975.33775,3995
2026-02-13 16:00:00,4975.53194,4981.10405,4975.31436,4978.70084,5789
2026-02-13 16:15:00,4978.69457,4985.69143,4969.56386,4982.17204,16127
2026-02-13 16:30:00,4982.57759,4982.57759,4964.57239,4964.57239,18005
2026-02-13 16:45:00,4964.81266,4964.81266,4947.15671,4948.18221,17655
2026-02-13 17:00:00,4947.90958,4960.10742,4947.03274,4957.07649,13074
2026-02-13 17:15:00,4956.86851,4959.58317,4948.82073,4953.40949,10762
2026-02-13 17:30:00,4953.4613,4962.80516,4951.06577,4954.95375,11739
2026-02-13 17:45:00,4954.88149,4970.14156,4951.66779,4967.14602,18473
2026-02-13 18:00:00,4967.45221,4967.45221,4954.24303,4958.72111,13209
2026-02-13 18:15:00,4958.38673,4975.30556,4958.38673,4968.50532,16918
2026-02-13 18:30:00,4968.45902,4982.24037,4967.57921,4971.23866,14661
2026-02-13 18:45:00,4971.16102,4978.65099,4970.72793,4974.73838,7923
2026-02-13 19:00:00,4974.81152,4988.60001,4973.85792,4981.29117,14742
2026-02-13 19:15:00,4981.54309,4985.83323,4975.9569,4983.84416,9876
2026-02-13 19:30:00,4983.48036,4984.26244,4979.4758,4983.88574,4786
2026-02-13 19:45:00,4983.77058,4985.60244,4974.97893,4982.43991,10623
2026-02-13 20:00:00,4982.45668,4982.55136,4978.08141,4980.08483,4469
2026-02-13 20:15:00,4979.43493,4981.20126,4968.02116,4968.02116,13180
2026-02-13 20:30:00,4967.50173,4972.54171,4964.06442,4970.20597,8477
2026-02-13 20:45:00,4969.95099,4975.33586,4969.95099,4972.28628,5384
2026-02-13 21:00:00,4972.75502,4978.57048,4967.51207,4974.99222,11058
2026-02-13 21:15:00,4975.14783,4979.00316,4968.40539,4978.97029,10597
2026-02-13 21:30:00,4978.82471,4978.99469,4967.36372,4969.39945,11630
2026-02-13 21:45:00,4969.34969,4969.79394,4948.70709,4950.97338,21086
2026-02-13 22:00:00,4950.76047,4955.02517,4938.75667,4949.9477,16268
2026-02-13 22:15:00,4949.81808,4950.76021,4935.89389,4943.78044,14866
2026-02-13 22:30:00,4943.67783,4948.64838,4934.6717,4944.57716,13976
2026-02-13 22:45:00,4944.25355,4953.50416,4941.37506,4952.61446,12129
2026-02-13 23:00:00,4952.90164,4965.80012,4952.32997,4963.31703,13470
2026-02-13 23:15:00,4963.54687,4971.68012,4963.29873,4968.05781,8381
2026-02-13 23:30:00,4968.30418,4976.18315,4964.87502,4967.96658,11308
2026-02-13 23:45:00,4968.05995,4972.73207,4966.57569,4968.12296,6156
2026-02-14 00:00:00,4967.93151,4974.88265,4964.97577,4968.04695,9906
2026-02-14 00:15:00,4967.99065,4968.92707,4957.52942,4967.81999,11397
2026-02-14 00:30:00,4968.27099,4995.89257,4967.84689,4991.40553,28045
2026-02-14 00:45:00,4991.07679,4991.39352,4975.03574,4986.17314,16357
2026-02-14 01:00:00,4986.14955,4997.93622,4986.14955,4997.4884,11786
2026-02-14 01:15:00,4997.42034,5005.67395,4995.24942,5003.14754,10424
2026-02-14 01:30:00,5003.29238,5009.24608,4972.14082,4985.00755,37105
2026-02-14 01:45:00,4984.00234,5004.44676,4984.00234,4996.18228,20444
2026-02-14 02:00:00,4996.08134,5008.80895,4996.08134,5003.74791,12727
2026-02-14 02:15:00,5003.82784,5008.95206,4998.09635,5008.95206,10855
2026-02-14 02:30:00,5008.94895,5022.76908,5006.46999,5009.27087,16299
2026-02-14 02:45:00,5008.96866,5009.24208,4976.64293,4977.9606,32599
2026-02-14 03:00:00,4977.93562,4992.52237,4977.93562,4992.45508,14586
2026-02-14 03:15:00,4992.349,5029.32026,4992.349,5029.32026,36971
2026-02-14 03:30:00,5030.01494,5030.01494,5014.13203,5016.78854,15882
2026-02-14 03:45:00,5016.88543,5017.65056,5013.67278,5014.62254,3977
2026-02-14 04:00:00,5014.94902,5021.07425,5007.97193,5015.2982,13102
2026-02-14 04:15:00,5015.1823,5020.18568,5007.82512,5018.7301,12360
2026-02-14 04:30:00,5018.77695,5025.69047,5016.98296,5021.33906,8707
2026-02-14 04:45:00,5021.13129,5023.18499,5015.56086,5019.98551,7624
2026-02-14 05:00:00,5019.58748,5029.11412,5019.43823,5028.07055,9675
2026-02-14 05:15:00,5028.14712,5030.46367,5022.43304,5024.90767,8030
2026-02-14 05:30:00,5024.49211,5031.01884,5022.60878,5029.98655,8410
2026-02-14 05:45:00,5029.84542,5034.27863,5026.37652,5031.39702,7902
2026-02-14 06:00:00,5031.42894,5045.31285,5030.91505,5038.04415,14397
2026-02-14 06:15:00,5037.80373,5044.76385,5037.15707,5043.04966,7606
2026-02-14 06:30:00,5042.69138,5043.01487,5032.15217,5033.61681,10862
2026-02-14 06:45:00,5033.5577,5038.42219,5029.89519,5029.89519,8527
2026-02-14 07:00:00,5029.60512,5033.51639,5026.73763,5029.28211,6778
2026-02-14 07:15:00,5029.47427,5031.70876,5028.8249,5029.44195,2883
2026-02-14 07:30:00,5029.29459,5034.49758,5025.8786,5030.27336,8618
2026-02-14 07:45:00,5030.26428,5032.92036,5023.95409,5032.92036,8966
2026-02-14 08:00:00,5032.73547,5035.45801,5029.90745,5032.06382,5550
2026-02-14 08:15:00,5031.76404,5034.52294,5030.77825,5033.23612,3744
2026-02-14 08:30:00,5033.2767,5039.27924,5031.50754,5038.61908,7771
2026-02-14 08:45:00,5038.53869,5044.24291,5038.23106,5042.63303,6011
2026-02-14 09:00:00,5042.49259,5043.32552,5042.49259,5043.10501,832
2026-02-14 09:15:00,5043.10944,5043.33506,5043.04034,5043.08816,294
2026-02-14 09:30:00,5043.11634,5043.33137,5043.0468,5043.19228,284
2026-02-14 09:45:00,5043.12076,5043.34556,5043.05898,5043.23404,286
2026-02-14 10:00:00,5043.12629,5043.3381,5043.05018,5043.13306,287
2026-02-14 10:15:00,5043.11826,5043.33579,5043.04792,5043.08067,287
2026-02-14 10:30:00,5043.11645,5043.31432,5043.02232,5043.13327,292
2026-02-14 10:45:00,5043.08127,5043.31191,5043.01781,5043.20897,294
2026-02-14 11:00:00,5043.09616,5043.3203,5043.03721,5043.14644,283
2026-02-14 11:15:00,5043.11103,5043.32762,5043.03858,5043.06056,289
2026-02-14 11:30:00,5043.09704,5043.30697,5043.02764,5043.12091,279
2026-02-14 11:45:00,5043.08993,5043.30668,5043.02176,5043.20806,284
2026-02-14 12:00:00,5043.09715,5043.31425,5043.02576,5043.16343,288
2026-02-14 12:15:00,5043.10849,5043.33273,5043.04732,5043.07868,285
2026-02-14 12:30:00,5043.11406,5043.32785,5043.03805,5043.11453,289
2026-02-14 12:45:00,5043.10366,5043.31405,5043.0354,5043.2073,278
2026-02-14 13:00:00,5043.10186,5043.32654,5043.02992,5043.18417,296
2026-02-14 13:15:00,5043.11103,5043.32789,5043.05127,5043.09432,276
2026-02-14 13:30:00,5043.11816,5043.32561,5043.03497,5043.09182,290
2026-02-14 13:45:00,5043.09832,5043.32319,5043.03532,5043.19146,287
2026-02-14 14:00:00,5043.09476,5043.32467,5043.03279,5043.19086,291
2026-02-14 14:15:00,5043.10109,5043.30928,5043.03204,5043.09257,277
2026-02-14 14:30:00,5043.10645,5043.32526,5043.03188,5043.0721,293
2026-02-14 14:45:00,5043.09364,5043.31789,5043.03272,5043.19573,285
2026-02-14 15:00:00,5043.11358,5043.33362,5043.03542,5043.19077,298
2026-02-14 15:15:00,5043.08753,5043.32726,5043.04805,5043.11336,279
2026-02-14 15:30:00,5043.11149,5043.31918,5043.02546,5043.06166,293
2026-02-14 15:45:00,5043.09376,5043.31546,5043.04251,5043.17249,272
2026-02-14 16:00:00,5043.10765,5043.32594,5043.0377,5043.20377,288
2026-02-14 16:15:00,5043.09228,5043.33124,5043.04298,5043.13428,288
2026-02-14 16:30:00,5043.11358,5043.34014,5043.04719,5043.06145,292
2026-02-14 16:45:00,5043.09905,5043.30989,5043.03306,5043.1344,276
2026-02-14 17:00:00,5043.09133,5043.3276,5043.02686,5043.22956,300
2026-02-14 17:15:00,5043.11653,5043.3333,5043.05125,5043.15438,282
2026-02-14 17:30:00,5043.11358,5043.3235,5043.04476,5043.061,278
2026-02-14 17:45:00,5043.09876,5043.32388,5043.03248,5043.13572,291
2026-02-14 18:00:00,5043.11103,5043.328,5043.03482,5043.217,293
2026-02-14 18:15:00,5043.10547,5043.32518,5043.04025,5043.1739,284
2026-02-14 18:30:00,5043.11297,5043.32055,5043.04057,5043.06599,279
2026-02-14 18:45:00,5043.09931,5043.31944,5043.03031,5043.10816,289
2026-02-14 19:00:00,5043.10365,5043.31408,5043.02452,5043.19421,289
2026-02-14 19:15:00,5043.08917,5043.31789,5043.02684,5043.1784,291
2026-02-14 19:30:00,5043.09841,5043.32752,5043.04519,5043.09298,282
2026-02-14 19:45:00,5043.11561,5043.33325,5043.03277,5043.08596,300
2026-02-14 20:00:00,5043.09846,5043.31688,5043.02482,5043.18462,292
2026-02-14 20:15:00,5043.09323,5043.32533,5043.02682,5043.20265,298
2026-02-14 20:30:00,5043.10849,5043.32798,5043.04437,5043.09728,283
2026-02-14 20:45:00,5043.10595,5043.33075,5043.03499,5043.08645,295
2026-02-14 21:00:00,5043.11103,5043.31903,5043.03263,5043.17943,286
2026-02-14 21:15:00,5043.10294,5043.32431,5043.03689,5043.20925,287
2026-02-14 21:30:00,5043.1034,5043.32026,5043.03832,5043.11945,281
2026-02-14 21:45:00,5043.11103,5043.32784,5043.04257,5043.07482,285
2026-02-14 22:00:00,5043.10965,5043.32826,5043.04336,5043.16625,284
2026-02-14 22:15:00,5043.10849,5043.32149,5043.03745,5043.22049,284
2026-02-14 22:30:00,5043.10884,5043.33642,5043.04432,5043.1458,292
2026-02-14 22:45:00,5043.11831,5043.32797,5043.04424,5043.07084,283
2026-02-14 23:00:00,5043.10849,5043.31422,5043.02474,5043.1304,289
2026-02-14 23:15:00,5043.09265,5043.31291,5043.02763,5043.2141,285
2026-02-14 23:30:00,5043.10043,5043.31644,5043.02465,5043.13973,291
2026-02-14 23:45:00,5043.09069,5043.30905,5043.02434,5043.05461,284
2026-02-15 00:00:00,5043.09069,5043.31025,5043.02289,5043.1075,287
2026-02-15 00:15:00,5043.09069,5043.30384,5043.02224,5043.19963,281
2026-02-15 00:30:00,5043.09069,5043.31033,5043.02273,5043.15895,287
2026-02-15 00:45:00,5043.09069,5043.30928,5043.02466,5043.06143,284
2026-02-15 01:00:00,5043.09069,5043.30904,5043.02289,5043.08919,286
2026-02-15 01:15:00,5043.09069,5043.31024,5043.02705,5043.19039,283
2026-02-15 01:30:00,5043.09069,5043.31033,5043.02224,5043.17603,288
2026-02-15 01:45:00,5043.09069,5043.30671,5043.02272,5043.07293,283
2026-02-15 02:00:00,5043.09069,5043.30929,5043.02433,5043.07363,284
2026-02-15 02:15:00,5043.09069,5043.30713,5043.0229,5043.17682,284
2026-02-15 02:30:00,5043.09069,5043.31024,5043.02225,5043.1898,287
2026-02-15 02:45:00,5043.09069,5043.31033,5043.02756,5043.08832,282
2026-02-15 03:00:00,5043.09069,5043.30929,5043.02272,5043.0619,286
2026-02-15 03:15:00,5043.09069,5043.30902,5043.02432,5043.15987,284
2026-02-15 03:30:00,5043.09069,5043.31024,5043.0229,5043.19928,287
2026-02-15 03:45:00,5043.09069,5043.30389,5043.02225,5043.10653,281
2026-02-15 04:00:00,5043.09069,5043.31033,5043.02272,5043.05483,287
2026-02-15 04:15:00,5043.09069,5043.3093,5043.02468,5043.14074,284
2026-02-15 04:30:00,5043.09069,5043.30902,5043.02291,5043.20381,286
2026-02-15 04:45:00,5043.09069,5043.31024,5043.02701,5043.12626,283
2026-02-15 05:00:00,5043.09069,5043.31033,5043.02225,5043.05292,288
2026-02-15 05:15:00,5043.09069,5043.30667,5043.02271,5043.12074,283
2026-02-15 05:30:00,5043.09069,5043.30931,5043.0243,5043.20308,285
2026-02-15 05:45:00,5043.09069,5043.30901,5043.02291,5043.14616,286
2026-02-15 06:00:00,5043.09069,5043.31023,5043.02699,5043.05628,283
2026-02-15 06:15:00,5043.09069,5043.31034,5043.02225,5043.10129,288
2026-02-15 06:30:00,5043.09069,5043.30666,5043.02271,5043.19713,283
2026-02-15 06:45:00,5043.09069,5043.30931,5043.02429,5043.16482,285
2026-02-15 07:00:00,5043.09069,5043.30717,5043.02292,5043.0647,284
2026-02-15 07:15:00,5043.09069,5043.31023,5043.02225,5043.08375,287
2026-02-15 07:30:00,5043.09069,5043.31034,5043.02761,5043.18639,282
2026-02-15 07:45:00,5043.09069,5043.30932,5043.0227,5043.18094,286
2026-02-15 08:00:00,5043.09069,5043.30899,5043.02428,5043.07758,284
2026-02-15 08:15:00,5043.09069,5043.31023,5043.02292,5043.06933,287
2026-02-15 08:30:00,5043.09069,5043.30395,5043.02225,5043.1716,281
2026-02-15 08:45:00,5043.09069,5043.31034,5043.0227,5043.1934,287
2026-02-15 09:00:00,5043.09069,5043.30933,5043.02472,5043.09402,284
2026-02-15 09:15:00,5043.09069,5043.30899,5043.02293,5043.05905,286
2026-02-15 09:30:00,5043.09069,5043.31023,5043.02696,5043.1538,283
2026-02-15 09:45:00,5043.09069,5043.31196,5043.01514,5043.20132,296
2026-02-15 10:00:00,5043.09069,5043.30662,5043.02269,5043.11287,283
2026-02-15 10:15:00,5043.09069,5043.30933,5043.02426,5043.05363,285
2026-02-15 10:30:00,5043.09069,5043.30721,5043.02293,5043.13423,284
2026-02-15 10:45:00,5043.09069,5043.31022,5043.02225,5043.20415,287
2026-02-15 11:00:00,5043.09069,5043.31034,5043.02765,5043.13281,282
2026-02-15 11:15:00,5043.09069,5043.30934,5043.02269,5043.05344,286
2026-02-15 11:30:00,5043.09069,5043.30897,5043.02426,5043.11427,284
2026-02-15 11:45:00,5043.09069,5043.30722,5043.02294,5043.2017,284
2026-02-15 12:00:00,5043.09069,5043.31022,5043.02225,5043.15245,287
2026-02-15 12:15:00,5043.09069,5043.31034,5043.02767,5043.0585,282
2026-02-15 12:30:00,5043.09069,5043.30935,5043.02269,5043.09529,286
2026-02-15 12:45:00,5043.09069,5043.30896,5043.02425,5043.19412,284
2026-02-15 13:00:00,5043.09069,5043.31022,5043.02294,5043.17042,287
2026-02-15 13:15:00,5043.09069,5043.30401,5043.02225,5043.06845,281
2026-02-15 13:30:00,5043.09069,5043.31035,5043.02268,5043.07864,287
2026-02-15 13:45:00,5043.09069,5043.30935,5043.02476,5043.18196,284
2026-02-15 14:00:00,5043.09069,5043.30896,5043.02295,5043.18546,286
2026-02-15 14:15:00,5043.09069,5043.31021,5043.0269,5043.08261,283
2026-02-15 14:30:00,5043.09069,5043.31035,5043.02225,5043.06548,288
2026-02-15 14:45:00,5043.09069,5043.30657,5043.02268,5043.16607,283
2026-02-15 15:00:00,5043.09069,5043.30936,5043.02423,5043.19652,285
2026-02-15 15:15:00,5043.09069,5043.30725,5043.02295,5043.09997,284
2026-02-15 15:30:00,5043.09069,5043.31021,5043.02225,5043.05672,287
2026-02-15 15:45:00,5043.09069,5043.31035,5043.02771,5043.14754,282
2026-02-15 16:00:00,5043.09069,5043.30936,5043.02267,5043.20282,286
2026-02-15 16:15:00,5043.09069,5043.30894,5043.02422,5043.11933,284
2026-02-15 16:30:00,5043.09069,5043.31021,5043.02296,5043.05298,287
2026-02-15 16:45:00,5043.09069,5043.30406,5043.02225,5043.12769,281
2026-02-15 17:00:00,5043.09069,5043.31035,5043.02267,5043.20393,287
2026-02-15 17:15:00,5043.09069,5043.30937,5043.02479,5043.13933,284
2026-02-15 17:30:00,5043.09069,5043.30894,5043.02421,5043.05452,284
2026-02-15 17:45:00,5043.09069,5043.31021,5043.02296,5043.10789,287
2026-02-15 18:00:00,5043.09069,5043.30407,5043.02225,5043.19977,281
2026-02-15 18:15:00,5043.09069,5043.31035,5043.02267,5043.15857,287
2026-02-15 18:30:00,5043.09069,5043.30938,5043.0248,5043.06124,284
2026-02-15 18:45:00,5043.09069,5043.30893,5043.02297,5043.08954,285
2026-02-15 19:00:00,5043.09069,5043.3102,5043.02685,5043.19062,283
2026-02-15 19:15:00,5043.09069,5043.31036,5043.02225,5043.17571,288
2026-02-15 19:30:00,5043.09069,5043.30653,5043.02266,5043.07265,283
2026-02-15 19:45:00,5043.09069,5043.30938,5043.02419,5043.07391,285
2026-02-15 20:00:00,5043.09069,5043.30729,5043.02297,5043.17713,284
2026-02-15 20:15:00,5043.09069,5043.3102,5043.02225,5043.18956,287
2026-02-15 20:30:00,5043.09069,5043.31036,5043.02777,5043.08798,282
2026-02-15 20:45:00,5043.09069,5043.30939,5043.02266,5043.0621,286
2026-02-15 21:00:00,5043.09069,5043.30891,5043.02419,5043.16025,284
2026-02-15 21:15:00,5043.09069,5043.3102,5043.02298,5043.19913,287
2026-02-15 21:30:00,5043.09069,5043.30412,5043.02225,5043.10613,281
2026-02-15 21:45:00,5043.09069,5043.31036,5043.02265,5043.05493,287
2026-02-15 22:00:00,5043.09069,5043.3094,5043.02483,5043.14114,284
2026-02-15 22:15:00,5043.09069,5043.3089,5043.02298,5043.20377,285
2026-02-15 22:30:00,5043.09069,5043.31019,5043.02681,5043.12585,283
2026-02-15 22:45:00,5043.09069,5043.31036,5043.02225,5043.0529,288
2026-02-15 23:00:00,5043.09069,5043.30649,5043.02265,5043.12115,283
2026-02-15 23:15:00,5043.09069,5043.3094,5043.02417,5043.20315,285
2026-02-15 23:30:00,5043.09069,5043.3089,5043.02299,5043.14576,285
2026-02-15 23:45:00,5043.09069,5043.31019,5043.0268,5043.05616,283
2026-02-16 00:00:00,5043.09069,5043.31036,5043.02225,5043.10168,288
2026-02-16 00:15:00,5043.09069,5043.30648,5043.02265,5043.19731,283
2026-02-16 00:30:00,5043.09069,5043.30941,5043.02416,5043.16446,285
2026-02-16 00:45:00,5043.09069,5043.30734,5043.02299,5043.06448,284
2026-02-16 01:00:00,5043.09069,5043.31019,5043.02226,5043.08408,287
2026-02-16 01:15:00,5043.09069,5043.31036,5043.02783,5043.18666,282
2026-02-16 01:30:00,5043.09069,5043.30941,5043.02264,5043.18065,286
2026-02-16 01:45:00,5043.09069,5043.30888,5043.02415,5043.07728,284
2026-02-16 02:00:00,5043.09069,5043.31019,5043.023,5043.06959,287
2026-02-16 02:15:00,5043.09069,5043.30418,5043.02226,5043.17194,281
2026-02-16 02:30:00,5043.09069,5043.31037,5043.02264,5043.19319,287
2026-02-16 02:45:00,5043.09069,5043.30942,5043.02487,5043.09365,284
2026-02-16 03:00:00,5043.09069,5043.30887,5043.023,5043.05921,285
2026-02-16 03:15:00,5043.09069,5043.31018,5043.02676,5043.15419,283
2026-02-16 03:30:00,5043.09069,5043.31037,5043.02226,5043.20121,288
2026-02-16 03:45:00,5043.09069,5043.30644,5043.02264,5043.11247,283
2026-02-16 04:00:00,5043.09069,5043.30943,5043.02414,5043.05369,285
2026-02-16 04:15:00,5043.09069,5043.30737,5043.02301,5043.13464,284
2026-02-16 04:30:00,5043.09069,5043.31018,5043.02226,5043.20415,287
2026-02-16 04:45:00,5043.09069,5043.31037,5043.02787,5043.1324,282
2026-02-16 05:00:00,5043.09069,5043.30943,5043.02263,5043.05339,286
2026-02-16 05:15:00,5043.09069,5043.30886,5043.02413,5043.11467,284
2026-02-16 05:30:00,5043.09069,5043.30738,5043.02301,5043.2018,284
2026-02-16 05:45:00,5043.09069,5043.31018,5043.02226,5043.15206,287
2026-02-16 06:00:00,5043.09069,5043.31303,5043.00674,5043.07325,306
2026-02-16 06:15:00,5043.10397,5043.32756,5043.03762,5043.12433,289
2026-02-16 06:30:00,5043.11876,5043.34381,5043.05136,5043.2255,292
2026-02-16 06:45:00,5043.1202,5043.34294,5043.05359,5043.2085,289
2026-02-16 07:00:00,5043.13127,5043.33356,5043.04514,5043.08763,288
2026-02-16 07:15:00,5043.11103,5043.33349,5043.04909,5043.10062,284
2026-02-16 07:30:00,5043.11103,5043.32783,5043.04313,5043.20929,284
2026-02-16 07:45:00,5043.11612,5043.33347,5043.04594,5043.20222,287
2026-02-16 08:00:00,5043.10849,5043.33046,5043.04636,5043.10756,284
2026-02-16 08:15:00,5043.1172,5043.32574,5043.03861,5043.07896,287
2026-02-16 08:30:00,5043.10358,5043.32881,5042.62295,5043.19014,705
2026-02-16 08:45:00,5043.11264,5043.33617,5043.03536,5043.21073,300
2026-02-16 09:00:00,5043.10572,5043.33089,5042.66991,5042.81755,660
2026-02-16 09:15:00,5042.84559,5043.34971,5042.79403,5043.08241,555
2026-02-16 09:30:00,5043.11583,5043.33924,5042.74127,5043.18706,597
2026-02-16 09:45:00,5043.12467,5043.38757,5043.05111,5043.22779,336
2026-02-16 10:00:00,5044.13251,5044.13251,5016.21806,5020.03766,27914
2026-02-16 10:15:00,5020.95474,5030.58644,5020.01695,5029.23257,10569
2026-02-16 10:30:00,5029.21806,5031.06009,5018.54324,5021.72551,12516
2026-02-16 10:45:00,5021.97389,5022.25851,5015.42589,5020.55422,6832
2026-02-16 11:00:00,5020.81773,5020.81773,5007.17875,5017.53006,13638
2026-02-16 11:15:00,5017.43962,5021.01117,5007.21872,5011.57267,13792
2026-02-16 11:30:00,5011.64949,5016.03868,5007.09669,5014.36669,8941
2026-02-16 11:45:00,5014.45557,5021.30317,5011.15642,5015.56809,10146
2026-02-16 12:00:00,5015.60234,5023.38257,5008.25342,5022.53222,15129
2026-02-16 12:15:00,5022.40267,5031.32799,5022.40267,5028.5003,8925
2026-02-16 12:30:00,5028.66429,5031.19863,5026.73222,5029.99182,4466
2026-02-16 12:45:00,5030.02164,5030.62274,5026.20408,5028.48334,4418
2026-02-16 13:00:00,5028.35285,5031.07731,5021.83882,5021.83882,9238
2026-02-16 13:15:00,5021.55853,5027.23912,5019.45166,5019.65732,7787
2026-02-16 13:30:00,5019.38032,5021.15555,5003.50521,5004.10636,17650
2026-02-16 13:45:00,5004.69066,5004.69066,4992.03722,4994.69415,12653
2026-02-16 14:00:00,4994.77649,4999.50457,4990.95567,4995.89629,8548
2026-02-16 14:15:00,4995.70224,4997.64003,4994.24209,4995.44356,3397
2026-02-16 14:30:00,4995.21203,4996.07797,4988.31497,4991.04085,7762
2026-02-16 14:45:00,4990.97224,4994.25376,4985.76554,4988.80768,8488
2026-02-16 15:00:00,4988.83577,4991.29735,4974.83893,4975.86391,16458
2026-02-16 15:15:00,4975.90812,4979.59087,4973.32522,4978.42335,6265
2026-02-16 15:30:00,4978.53454,4978.53454,4974.04674,4976.27751,4487
2026-02-16 15:45:00,4976.16081,4979.79957,4974.71318,4976.69895,5086
2026-02-16 16:00:00,4976.64217,4985.07923,4968.76904,4984.40437,16310
2026-02-16 16:15:00,4984.34034,4988.2249,4983.99659,4986.68398,4228
2026-02-16 16:30:00,4986.77997,4988.45705,4983.60433,4985.66371,4852
2026-02-16 16:45:00,4985.79763,4990.2218,4985.63728,4990.19826,4584
2026-02-16 17:00:00,4990.28433,4992.55342,4987.80282,4990.28814,4750
2026-02-16 17:15:00,4990.33397,4993.62314,4986.0667,4993.62314,7556
2026-02-16 17:30:00,4993.57984,4999.16235,4991.00875,4999.16235,8153
2026-02-16 17:45:00,4998.55735,5001.91569,4994.37651,4995.1455,7539
2026-02-16 18:00:00,4995.31477,4997.95283,4990.56211,4996.69719,7390
2026-02-16 18:15:00,4996.62816,4998.78618,4994.19167,4998.11935,4594
2026-02-16 18:30:00,4998.05157,5004.30492,4997.46297,5004.30314,6841
2026-02-16 18:45:00,5004.71399,5009.74092,4999.2811,5007.62982,10459
2026-02-16 19:00:00,5007.61871,5013.90874,4999.28031,4999.28031,14628
2026-02-16 19:15:00,4999.22723,5006.42643,4996.88136,5005.6415,9545
2026-02-16 19:30:00,5005.66181,5008.15032,5004.92563,5006.52378,3224
2026-02-16 19:45:00,5006.5529,5009.66361,5004.14411,5009.66361,5519
2026-02-16 20:00:00,5009.63914,5015.08452,5007.92876,5009.32402,7155
2026-02-16 20:15:00,5008.74915,5015.79486,5008.74915,5013.42197,7045
2026-02-16 20:30:00,5013.40417,5014.48138,5010.40191,5011.22,4079
2026-02-16 20:45:00,5011.3441,5016.57435,5009.5503,5013.8435,7024
2026-02-16 21:00:00,5013.78323,5017.80731,5007.47316,5007.47316,10334
2026-02-16 21:15:00,5007.69831,5011.59112,5004.73583,5007.19625,6855
2026-02-16 21:30:00,5007.76924,5008.41698,5001.597,5008.24497,6819
2026-02-16 21:45:00,5008.23086,5010.58895,5006.39236,5006.47787,4196
2026-02-16 22:00:00,5006.42258,5006.50679,4999.00715,5000.91465,7499
2026-02-16 22:15:00,5000.81633,5005.631,5000.52124,5004.91392,5109
2026-02-16 22:30:00,5004.8557,5006.07449,5002.90147,5006.07449,3173
2026-02-16 22:45:00,5006.12504,5007.3909,5001.94682,5004.47328,5444
2026-02-16 23:00:00,5004.45811,5004.77552,4998.69072,4998.93402,6084
2026-02-16 23:15:00,4998.53421,5000.67844,4993.86292,4995.95479,6815
2026-02-16 23:30:00,4995.94841,5006.47547,4995.92327,5003.58831,10552
2026-02-16 23:45:00,5003.44582,5004.22636,4999.87303,5000.84001,4353
2026-02-17 00:00:00,5000.45393,5003.27979,4998.96977,4999.09888,4310
2026-02-17 00:15:00,4998.88139,5002.93185,4994.50582,4994.50582,8426
2026-02-17 00:30:00,4994.49141,4998.27198,4993.64133,4994.9605,4630
2026-02-17 00:45:00,4995.00627,4997.67008,4990.95908,4997.17267,6711
2026-02-17 01:00:00,4997.07203,4998.14734,4994.469,4995.90412,3678
2026-02-17 01:15:00,4995.81766,4999.08396,4991.27768,4992.36771,7806
2026-02-17 01:30:00,4992.2865,4994.17515,4987.03568,4987.03568,7139
2026-02-17 01:45:00,4987.04272,4988.8012,4983.01165,4987.74485,5789
2026-02-17 02:00:00,4987.54403,4987.71028,4971.61455,4977.75649,16095
2026-02-17 02:15:00,4977.82195,4980.90177,4976.43167,4980.63979,4470
2026-02-17 02:30:00,4980.54332,4980.75043,4976.19726,4979.94619,4553
2026-02-17 02:45:00,4979.82876,4982.31106,4978.19671,4980.40031,4114
2026-02-17 03:00:00,4980.37523,4980.43175,4974.35797,4979.0606,6073
2026-02-17 03:15:00,4979.10271,4986.2534,4976.20693,4986.07124,10046
2026-02-17 03:30:00,4985.86403,4990.10459,4985.86403,4988.62788,4240
2026-02-17 03:45:00,4988.59967,4988.85983,4984.8559,4988.38924,4003
2026-02-17 04:00:00,4988.42906,4993.48543,4988.4128,4991.79786,5072
2026-02-17 04:15:00,4991.84736,4994.52778,4991.72692,4993.93918,2800
2026-02-17 04:30:00,4993.74517,4995.57381,4991.26149,4992.30856,4312
2026-02-17 04:45:00,4992.11215,4993.0163,4990.90107,4991.48867,2115
2026-02-17 05:00:00,4991.37037,4993.68443,4989.04425,4993.68443,4640
2026-02-17 05:15:00,4993.71398,4997.52387,4992.83146,4994.81992,4692
2026-02-17 05:30:00,4994.75787,4994.86338,4991.79846,4994.70142,3064
2026-02-17 05:45:00,4994.89181,4997.95104,4994.38802,4994.99913,3563
2026-02-17 06:00:00,4995.03603,4996.03057,4991.25891,4991.25891,4771
2026-02-17 06:15:00,4991.3369,4996.63168,4990.41982,4992.33563,6211
2026-02-17 06:30:00,4992.33194,4993.65386,4991.5787,4992.47913,2075
2026-02-17 06:45:00,4992.40922,4992.60154,4991.96541,4992.462,636
2026-02-17 07:00:00,4992.35719,4992.87902,4992.28521,4992.57557,593
2026-02-17 07:15:00,4992.56441,4992.73147,4992.36199,4992.43034,369
2026-02-17 07:30:00,4992.46264,4992.67975,4992.31582,4992.53999,363
2026-02-17 07:45:00,4992.47675,4992.68816,4992.2928,4992.52273,395
2026-02-17 08:00:00,4992.41633,4992.69003,4992.3498,4992.49549,340
2026-02-17 08:15:00,4992.47497,4992.69202,4992.40301,4992.43737,289
2026-02-17 08:30:00,4992.47277,4992.69361,4992.39939,4992.53575,294
2026-02-17 08:45:00,4992.49171,4992.69186,4992.10763,4992.10763,584
2026-02-17 09:00:00,4991.93783,4992.69385,4991.93783,4992.52159,756
2026-02-17 09:15:00,4992.48105,4992.68674,4992.40499,4992.56399,281
2026-02-17 09:30:00,4992.58522,4992.71707,4991.9777,4992.49361,739
2026-02-17 09:45:00,4992.46821,4992.69689,4992.27365,4992.53255,423
2026-02-17 10:00:00,4992.60096,4998.80306,4989.2119,4991.67869,9591
2026-02-17 10:15:00,4991.77774,4999.41567,4987.4217,4995.51532,11993
2026-02-17 10:30:00,4995.64378,4995.64378,4989.45532,4990.14641,6188
2026-02-17 10:45:00,4990.07259,4993.55772,4989.7978,4989.93804,3759
2026-02-17 11:00:00,4990.00297,4990.71552,4976.43521,4977.32484,14280
2026-02-17 11:15:00,4977.33717,4980.85469,4973.16446,4974.08329,7690
2026-02-17 11:30:00,4974.16596,4978.10505,4968.20819,4969.98306,9896
2026-02-17 11:45:00,4969.8593,4970.06058,4934.79618,4934.79618,35264
2026-02-17 12:00:00,4935.51231,4949.83842,4927.47874,4949.52206,22359
2026-02-17 12:15:00,4949.57052,4956.48927,4945.7188,4956.39974,10770
2026-02-17 12:30:00,4956.39297,4966.57753,4956.39297,4963.0073,10184
2026-02-17 12:45:00,4962.95094,4963.4182,4955.62432,4957.99868,7793
2026-02-17 13:00:00,4957.95741,4965.4092,4956.01187,4964.70956,9397
2026-02-17 13:15:00,4964.6846,4970.52441,4964.09608,4966.64117,6428
2026-02-17 13:30:00,4966.56152,4966.68756,4960.39531,4960.96972,6292
2026-02-17 13:45:00,4961.00116,4967.30458,4960.97563,4966.969,6328
2026-02-17 14:00:00,4966.8075,4968.90081,4960.66347,4960.66347,8237
2026-02-17 14:15:00,4960.58366,4961.17262,4955.04982,4956.05416,6122
2026-02-17 14:30:00,4956.04162,4960.30911,4951.08006,4954.94434,9229
2026-02-17 14:45:00,4954.85119,4959.40407,4954.16555,4957.40951,5238
2026-02-17 15:00:00,4957.76156,4957.76156,4946.72375,4952.79331,11037
2026-02-17 15:15:00,4952.68264,4960.09834,4951.72881,4959.8438,8369
2026-02-17 15:30:00,4959.77527,4959.94606,4951.42615,4952.44637,8519
2026-02-17 15:45:00,4952.47446,4953.74526,4950.49586,4953.00082,3249
2026-02-17 16:00:00,4953.04041,4953.34384,4928.42472,4932.64293,24919
2026-02-17 16:15:00,4931.29249,4932.60627,4888.85094,4900.61531,43755
2026-02-17 16:30:00,4900.32353,4900.57856,4873.71174,4883.26447,26866
2026-02-17 16:45:00,4882.51903,4898.33198,4878.50363,4888.84897,19828
2026-02-17 17:00:00,4889.13057,4892.95047,4888.8216,4889.74996,4128
2026-02-17 17:15:00,4889.76889,4900.77214,4889.13554,4895.0632,11636
2026-02-17 17:30:00,4894.78588,4913.07687,4893.55298,4909.11743,19523
2026-02-17 17:45:00,4909.01491,4913.26635,4903.50415,4910.46532,9762
2026-02-17 18:00:00,4910.35346,4912.10342,4905.48344,4908.11341,6619
2026-02-17 18:15:00,4907.94292,4913.18054,4906.3372,4908.38574,6843
2026-02-17 18:30:00,4908.05933,4921.71932,4904.07912,4919.62121,17640
2026-02-17 18:45:00,4919.11914,4921.77326,4913.85364,4916.56841,7919
2026-02-17 19:00:00,4916.46051,4930.95379,4916.46051,4928.78349,14493
2026-02-17 19:15:00,4928.59647,4928.75773,4918.34389,4920.72255,10413
2026-02-17 19:30:00,4920.74493,4924.33008,4917.29455,4917.64409,7035
2026-02-17 19:45:00,4917.73314,4924.18456,4917.66652,4922.41903,6518
2026-02-17 20:00:00,4922.3184,4929.97781,4921.75644,4922.86595,8221
2026-02-17 20:15:00,4922.72821,4922.86207,4918.54199,4919.43134,4320
2026-02-17 20:30:00,4919.3027,4923.34742,4918.26654,4919.6279,5080
2026-02-17 20:45:00,4919.32038,4929.65686,4916.24437,4926.47558,13412
2026-02-17 21:00:00,4926.53957,4944.18333,4924.08409,4937.14951,20099
2026-02-17 21:15:00,4937.16824,4937.22276,4930.29499,4930.29499,6927
2026-02-17 21:30:00,4929.83986,4930.28423,4919.12504,4921.86954,11159
2026-02-17 21:45:00,4921.78079,4921.98712,4910.56534,4913.23267,11421
2026-02-17 22:00:00,4913.14525,4926.50182,4913.14525,4926.27254,13356
2026-02-17 22:15:00,4926.16691,4930.11068,4925.55306,4927.45192,4557
2026-02-17 22:30:00,4927.46223,4931.10433,4923.17203,4927.65213,7932
2026-02-17 22:45:00,4927.41063,4929.98745,4924.36665,4926.38413,5620
2026-02-17 23:00:00,4926.98669,4938.4358,4926.35596,4935.04228,12079
2026-02-17 23:15:00,4934.58455,4942.65338,4934.58455,4942.00415,8068
2026-02-17 23:30:00,4941.88548,4943.24879,4933.57034,4937.42824,9678
2026-02-17 23:45:00,4937.38904,4937.40105,4931.72161,4932.22524,5679
2026-02-18 00:00:00,4932.23722,4932.48324,4920.71655,4920.71655,11766
2026-02-18 00:15:00,4920.85729,4922.70544,4909.0738,4919.84809,13631
2026-02-18 00:30:00,4919.81122,4923.27345,4907.81867,4919.80123,15454
2026-02-18 00:45:00,4919.19489,4922.8047,4875.94287,4875.94287,46861
2026-02-18 01:00:00,4875.76339,4900.14718,4853.81988,4896.94689,46327
2026-02-18 01:15:00,4896.82683,4901.05847,4892.33801,4898.16591,8720
2026-02-18 01:30:00,4898.24474,4902.04343,4873.97217,4873.97217,28071
2026-02-18 01:45:00,4874.00436,4877.37525,4864.87115,4867.34563,12504
2026-02-18 02:00:00,4866.17791,4867.32028,4856.70696,4856.70696,10613
2026-02-18 02:15:00,4856.65204,4872.98319,4856.64062,4865.92646,16342
2026-02-18 02:30:00,4866.53406,4868.22293,4854.3119,4865.94829,13911
2026-02-18 02:45:00,4865.83365,4880.96783,4865.42975,4877.36571,15538
2026-02-18 03:00:00,4877.40339,4890.05874,4877.39885,4885.69838,12659
2026-02-18 03:15:00,4885.51552,4890.77287,4884.63858,4885.32002,6134
2026-02-18 03:30:00,4884.92253,4886.21474,4876.55705,4877.51458,9657
2026-02-18 03:45:00,4877.18921,4880.74505,4869.77347,4869.82172,10971
2026-02-18 04:00:00,4870.54817,4870.94551,4853.25576,4854.8115,17689
2026-02-18 04:15:00,4854.5096,4863.74243,4854.5096,4863.5811,9232
2026-02-18 04:30:00,4863.79482,4868.39554,4860.83714,4860.83714,7558
2026-02-18 04:45:00,4860.37638,4866.54537,4855.99906,4864.35627,10546
2026-02-18 05:00:00,4864.13885,4870.48961,4863.38881,4866.98245,7100
2026-02-18 05:15:00,4866.25452,4887.22937,4866.25452,4887.00914,20974
2026-02-18 05:30:00,4886.36585,4893.51956,4882.08504,4891.44418,11434
2026-02-18 05:45:00,4891.02695,4905.88474,4886.58301,4899.50632,19301
2026-02-18 06:00:00,4899.48962,4900.79963,4894.02979,4894.14259,6769
2026-02-18 06:15:00,4894.05317,4897.04674,4883.33305,4885.5592,13713
2026-02-18 06:30:00,4885.24621,4888.57988,4879.32112,4883.75643,9258
2026-02-18 06:45:00,4883.80915,4885.21175,4880.86425,4881.25215,4347
2026-02-18 07:00:00,4881.2785,4881.48627,4875.07439,4879.47048,6411
2026-02-18 07:15:00,4879.38341,4879.4564,4874.35549,4877.58521,5100
2026-02-18 07:30:00,4877.74252,4883.85365,4875.01566,4880.35245,8837
2026-02-18 07:45:00,4880.31947,4882.83377,4877.91023,4877.91023,4923
2026-02-18 08:00:00,4877.64509,4884.08949,4875.6528,4880.77817,8436
2026-02-18 08:15:00,4880.81313,4887.06553,4879.20238,4881.48746,7863
2026-02-18 08:30:00,4881.44109,4881.60252,4879.40779,4879.97387,2194
2026-02-18 08:45:00,4879.90007,4880.07318,4876.90834,4878.23383,3164
2026-02-18 09:00:00,4878.10323,4879.39965,4878.10323,4879.24991,1296
2026-02-18 09:15:00,4879.19658,4879.7092,4879.09797,4879.17144,611
2026-02-18 09:30:00,4879.20128,4879.41429,4878.37372,4879.16434,1040
2026-02-18 09:45:00,4879.15955,4879.97874,4879.04821,4879.48056,930
2026-02-18 10:00:00,4879.52464,4880.0134,4865.23835,4880.0134,14775
2026-02-18 10:15:00,4879.73821,4883.17772,4866.032,4876.49244,17145
2026-02-18 10:30:00,4877.05042,4882.76292,4868.22784,4874.79695,14535
2026-02-18 10:45:00,4874.72351,4875.21489,4856.71848,4859.30316,18496
2026-02-18 11:00:00,4858.92064,4868.65468,4858.92064,4863.91966,9734
2026-02-18 11:15:00,4863.54692,4871.36082,4860.02383,4869.9473,11336
2026-02-18 11:30:00,4869.90747,4881.17906,4869.2759,4878.36386,11903
2026-02-18 11:45:00,4878.40762,4881.04407,4874.60862,4874.60862,6435
2026-02-18 12:00:00,4874.98982,4892.62381,4874.59825,4887.0449,18025
2026-02-18 12:15:00,4887.19257,4889.03215,4883.54594,4886.96274,5486
2026-02-18 12:30:00,4886.98221,4892.07774,4885.68491,4888.67436,6392
2026-02-18 12:45:00,4887.9688,4892.30423,4883.93888,4889.45668,8365
2026-02-18 13:00:00,4889.40249,4902.90111,4889.01707,4899.27734,13884
2026-02-18 13:15:00,4899.1988,4903.7431,4895.81905,4902.9674,7924
2026-02-18 13:30:00,4903.0639,4907.47588,4900.66796,4905.35795,6807
2026-02-18 13:45:00,4905.31324,4906.87305,4903.62088,4904.38601,3252
2026-02-18 14:00:00,4904.14461,4915.48629,4904.14461,4912.14124,11341
2026-02-18 14:15:00,4912.41389,4919.74192,4912.11692,4919.4432,7625
2026-02-18 14:30:00,4919.45035,4919.77378,4917.22029,4918.47009,2553
2026-02-18 14:45:00,4918.43866,4921.42348,4918.43866,4921.02619,2984
2026-02-18 15:00:00,4920.99417,4932.49371,4919.13451,4930.32544,13359
2026-02-18 15:15:00,4930.64196,4932.58586,4926.54463,4932.58586,6041
2026-02-18 15:30:00,4932.40873,4935.95653,4932.40873,4933.05256,3547
2026-02-18 15:45:00,4932.88749,4939.83297,4932.18964,4933.93156,7643
2026-02-18 16:00:00,4934.04372,4939.58027,4930.5465,4932.68846,9033
2026-02-18 16:15:00,4932.80613,4938.45529,4931.97796,4935.45056,6477
2026-02-18 16:30:00,4935.45158,4939.52655,4934.52815,4935.7489,4998
2026-02-18 16:45:00,4935.69755,4938.25878,4933.15702,4934.09616,5101
2026-02-18 17:00:00,4934.05148,4934.07984,4926.84485,4927.15425,7234
2026-02-18 17:15:00,4927.17744,4932.6388,4925.62901,4930.94487,7009
2026-02-18 17:30:00,4930.99027,4932.41982,4927.08467,4931.46121,5335
2026-02-18 17:45:00,4931.34073,4936.60777,4931.34073,4931.74418,5267
2026-02-18 18:00:00,4931.75803,4939.78984,4930.2399,4939.78984,9549
2026-02-18 18:15:00,4939.53294,4939.77543,4933.25575,4939.66515,6519
2026-02-18 18:30:00,4939.48922,4940.47034,4933.98272,4934.28255,6487
2026-02-18 18:45:00,4934.16399,4934.55395,4929.45756,4929.76913,5096
2026-02-18 19:00:00,4929.66584,4932.21961,4927.90994,4929.56533,4309
2026-02-18 19:15:00,4929.52664,4929.6456,4924.42029,4925.43715,5225
2026-02-18 19:30:00,4925.48562,4926.63088,4921.84234,4921.84234,4788
2026-02-18 19:45:00,4921.88435,4921.93261,4919.23969,4919.23969,2692
2026-02-18 20:00:00,4919.22917,4919.70877,4914.19403,4916.56063,5514
2026-02-18 20:15:00,4916.50864,4924.90878,4915.0009,4921.90603,9907
2026-02-18 20:30:00,4921.8693,4921.99409,4916.27465,4920.45696,5719
2026-02-18 20:45:00,4920.38553,4921.63905,4917.61305,4918.47352,4025
2026-02-18 21:00:00,4918.38011,4923.22054,4917.95008,4920.75953,5270
2026-02-18 21:15:00,4920.75517,4924.4506,4919.0627,4920.95165,5387
2026-02-18 21:30:00,4920.8268,4920.92649,4911.14705,4911.54576,9779
2026-02-18 21:45:00,4911.69619,4916.64316,4911.12754,4914.87526,5515
2026-02-18 22:00:00,4914.78479,4915.41366,4913.09791,4915.41366,2315
2026-02-18 22:15:00,4915.51903,4917.25266,4915.18281,4915.37661,2069
2026-02-18 22:30:00,4915.34874,4915.99043,4913.06167,4913.86531,2928
2026-02-18 22:45:00,4913.71127,4916.87695,4907.00007,4912.89716,9876
2026-02-18 23:00:00,4912.73238,4925.28576,4912.73238,4922.55272,12553
2026-02-18 23:15:00,4922.50785,4928.27605,4922.50785,4922.94189,5768
2026-02-18 23:30:00,4922.52166,4929.95568,4919.42687,4929.05285,10528
2026-02-18 23:45:00,4928.94748,4943.49897,4928.94748,4943.49897,14551
2026-02-19 00:00:00,4942.9152,4960.09547,4942.9152,4957.34053,17180
2026-02-19 00:15:00,4957.17867,4959.86704,4953.32217,4956.91717,6544
2026-02-19 00:30:00,4956.8619,4968.30926,4954.12812,4954.12812,14181
2026-02-19 00:45:00,4953.97864,4954.37383,4949.05216,4953.50821,5321
2026-02-19 01:00:00,4953.62231,4959.62333,4952.55352,4958.8292,7069
2026-02-19 01:15:00,4958.80313,4962.97662,4956.02146,4962.55949,6955
2026-02-19 01:30:00,4962.10111,4983.52242,4959.46704,4982.32489,24055
2026-02-19 01:45:00,4982.38357,4993.25098,4981.80109,4993.0196,11449
2026-02-19 02:00:00,4992.95901,5003.94828,4992.73409,5000.45281,11214
2026-02-19 02:15:00,5000.27656,5005.66034,5000.27656,5004.75171,5383
2026-02-19 02:30:00,5004.66818,5004.78079,4999.72639,5001.5254,5054
2026-02-19 02:45:00,5001.4174,5001.50072,4996.04559,4997.04707,5455
2026-02-19 03:00:00,4996.87667,5002.83414,4996.87667,4998.72406,5957
2026-02-19 03:15:00,4998.67137,4999.36696,4992.43592,4995.00691,6931
2026-02-19 03:30:00,4994.98779,5005.81614,4994.98779,5005.43712,10828
2026-02-19 03:45:00,5005.28699,5008.54216,4999.9481,5000.96147,8594
2026-02-19 04:00:00,5000.9976,5001.57161,4996.62372,4998.7959,4947
2026-02-19 04:15:00,4998.79259,5000.16283,4998.23035,4999.05514,1932
2026-02-19 04:30:00,4999.03409,4999.66074,4991.95456,4997.54492,7706
2026-02-19 04:45:00,4997.24786,5000.04672,4997.24786,4998.56057,2798
2026-02-19 05:00:00,4998.59906,5002.4323,4997.53746,4998.41572,4894
2026-02-19 05:15:00,4998.40996,4999.37743,4987.16511,4989.23192,12212
2026-02-19 05:30:00,4989.41243,4992.82434,4981.50602,4983.35978,11318
2026-02-19 05:45:00,4983.27397,4987.42633,4983.27397,4986.21049,4152
2026-02-19 06:00:00,4986.10441,4993.23057,4986.10441,4992.56253,7126
2026-02-19 06:15:00,4992.56153,4995.30436,4979.03464,4980.43255,16269
2026-02-19 06:30:00,4980.3041,4985.60034,4972.33491,4981.8937,13265
2026-02-19 06:45:00,4981.92763,4983.58752,4979.64611,4980.67537,3941
2026-02-19 07:00:00,4980.59213,4985.23472,4976.40147,4978.50989,8833
2026-02-19 07:15:00,4978.48232,4980.86204,4977.48401,4978.29606,3378
2026-02-19 07:30:00,4978.30835,4986.13485,4978.19886,4985.768,7935
2026-02-19 07:45:00,4985.72445,4985.90584,4981.15576,4984.89946,4750
2026-02-19 08:00:00,4984.95709,4985.86267,4980.08217,4981.54384,5780
2026-02-19 08:15:00,4981.42234,4984.21604,4980.8563,4982.51409,3359
2026-02-19 08:30:00,4982.49259,4982.61449,4979.09729,4979.80783,3517
2026-02-19 08:45:00,4979.83479,4980.6761,4975.94783,4976.90236,4728
2026-02-19 09:00:00,4976.82052,4977.94432,4976.37488,4977.17805,1569
2026-02-19 09:15:00,4977.10731,4977.55826,4976.89823,4977.20987,660
2026-02-19 09:30:00,4977.09636,4977.40063,4976.99066,4977.22625,409
2026-02-19 09:45:00,4977.18738,4977.50933,4977.05286,4977.25685,456
2026-02-19 10:00:00,4977.19085,4981.04957,4968.39495,4974.77829,12654
2026-02-19 10:15:00,4974.0745,4982.7429,4974.0745,4982.187,8668
2026-02-19 10:30:00,4982.14323,4987.63848,4979.29699,4981.94809,8341
2026-02-19 10:45:00,4981.92631,4982.45397,4969.22525,4975.69606,13228
2026-02-19 11:00:00,4975.99581,4975.99581,4961.81217,4967.64167,14183
2026-02-19 11:15:00,4967.82785,4971.13137,4965.78711,4967.39435,5344
2026-02-19 11:30:00,4967.44832,4972.28891,4966.07445,4966.4885,6214
2026-02-19 11:45:00,4966.72938,4966.72938,4960.9654,4961.397,5763
2026-02-19 12:00:00,4961.2797,4967.94054,4961.2797,4964.12834,6660
2026-02-19 12:15:00,4963.70675,4966.49866,4961.48568,4963.96188,5012
2026-02-19 12:30:00,4963.94744,4970.86043,4962.36949,4969.56307,8490
2026-02-19 12:45:00,4969.41681,4974.9127,4969.41681,4973.1076,5495
2026-02-19 13:00:00,4973.04813,4977.49616,4970.86934,4974.15483,6626
2026-02-19 13:15:00,4974.25836,4974.26465,4964.7266,4973.10054,9538
2026-02-19 13:30:00,4973.02992,4973.13576,4968.49477,4971.28392,4640
2026-02-19 13:45:00,4971.27912,4972.47859,4966.37253,4968.28802,6106
2026-02-19 14:00:00,4968.28459,4971.79972,4966.60623,4970.40854,5193
2026-02-19 14:15:00,4970.26849,4972.03667,4968.21019,4969.5469,3826
2026-02-19 14:30:00,4969.30823,4977.84736,4969.30823,4976.52424,8539
2026-02-19 14:45:00,4976.39797,4982.60964,4976.39797,4982.39445,6211
2026-02-19 15:00:00,4982.46425,4984.30708,4978.76419,4982.387,5542
2026-02-19 15:15:00,4982.38333,4982.79946,4978.74387,4980.59846,4055
2026-02-19 15:30:00,4980.60633,4984.94469,4979.32855,4981.08874,5616
2026-02-19 15:45:00,4980.99983,4984.989,4976.71778,4984.30059,8271
2026-02-19 16:00:00,4984.42111,4993.8492,4984.31345,4990.5968,9535
2026-02-19 16:15:00,4990.38717,4990.73674,4986.86527,4988.95651,3871
2026-02-19 16:30:00,4988.99043,4996.73736,4988.98638,4995.93023,7750
2026-02-19 16:45:00,4995.78723,4997.64895,4995.62936,4997.59072,2019
2026-02-19 17:00:00,4997.65668,4999.98832,4997.596,4998.94818,2392
2026-02-19 17:15:00,4998.77017,5002.08911,4998.13169,5001.59304,3957
2026-02-19 17:30:00,5001.61207,5010.85524,5001.54851,5009.35575,9306
2026-02-19 17:45:00,5009.70664,5019.24548,5009.029,5018.51096,10216
2026-02-19 18:00:00,5018.28699,5021.39962,5017.79554,5019.11659,3604
2026-02-19 18:15:00,5019.21694,5019.22038,5015.54213,5018.1318,3678
2026-02-19 18:30:00,5018.10416,5019.58051,5015.12219,5016.74031,4458
2026-02-19 18:45:00,5017.11772,5017.11772,5009.86802,5010.91346,7249
2026-02-19 19:00:00,5010.78899,5011.98037,5007.67006,5011.34193,4310
2026-02-19 19:15:00,5011.34406,5013.97822,5009.73618,5013.97822,4242
2026-02-19 19:30:00,5014.0194,5019.47783,5011.13129,5019.47783,8346
2026-02-19 19:45:00,5019.43179,5022.36806,5014.35833,5017.30329,8009
2026-02-19 20:00:00,5017.23382,5019.4955,5016.32021,5018.91566,3175
2026-02-19 20:15:00,5018.72355,5020.52321,5002.19718,5003.04181,18326
2026-02-19 20:30:00,5002.83451,5006.72726,4995.71029,5002.73842,11016
2026-02-19 20:45:00,5002.67116,5005.00408,4996.55112,4996.55112,8452
2026-02-19 21:00:00,4996.64766,4996.65802,4985.67121,4988.11455,10986
2026-02-19 21:15:00,4988.02729,4991.41738,4986.20175,4986.20175,5215
2026-02-19 21:30:00,4986.20159,4994.25426,4983.60079,4989.40951,10653
2026-02-19 21:45:00,4989.31953,4992.95479,4988.88497,4992.95479,4069
2026-02-19 22:00:00,4992.93264,4996.40192,4989.7565,4993.38902,6645
2026-02-19 22:15:00,4993.31472,4993.87716,4984.23054,4984.59487,9646
2026-02-19 22:30:00,4984.5233,4985.62304,4983.10065,4984.247,2522
2026-02-19 22:45:00,4984.15585,4985.49838,4979.87826,4985.30901,5620
2026-02-19 23:00:00,4985.23611,4990.00574,4979.27753,4986.85156,10728
2026-02-19 23:15:00,4986.56861,4991.63599,4984.90548,4991.33522,6730
2026-02-19 23:30:00,4991.22701,4992.35142,4984.8988,4986.49303,7452
2026-02-19 23:45:00,4986.40439,4986.85861,4981.97588,4985.33911,4882
2026-02-20 00:00:00,4985.39138,4986.4794,4976.98032,4983.07295,9499
2026-02-20 00:15:00,4983.24404,4987.09374,4980.79676,4985.09236,6296
2026-02-20 00:30:00,4985.84357,4996.22983,4975.92188,4994.60369,20307
2026-02-20 00:45:00,4994.56394,4997.52621,4991.77789,4997.39575,5748
2026-02-20 01:00:00,4997.44786,4997.50481,4976.43778,4979.29834,21067
2026-02-20 01:15:00,4979.93599,4982.11322,4971.64534,4977.16775,10467
2026-02-20 01:30:00,4977.29209,4986.12832,4973.90281,4984.97109,12225
2026-02-20 01:45:00,4984.88297,5008.60257,4984.88297,5007.61573,23719
2026-02-20 02:00:00,5007.48383,5007.59734,5001.73293,5002.92853,5864
2026-02-20 02:15:00,5002.8408,5008.57169,5000.08634,5007.07564,8485
2026-02-20 02:30:00,5007.44207,5020.85328,5006.82816,5014.80462,14025
2026-02-20 02:45:00,5014.84924,5015.19215,5009.09873,5011.25993,6093
2026-02-20 03:00:00,5011.45948,5014.86401,5002.78131,5007.51485,12082
2026-02-20 03:15:00,5007.4997,5007.56033,4997.84871,4997.8494,9711
2026-02-20 03:30:00,4997.84807,5007.71451,4997.84807,5007.31284,9866
2026-02-20 03:45:00,5007.2282,5007.31999,4994.8194,4995.93107,12500
2026-02-20 04:00:00,4995.97717,4998.87493,4992.83045,4997.16633,6044
2026-02-20 04:15:00,4997.38477,5000.95135,4992.96771,4994.99631,7983
2026-02-20 04:30:00,4995.21335,4996.73542,4990.10002,4994.12889,6635
2026-02-20 04:45:00,4994.12045,4994.21517,4984.68599,4984.93806,9529
2026-02-20 05:00:00,4984.9515,4988.03017,4981.05483,4987.33451,6975
2026-02-20 05:15:00,4987.25449,4988.58088,4977.32204,4978.47803,11258
2026-02-20 05:30:00,4978.50483,4982.63545,4976.2179,4976.93922,6417
2026-02-20 05:45:00,4977.01497,4983.96147,4976.90225,4981.50855,7059
2026-02-20 06:00:00,4981.56811,4989.40844,4981.11762,4987.96958,8290
2026-02-20 06:15:00,4987.7749,4989.99562,4986.98499,4989.34882,3010
2026-02-20 06:30:00,4989.26072,4989.67203,4979.18167,4985.41762,10490
2026-02-20 06:45:00,4985.44841,4988.60827,4983.01769,4987.51618,5590
2026-02-20 07:00:00,4987.7054,4993.80288,4987.41025,4990.82278,6392
2026-02-20 07:15:00,4990.70455,4998.04699,4990.01692,4995.83602,8030
2026-02-20 07:30:00,4995.7424,5000.45191,4995.7424,5000.15745,4709
2026-02-20 07:45:00,5000.1225,5003.43237,4999.34376,5001.97148,4088
2026-02-20 08:00:00,5002.03888,5003.84844,4997.80755,4999.92912,6040
2026-02-20 08:15:00,4999.9484,5000.60297,4994.19842,4994.35941,6404
2026-02-20 08:30:00,4994.25664,4998.94666,4994.14789,4998.55555,4798
2026-02-20 08:45:00,4998.57618,4999.34784,4994.58568,4996.15684,4762
2026-02-20 09:00:00,4996.19979,4996.53102,4995.73347,4995.82256,797
2026-02-20 09:15:00,4995.79566,4995.99427,4995.51999,4995.85183,474
2026-02-20 09:30:00,4995.76915,4996.06102,4995.47095,4996.06102,590
2026-02-20 09:45:00,4995.99284,4996.06632,4995.6428,4995.74245,423
2026-02-20 10:00:00,4996.81492,5009.21412,4995.66421,4999.23149,13549
2026-02-20 10:15:00,4999.48434,5003.06256,4992.0443,4997.67701,11018
2026-02-20 10:30:00,4997.6668,5001.63174,4996.06743,4997.31328,5564
2026-02-20 10:45:00,4997.43465,5001.52388,4987.95137,4987.95137,13572
2026-02-20 11:00:00,4988.28943,4994.72048,4987.42457,4993.43275,7295
2026-02-20 11:15:00,4993.6193,4996.32548,4988.18353,4990.89894,8141
2026-02-20 11:30:00,4990.93442,4995.44456,4989.18328,4994.0851,6261
2026-02-20 11:45:00,4993.88724,5006.13634,4993.88724,5005.40128,12249
2026-02-20 12:00:00,5006.02728,5015.5066,5005.10696,5013.2349,10399
2026-02-20 12:15:00,5013.2847,5013.48769,4994.83779,4999.13971,18649
2026-02-20 12:30:00,4999.20722,5003.37837,4996.11203,4996.5048,7266
2026-02-20 12:45:00,4996.77126,5000.0336,4995.66518,4997.08319,4368
2026-02-20 13:00:00,4997.04893,5008.47031,4994.80173,4996.14937,13668
2026-02-20 13:15:00,4995.86762,4998.09584,4994.57987,4996.8598,3515
2026-02-20 13:30:00,4996.91207,5002.28546,4996.86873,4999.48689,5416
2026-02-20 13:45:00,4999.46341,4999.82498,4994.05965,4996.10905,5765
2026-02-20 14:00:00,4996.08913,4996.73832,4989.0014,4995.40438,7736
2026-02-20 14:15:00,4995.27624,4998.14387,4991.83124,4992.85342,6312
2026-02-20 14:30:00,4992.93064,4999.03089,4982.65819,4989.36065,16372
2026-02-20 14:45:00,4989.35992,4997.25076,4987.0895,4989.65941,10161
2026-02-20 15:00:00,4989.95837,4992.5863,4986.59719,4991.94949,5989
2026-02-20 15:15:00,4991.77981,4994.70683,4990.64434,4994.60554,4062
2026-02-20 15:30:00,4994.6125,5001.48266,4994.45794,4999.21849,7024
2026-02-20 15:45:00,4999.15587,5000.49651,4996.48477,4999.5509,4011
2026-02-20 16:00:00,4999.38479,5005.70745,4999.38479,5001.34854,6322
2026-02-20 16:15:00,5001.40745,5002.33439,4999.11841,5001.71825,3215
2026-02-20 16:30:00,5001.70906,5004.62006,4998.50366,4999.92911,6116
2026-02-20 16:45:00,4999.92031,5011.91168,4999.34863,5011.1817,12563
2026-02-20 17:00:00,5011.08467,5020.51063,5011.08467,5017.61634,9425
2026-02-20 17:15:00,5017.56152,5025.63165,5016.92426,5022.71421,8707
2026-02-20 17:30:00,5022.4956,5027.79618,5020.75006,5026.9374,7046
2026-02-20 17:45:00,5026.74937,5029.55572,5021.39783,5022.03081,8157
2026-02-20 18:00:00,5022.08671,5027.22081,5017.43017,5022.43598,9790
2026-02-20 18:15:00,5022.3717,5023.62894,5012.15667,5015.42731,11472
2026-02-20 18:30:00,5015.40196,5017.39941,5013.7535,5015.41805,3645
2026-02-20 18:45:00,5015.27151,5016.17988,5007.15693,5007.15693,9022
2026-02-20 19:00:00,5007.0483,5016.25623,5006.54025,5012.08804,9715
2026-02-20 19:15:00,5012.08481,5018.99699,5012.07214,5018.99699,6924
2026-02-20 19:30:00,5018.90175,5027.32764,5018.61963,5023.02461,8708
2026-02-20 19:45:00,5023.06849,5030.52022,5023.00808,5029.29921,7512
2026-02-20 20:00:00,5029.3242,5040.59041,5029.20756,5038.73095,11382
2026-02-20 20:15:00,5038.72267,5041.00797,5033.88351,5034.0566,7124
2026-02-20 20:30:00,5034.06221,5034.38586,5029.68043,5032.76659,4705
2026-02-20 20:45:00,5032.75308,5034.23037,5028.21311,5028.91755,6017
2026-02-20 21:00:00,5028.91569,5028.97777,5022.80588,5025.85515,6171
2026-02-20 21:15:00,5025.76609,5029.99468,5022.52165,5026.00919,7473
2026-02-20 21:30:00,5026.1413,5038.40557,5026.00721,5033.89567,12398
2026-02-20 21:45:00,5033.49518,5037.02706,5026.33471,5034.54871,10692
2026-02-20 22:00:00,5034.44339,5034.61895,5032.81001,5032.91928,1808
2026-02-20 22:15:00,5033.16061,5033.16061,5026.5124,5026.91274,6648
2026-02-20 22:30:00,5027.06318,5033.72161,5022.62357,5026.03201,11098
2026-02-20 22:45:00,5025.91655,5027.73369,5016.90557,5017.69987,10828
2026-02-20 23:00:00,5017.76266,5025.27121,5014.87742,5022.3023,10393
2026-02-20 23:15:00,5022.38035,5023.52082,5013.77234,5014.21835,9748
2026-02-20 23:30:00,5014.43043,5024.61422,5008.42055,5024.59276,16193
2026-02-20 23:45:00,5024.47933,5026.10461,5022.47798,5026.10461,3626
2026-02-21 00:00:00,5026.08423,5028.05055,5024.45481,5026.78147,3595
2026-02-21 00:15:00,5026.84352,5031.23389,5024.82238,5029.35471,6411
2026-02-21 00:30:00,5029.27366,5031.8823,5016.51146,5029.85999,15370
2026-02-21 00:45:00,5030.25511,5047.83958,5029.78613,5044.34853,18053
2026-02-21 01:00:00,5044.37546,5046.11993,5040.04744,5042.16844,6072
2026-02-21 01:15:00,5042.26909,5044.2784,5039.8227,5040.23781,4455
2026-02-21 01:30:00,5040.1853,5052.3405,5039.57166,5051.54137,12768
2026-02-21 01:45:00,5051.02097,5058.91931,5045.9867,5051.90919,12932
2026-02-21 02:00:00,5051.61891,5061.87711,4980.29089,5023.11474,81586
2026-02-21 02:15:00,5023.10588,5043.40845,5009.29956,5015.56065,34108
2026-02-21 02:30:00,5015.00048,5047.17433,5015.00048,5042.22713,32173
2026-02-21 02:45:00,5041.98627,5051.68835,5037.79369,5041.69832,13894
2026-02-21 03:00:00,5041.60254,5053.86424,5041.44954,5053.55643,12414
2026-02-21 03:15:00,5053.6144,5055.38455,5048.74066,5052.79148,6643
2026-02-21 03:30:00,5052.93345,5066.56741,5052.76215,5064.2317,13805
2026-02-21 03:45:00,5064.21747,5066.86473,5061.71085,5066.10164,5153
2026-02-21 04:00:00,5066.00146,5073.07356,5065.95727,5070.60541,7116
2026-02-21 04:15:00,5070.39809,5070.63054,5054.58095,5064.19238,16049
2026-02-21 04:30:00,5064.16408,5070.00318,5061.98195,5069.22536,8021
2026-02-21 04:45:00,5069.30898,5075.97131,5067.12223,5074.07176,8849
2026-02-21 05:00:00,5074.12503,5074.17496,5067.87166,5069.84945,6303
2026-02-21 05:15:00,5069.71761,5069.85179,5058.80171,5059.82066,11050
2026-02-21 05:30:00,5060.00033,5073.60302,5059.78538,5067.6614,13817
2026-02-21 05:45:00,5067.51195,5073.05256,5067.51195,5071.36276,5540
2026-02-21 06:00:00,5071.17315,5073.91609,5070.49494,5071.19461,3421
2026-02-21 06:15:00,5071.22545,5076.38283,5070.01631,5070.93839,6366
2026-02-21 06:30:00,5070.90469,5073.35275,5070.44146,5072.66045,2911
2026-02-21 06:45:00,5072.60367,5079.5811,5072.13543,5079.40187,7445
2026-02-21 07:00:00,5079.37865,5080.49247,5076.80371,5079.5318,3688
2026-02-21 07:15:00,5079.46849,5086.63197,5078.98852,5084.98069,7643
2026-02-21 07:30:00,5084.98877,5087.13609,5083.67745,5084.115,3458
2026-02-21 07:45:00,5084.19316,5097.55374,5083.78094,5097.37522,13772
2026-02-21 08:00:00,5097.39944,5097.52214,5091.68474,5093.22775,5837
2026-02-21 08:15:00,5093.24749,5097.91148,5092.59728,5097.35759,5314
2026-02-21 08:30:00,5097.57276,5100.3682,5097.13708,5099.31344,3231
2026-02-21 08:45:00,5099.24821,5105.22068,5099.24821,5103.73513,5972
2026-02-21 09:00:00,5103.50244,5103.73699,5098.13128,5098.61372,5605
2026-02-21 09:15:00,5098.50594,5098.72652,5098.44466,5098.51902,281
2026-02-21 09:30:00,5098.50958,5098.73189,5098.44168,5098.47609,290
2026-02-21 09:45:00,5098.51151,5098.73273,5098.4566,5098.58331,276
2026-02-21 10:00:00,5098.52647,5098.73725,5098.43033,5098.61173,306
2026-02-21 10:15:00,5098.49788,5098.72161,5098.43401,5098.53207,287
2026-02-21 10:30:00,5098.50116,5098.73292,5098.44251,5098.48047,290
2026-02-21 10:45:00,5098.51744,5098.73696,5098.44174,5098.54982,295
2026-02-21 11:00:00,5098.5126,5098.74301,5098.43212,5098.60952,310
2026-02-21 11:15:00,5098.49483,5098.71812,5098.43025,5098.55007,287
2026-02-21 11:30:00,5098.49766,5098.71817,5098.43175,5098.46971,286
2026-02-21 11:45:00,5098.5052,5098.73038,5098.43686,5098.5211,293
2026-02-21 12:00:00,5098.50568,5098.72168,5098.4391,5098.6125,282
2026-02-21 12:15:00,5098.50258,5098.72488,5098.43734,5098.57619,287
2026-02-21 12:30:00,5098.50568,5098.71561,5098.43029,5098.46946,285
2026-02-21 12:45:00,5098.49788,5098.71912,5098.43157,5098.4943,287
2026-02-21 13:00:00,5098.49788,5098.72261,5098.43481,5098.61059,287
2026-02-21 13:15:00,5098.51192,5098.72664,5098.43587,5098.59568,290
2026-02-21 13:30:00,5098.50824,5098.72996,5098.44242,5098.49406,287
2026-02-21 13:45:00,5098.51036,5098.72891,5098.43903,5098.49004,289
2026-02-21 14:00:00,5098.50839,5098.72389,5098.44205,5098.59683,281
2026-02-21 14:15:00,5098.51138,5098.73304,5098.44163,5098.60671,291
2026-02-21 14:30:00,5098.50533,5098.73009,5098.44062,5098.49498,289
2026-02-21 14:45:00,5098.49576,5098.7182,5098.42702,5098.47025,291
2026-02-21 15:00:00,5098.50024,5098.72171,5098.43156,5098.57914,290
2026-02-21 15:15:00,5098.51177,5098.73151,5098.43946,5098.61596,292
2026-02-21 15:30:00,5098.50508,5098.72683,5098.43649,5098.52847,290
2026-02-21 15:45:00,5098.51007,5098.73281,5098.43981,5098.46912,293
2026-02-21 16:00:00,5098.50638,5098.72632,5098.44355,5098.55445,282
2026-02-21 16:15:00,5098.50496,5098.73209,5098.44166,5098.62017,290
2026-02-21 16:30:00,5098.50488,5098.73298,5098.44214,5098.54829,290
2026-02-21 16:45:00,5098.51057,5098.74308,5098.44701,5098.48311,296
2026-02-21 17:00:00,5098.52171,5098.72723,5098.44236,5098.53703,284
2026-02-21 17:15:00,5098.50803,5098.73425,5098.44096,5098.62421,293
2026-02-21 17:30:00,5098.51041,5098.73184,5098.43952,5098.56596,292
2026-02-21 17:45:00,5098.50846,5098.73283,5098.44472,5098.4766,288
2026-02-21 18:00:00,5098.51137,5098.73021,5098.44181,5098.52007,288
2026-02-21 18:15:00,5098.51111,5098.72998,5098.43728,5098.61267,292
2026-02-21 18:30:00,5098.50517,5098.73708,5098.43918,5098.59523,297
2026-02-21 18:45:00,5098.51857,5098.73207,5098.45255,5098.48756,279
2026-02-21 19:00:00,5098.51504,5098.74892,5098.44939,5098.51973,299
2026-02-21 19:15:00,5098.52642,5098.73807,5098.44409,5098.60708,293
2026-02-21 19:30:00,5098.50932,5098.73924,5098.45019,5098.61082,289
2026-02-21 19:45:00,5098.51884,5098.7344,5098.45196,5098.4984,282
2026-02-21 20:00:00,5098.5124,5098.73695,5098.44222,5098.4858,294
2026-02-21 20:15:00,5098.50812,5098.72406,5098.43649,5098.58855,287
2026-02-21 20:30:00,5098.50828,5098.72996,5098.43727,5098.61045,292
2026-02-21 20:45:00,5098.50525,5098.73438,5098.44664,5098.51742,287
2026-02-21 21:00:00,5098.51486,5098.7424,5098.44993,5098.48613,292
2026-02-21 21:15:00,5098.51784,5098.74075,5098.44686,5098.58726,293
2026-02-21 21:30:00,5098.52302,5098.74629,5098.44671,5098.63091,299
2026-02-21 21:45:00,5098.51968,5098.72955,5098.45018,5098.53413,279
2026-02-21 22:00:00,5098.51201,5098.73936,5098.44391,5098.48102,295
2026-02-21 22:15:00,5098.51753,5098.73697,5098.44223,5098.55405,294
2026-02-21 22:30:00,5098.50989,5098.73814,5098.44428,5098.63599,293
2026-02-21 22:45:00,5098.52255,5098.7368,5098.45423,5098.55431,282
2026-02-21 23:00:00,5098.5117,5098.73758,5098.44227,5098.47087,295
2026-02-21 23:15:00,5098.50782,5098.72942,5098.43907,5098.5279,290
2026-02-21 23:30:00,5098.50484,5098.73187,5098.44477,5098.62538,287
2026-02-21 23:45:00,5098.51348,5098.73553,5098.44428,5098.5771,291
2026-02-22 00:00:00,5098.51348,5098.73545,5098.44914,5098.48142,286
2026-02-22 00:15:00,5098.51348,5098.73423,5098.44493,5098.51702,289
2026-02-22 00:30:00,5098.51348,5098.73447,5098.44672,5098.61742,287
2026-02-22 00:45:00,5098.51348,5098.73553,5098.44477,5098.59512,290
2026-02-22 01:00:00,5098.51348,5098.72897,5098.44428,5098.49176,284
2026-02-22 01:15:00,5098.51348,5098.73545,5098.44493,5098.50037,290
2026-02-22 01:30:00,5098.51348,5098.73423,5098.4464,5098.60486,287
2026-02-22 01:45:00,5098.51348,5098.73447,5098.44478,5098.61011,289
2026-02-22 02:00:00,5098.51348,5098.73553,5098.44961,5098.5063,285
2026-02-22 02:15:00,5098.51348,5098.73545,5098.44428,5098.48731,291
2026-02-22 02:30:00,5098.51348,5098.73226,5098.44492,5098.58859,287
2026-02-22 02:45:00,5098.51348,5098.73446,5098.44641,5098.62101,288
2026-02-22 03:00:00,5098.51348,5098.7319,5098.44478,5098.52402,287
2026-02-22 03:15:00,5098.51348,5098.73552,5098.44428,5098.47875,291
2026-02-22 03:30:00,5098.51348,5098.73545,5098.44918,5098.56975,286
2026-02-22 03:45:00,5098.51348,5098.73425,5098.44492,5098.62707,289
2026-02-22 04:00:00,5098.51348,5098.73445,5098.44669,5098.54367,287
2026-02-22 04:15:00,5098.51348,5098.73552,5098.44478,5098.4753,290
2026-02-22 04:30:00,5098.51348,5098.72893,5098.44428,5098.54964,284
2026-02-22 04:45:00,5098.51348,5098.73546,5098.44491,5098.62786,290
2026-02-22 05:00:00,5098.51348,5098.73426,5098.44643,5098.56388,287
2026-02-22 05:15:00,5098.51348,5098.73444,5098.44668,5098.47718,287
2026-02-22 05:30:00,5098.51348,5098.73552,5098.44479,5098.52967,290
2026-02-22 05:45:00,5098.51348,5098.72891,5098.44428,5098.62333,284
2026-02-22 06:00:00,5098.51348,5098.73546,5098.44491,5098.58325,290
2026-02-22 06:15:00,5098.51348,5098.73426,5098.44644,5098.48428,287
2026-02-22 06:30:00,5098.51348,5098.73444,5098.44479,5098.51125,289
2026-02-22 06:45:00,5098.51348,5098.73552,5098.44955,5098.61379,285
2026-02-22 07:00:00,5098.51348,5098.73546,5098.44428,5098.60041,291
2026-02-22 07:15:00,5098.51348,5098.73222,5098.4449,5098.49609,287
2026-02-22 07:30:00,5098.51348,5098.73443,5098.44645,5098.49566,287
2026-02-22 07:45:00,5098.51348,5098.73195,5098.4448,5098.59991,287
2026-02-22 08:00:00,5098.51348,5098.73552,5098.44428,5098.61416,291
2026-02-22 08:15:00,5098.51348,5098.73547,5098.44923,5098.5118,286
2026-02-22 08:30:00,5098.51348,5098.73428,5098.4449,5098.48398,289
2026-02-22 08:45:00,5098.51348,5098.73442,5098.44665,5098.58266,287
2026-02-22 09:00:00,5098.51348,5098.73551,5098.4448,5098.62355,290
2026-02-22 09:15:00,5098.51348,5098.72886,5098.44428,5098.53029,284
2026-02-22 09:30:00,5098.51348,5098.73547,5098.4449,5098.47704,290
2026-02-22 09:45:00,5098.51348,5098.6875,5098.46408,5098.56325,223
2026-02-22 10:00:00,5098.51348,5098.73442,5098.44481,5098.62792,289
2026-02-22 10:15:00,5098.51348,5098.73551,5098.44951,5098.55028,286
2026-02-22 10:30:00,5098.51348,5098.73547,5098.44428,5098.47532,291
2026-02-22 10:45:00,5098.51348,5098.73218,5098.44489,5098.54303,287
2026-02-22 11:00:00,5098.51348,5098.73429,5098.44648,5098.62696,287
2026-02-22 11:15:00,5098.51348,5098.73441,5098.44481,5098.57037,289
2026-02-22 11:30:00,5098.51348,5098.73551,5098.4495,5098.47895,286
2026-02-22 11:45:00,5098.51348,5098.73547,5098.44428,5098.52342,291
2026-02-22 12:00:00,5098.51348,5098.73217,5098.44489,5098.62074,287
2026-02-22 12:15:00,5098.51348,5098.7344,5098.44648,5098.58915,287
2026-02-22 12:30:00,5098.51348,5098.732,5098.44482,5098.48765,287
2026-02-22 12:45:00,5098.51348,5098.73551,5098.44428,5098.50579,291
2026-02-22 13:00:00,5098.51348,5098.73548,5098.44929,5098.60969,286
2026-02-22 13:15:00,5098.51348,5098.73431,5098.44488,5098.60532,289
2026-02-22 13:30:00,5098.51348,5098.7344,5098.44662,5098.50084,287
2026-02-22 13:45:00,5098.51348,5098.73551,5098.44482,5098.49137,290
2026-02-22 14:00:00,5098.51348,5098.7288,5098.44428,5098.59459,284
2026-02-22 14:15:00,5098.51348,5098.73548,5098.44488,5098.61774,290
2026-02-22 14:30:00,5098.51348,5098.73431,5098.4465,5098.51759,287
2026-02-22 14:45:00,5098.51348,5098.73439,5098.44482,5098.48117,289
2026-02-22 15:00:00,5098.51348,5098.7355,5098.44945,5098.5765,286
2026-02-22 15:15:00,5098.51348,5098.73548,5098.44428,5098.62555,291
2026-02-22 15:30:00,5098.51348,5098.73214,5098.44487,5098.53672,287
2026-02-22 15:45:00,5098.51348,5098.73438,5098.44651,5098.4759,287
2026-02-22 16:00:00,5098.51348,5098.73203,5098.44483,5098.55667,287
2026-02-22 16:15:00,5098.51348,5098.7355,5098.44428,5098.62819,291
2026-02-22 16:30:00,5098.51348,5098.73548,5098.44933,5098.55689,286
2026-02-22 16:45:00,5098.51348,5098.73433,5098.44487,5098.47592,289
2026-02-22 17:00:00,5098.51348,5098.73438,5098.44652,5098.5365,287
2026-02-22 17:15:00,5098.51348,5098.73204,5098.44483,5098.62549,287
2026-02-22 17:30:00,5098.51348,5098.7355,5098.44428,5098.57671,291
2026-02-22 17:45:00,5098.51348,5098.73548,5098.44934,5098.48125,286
2026-02-22 18:00:00,5098.51348,5098.73433,5098.44486,5098.51739,289
2026-02-22 18:15:00,5098.51348,5098.73437,5098.44658,5098.61763,287
2026-02-22 18:30:00,5098.51348,5098.7355,5098.44484,5098.59478,290
2026-02-22 18:45:00,5098.51348,5098.72873,5098.44428,5098.49151,284
2026-02-22 19:00:00,5098.51348,5098.73549,5098.44486,5098.50067,290
2026-02-22 19:15:00,5098.51348,5098.73434,5098.44654,5098.60516,287
2026-02-22 19:30:00,5098.51348,5098.73436,5098.44484,5098.60984,289
2026-02-22 19:45:00,5098.51348,5098.73549,5098.4494,5098.50597,286
2026-02-22 20:00:00,5098.51348,5098.73549,5098.44428,5098.48753,291
2026-02-22 20:15:00,5098.51348,5098.73209,5098.44485,5098.58896,287
2026-02-22 20:30:00,5098.51348,5098.73436,5098.44655,5098.62083,287
2026-02-22 20:45:00,5098.51348,5098.73208,5098.44485,5098.52363,287
2026-02-22 21:00:00,5098.51348,5098.73549,5098.44428,5098.47888,291
2026-02-22 21:15:00,5098.51348,5098.73549,5098.44938,5098.57015,286
2026-02-22 21:30:00,5098.51348,5098.73436,5098.44485,5098.627,289
2026-02-22 21:45:00,5098.51348,5098.73435,5098.44655,5098.54326,287
2026-02-22 22:00:00,5098.51348,5098.73549,5098.44485,5098.47531,290
2026-02-22 22:15:00,5098.51348,5098.72872,5098.44428,5098.55005,284
2026-02-22 22:30:00,5098.51348,5098.73549,5098.44484,5098.6279,290
2026-02-22 22:45:00,5098.51348,5098.73436,5098.44657,5098.56347,287
2026-02-22 23:00:00,5098.51348,5098.73434,5098.44654,5098.47709,287
2026-02-22 23:15:00,5098.51348,5098.73549,5098.44486,5098.53007,290
2026-02-22 23:30:00,5098.51348,5098.72873,5098.44428,5098.62347,284
2026-02-22 23:45:00,5098.51348,5098.7355,5098.44484,5098.58287,290
2026-02-23 00:00:00,5098.51348,5098.73437,5098.44658,5098.48409,287
2026-02-23 00:15:00,5098.51348,5098.73434,5098.44486,5098.5116,289
2026-02-23 00:30:00,5098.51348,5098.73549,5098.44934,5098.61403,286
2026-02-23 00:45:00,5098.51348,5098.7355,5098.44428,5098.60008,291
2026-02-23 01:00:00,5098.51348,5098.73205,5098.44483,5098.49581,287
2026-02-23 01:15:00,5098.51348,5098.73438,5098.44652,5098.49594,287
2026-02-23 01:30:00,5098.51348,5098.73213,5098.44487,5098.60023,287
2026-02-23 01:45:00,5098.51348,5098.73548,5098.44428,5098.61392,291
2026-02-23 02:00:00,5098.51348,5098.7355,5098.44944,5098.51144,286
2026-02-23 02:15:00,5098.51348,5098.73438,5098.44483,5098.48418,289
2026-02-23 02:30:00,5098.51348,5098.73432,5098.44651,5098.58304,287
2026-02-23 02:45:00,5098.51348,5098.73548,5098.44487,5098.62341,290
2026-02-23 03:00:00,5098.51348,5098.72878,5098.44428,5098.52989,284
2026-02-23 03:15:00,5098.51348,5098.7355,5098.44482,5098.47713,290
2026-02-23 03:30:00,5098.51348,5098.73439,5098.4466,5098.56366,287
2026-02-23 03:45:00,5098.51348,5098.73431,5098.44488,5098.62788,289
2026-02-23 04:00:00,5098.51348,5098.73548,5098.4493,5098.54986,286
2026-02-23 04:15:00,5098.51348,5098.73551,5098.44428,5098.47531,291
2026-02-23 04:30:00,5098.51348,5098.73201,5098.44482,5098.54345,287
2026-02-23 04:45:00,5098.51348,5098.7344,5098.44649,5098.62703,287
2026-02-23 05:00:00,5098.51348,5098.73431,5098.44488,5098.56996,289
2026-02-23 05:15:00,5098.51348,5098.73548,5098.44929,5098.47882,286
2026-02-23 05:30:00,5098.51348,5098.73551,5098.44428,5098.52381,291
2026-02-23 05:45:00,5098.51348,5098.732,5098.44482,5098.62092,287
2026-02-23 06:00:00,5098.51348,5098.7344,5098.44142,5098.58151,292
2026-02-23 06:15:00,5098.50568,5098.72404,5098.43416,5098.47498,289
2026-02-23 06:30:00,5098.50048,5098.72255,5098.43388,5098.49525,288
2026-02-23 06:45:00,5098.50309,5098.72242,5098.43601,5098.59632,286
2026-02-23 07:00:00,5098.50048,5098.73182,5098.43207,5098.60214,299
2026-02-23 07:15:00,5098.51065,5098.72673,5098.43879,5098.49333,287
2026-02-23 07:30:00,5098.5072,5098.73192,5098.43946,5098.4837,292
2026-02-23 07:45:00,5098.50568,5098.7185,5098.43648,5098.58665,282
2026-02-23 08:00:00,5098.50568,5098.72771,5098.42674,5098.60263,300
2026-02-23 08:15:00,5098.49662,5099.40977,5098.45167,5098.50753,958
2026-02-23 08:30:00,5098.50081,5098.72137,5098.42635,5098.47062,295
2026-02-23 08:45:00,5098.50335,5098.72512,5098.44185,5098.57113,283
2026-02-23 09:00:00,5098.50828,5098.90833,5098.43642,5098.65288,471
2026-02-23 09:15:00,5098.53592,5098.73424,5098.189,5098.28014,545
2026-02-23 09:30:00,5098.27633,5102.53605,5098.26805,5100.58522,4268
2026-02-23 09:45:00,5100.91882,5104.73787,5100.57788,5104.31357,4159
2026-02-23 10:00:00,5103.99262,5142.11842,5103.99262,5141.16967,38125
2026-02-23 10:15:00,5141.97795,5151.06174,5141.13738,5145.93067,9924
2026-02-23 10:30:00,5145.60262,5158.88662,5144.78225,5157.04256,14104
2026-02-23 10:45:00,5157.05852,5170.04831,5153.87459,5166.85758,16173
2026-02-23 11:00:00,5165.30204,5166.81945,5132.23054,5136.32944,34588
2026-02-23 11:15:00,5136.35014,5149.1802,5133.5313,5148.54432,15648
2026-02-23 11:30:00,5149.57187,5161.80943,5140.8631,5140.8631,20946
2026-02-23 11:45:00,5141.14445,5145.73209,5137.37976,5145.48265,8352
2026-02-23 12:00:00,5145.51322,5158.16553,5141.79971,5147.19522,16365
2026-02-23 12:15:00,5147.12269,5160.41295,5147.12269,5157.16581,13290
2026-02-23 12:30:00,5157.23702,5166.97718,5155.34879,5165.34901,11628
2026-02-23 12:45:00,5165.24488,5166.00707,5154.93817,5158.26507,11068
2026-02-23 13:00:00,5158.2578,5164.51293,5157.97426,5160.84343,6538
2026-02-23 13:15:00,5160.74715,5165.88254,5158.99581,5161.64269,6886
2026-02-23 13:30:00,5161.6186,5175.67584,5161.35818,5175.67584,14317
2026-02-23 13:45:00,5175.70983,5175.85234,5165.39475,5172.6515,10457
2026-02-23 14:00:00,5172.66969,5176.33935,5157.57041,5159.09524,18768
2026-02-23 14:15:00,5159.48043,5165.24551,5153.97293,5163.82001,11272
2026-02-23 14:30:00,5163.29955,5170.71376,5163.29955,5168.52554,7414
2026-02-23 14:45:00,5168.60012,5170.52093,5166.37793,5167.47706,4143
2026-02-23 15:00:00,5167.52703,5168.18709,5158.84604,5163.14926,9341
2026-02-23 15:15:00,5163.17197,5163.26271,5160.04159,5160.58392,3221
2026-02-23 15:30:00,5160.43848,5162.03732,5158.22329,5159.74219,3814
2026-02-23 15:45:00,5159.64549,5161.83973,5158.6861,5160.40566,3153
2026-02-23 16:00:00,5160.42202,5160.95319,5154.07427,5158.30331,6878
2026-02-23 16:15:00,5158.41362,5159.17011,5153.65663,5157.3909,5513
2026-02-23 16:30:00,5157.37335,5158.23211,5153.13968,5156.74588,5092
2026-02-23 16:45:00,5156.80851,5158.93751,5156.46816,5158.2142,2469
2026-02-23 17:00:00,5158.12614,5160.66585,5156.99153,5159.99545,3674
2026-02-23 17:15:00,5159.98768,5161.81537,5154.92484,5154.92484,6890
2026-02-23 17:30:00,5155.03092,5156.20569,5147.83113,5149.45234,8374
2026-02-23 17:45:00,5149.46042,5152.9473,5146.12524,5146.12524,6822
2026-02-23 18:00:00,5146.23542,5153.29436,5139.14115,5148.53177,14153
2026-02-23 18:15:00,5148.34188,5148.51107,5127.00465,5136.26636,21506
2026-02-23 18:30:00,5136.13348,5137.04931,5123.74958,5135.48505,13299
2026-02-23 18:45:00,5135.36646,5138.81797,5135.36646,5137.11453,3451
2026-02-23 19:00:00,5137.10186,5140.67513,5132.3702,5137.04908,8304
2026-02-23 19:15:00,5136.8279,5139.14842,5124.54386,5127.97561,14604
2026-02-23 19:30:00,5128.55276,5131.49753,5120.90226,5127.92995,10595
2026-02-23 19:45:00,5127.86425,5141.83333,5127.86425,5140.68979,13969
2026-02-23 20:00:00,5140.5656,5146.31713,5139.36525,5146.31713,6951
2026-02-23 20:15:00,5146.22735,5149.15378,5145.35061,5148.4231,3803
2026-02-23 20:30:00,5148.21458,5149.46011,5143.80834,5146.49673,5651
2026-02-23 20:45:00,5146.40213,5149.08732,5145.12313,5147.87166,3964
2026-02-23 21:00:00,5148.1164,5152.19516,5146.65906,5148.69871,5536
2026-02-23 21:15:00,5148.56442,5157.44097,5148.56442,5155.41868,8876
2026-02-23 21:30:00,5155.51989,5155.51989,5147.52871,5153.20551,7991
2026-02-23 21:45:00,5153.07138,5163.21409,5152.34744,5162.79585,10866
2026-02-23 22:00:00,5162.84607,5163.18815,5154.40447,5154.50321,8783
2026-02-23 22:15:00,5154.44431,5154.51793,5147.79092,5151.5788,6727
2026-02-23 22:30:00,5151.83238,5152.87431,5147.159,5150.97289,5715
2026-02-23 22:45:00,5151.1127,5154.38399,5148.65726,5150.72559,5726
2026-02-23 23:00:00,5150.61055,5156.07033,5147.6206,5149.17382,8449
2026-02-23 23:15:00,5149.24398,5152.85512,5145.58881,5146.92616,7266
2026-02-23 23:30:00,5146.29539,5163.07398,5146.29539,5163.07398,16778
2026-02-23 23:45:00,5163.09216,5165.43343,5161.09606,5163.9387,4337
2026-02-24 00:00:00,5163.82581,5165.37118,5154.07271,5154.53196,11298
2026-02-24 00:15:00,5154.4619,5155.95446,5145.11994,5149.79741,10834
2026-02-24 00:30:00,5149.88246,5153.54169,5148.9405,5151.95073,4601
2026-02-24 00:45:00,5151.91395,5151.9162,5146.43156,5146.43156,5484
2026-02-24 01:00:00,5146.20215,5154.07108,5145.24804,5154.07108,8823
2026-02-24 01:15:00,5154.02245,5164.97606,5154.02245,5164.34593,10953
2026-02-24 01:30:00,5164.68596,5189.69262,5164.31751,5187.85852,25375
2026-02-24 01:45:00,5186.8297,5199.13453,5186.8297,5190.08386,12304
2026-02-24 02:00:00,5189.76368,5197.10023,5177.88702,5194.77431,19213
2026-02-24 02:15:00,5194.72366,5205.1531,5193.85907,5196.33104,11294
2026-02-24 02:30:00,5196.54109,5203.66539,5189.51325,5201.33252,14152
2026-02-24 02:45:00,5201.56953,5204.01991,5190.87069,5197.36227,13149
2026-02-24 03:00:00,5196.81954,5205.6446,5180.70973,5202.67969,24934
2026-02-24 03:15:00,5202.76439,5217.26755,5201.80721,5215.58282,15460
2026-02-24 03:30:00,5215.83967,5217.14195,5209.48702,5210.31714,7654
2026-02-24 03:45:00,5210.28385,5216.05766,5207.69545,5209.98711,8362
2026-02-24 04:00:00,5209.82961,5213.42793,5200.03489,5201.30405,13393
2026-02-24 04:15:00,5202.035,5211.78163,5201.27427,5210.68396,10507
2026-02-24 04:30:00,5210.64979,5210.66124,5193.27466,5202.26028,17386
2026-02-24 04:45:00,5202.61702,5208.3941,5197.58587,5207.19401,10808
2026-02-24 05:00:00,5207.40259,5214.91754,5207.10079,5214.03817,7816
2026-02-24 05:15:00,5213.82384,5214.03204,5199.39262,5205.72793,14639
2026-02-24 05:30:00,5205.48347,5212.25887,5205.48347,5206.56684,6775
2026-02-24 05:45:00,5206.46215,5211.8775,5206.33544,5209.20112,5542
2026-02-24 06:00:00,5208.98325,5211.90069,5206.97411,5211.77828,4926
2026-02-24 06:15:00,5211.81508,5213.77608,5210.28205,5210.28205,3494
2026-02-24 06:30:00,5210.30449,5215.80735,5209.31526,5213.91724,6492
2026-02-24 06:45:00,5214.39866,5219.46186,5213.62061,5215.65797,5841
2026-02-24 07:00:00,5215.69065,5224.01949,5215.69065,5222.99029,8328
2026-02-24 07:15:00,5222.85157,5225.61232,5222.14397,5225.61232,3468
2026-02-24 07:30:00,5225.63464,5229.41664,5225.61972,5228.37956,3796
2026-02-24 07:45:00,5228.35896,5237.62294,5225.04328,5236.91932,12579
2026-02-24 08:00:00,5236.9124,5236.96571,5231.21126,5231.21126,5754
2026-02-24 08:15:00,5231.28483,5231.67637,5229.71906,5230.51657,1957
2026-02-24 08:30:00,5230.68056,5233.25431,5227.53287,5229.19541,5721
2026-02-24 08:45:00,5229.14311,5230.73488,5227.62634,5227.67983,3108
2026-02-24 09:00:00,5227.80114,5228.8807,5227.64306,5228.11743,1237
2026-02-24 09:15:00,5228.11849,5228.24759,5227.7251,5227.89173,522
2026-02-24 09:30:00,5227.81945,5228.16504,5227.45301,5227.94833,712
2026-02-24 09:45:00,5227.85495,5230.15215,5227.68485,5229.22759,2467
2026-02-24 10:00:00,5229.50757,5250.6274,5224.96873,5243.4643,25658
2026-02-24 10:15:00,5243.31535,5249.71077,5236.48013,5236.88905,13230
2026-02-24 10:30:00,5237.16041,5245.8703,5236.85432,5241.72508,9015
2026-02-24 10:45:00,5241.64595,5242.00201,5236.63628,5237.20446,5365
2026-02-24 11:00:00,5237.0091,5237.23188,5220.49798,5229.75042,16733
2026-02-24 11:15:00,5229.62719,5237.81437,5223.89473,5225.65671,13919
2026-02-24 11:30:00,5225.01984,5231.59276,5225.01984,5229.47443,6572
2026-02-24 11:45:00,5229.532,5232.36279,5222.38697,5223.0541,9975
2026-02-24 12:00:00,5221.74764,5223.02112,5176.72814,5185.77773,46292
2026-02-24 12:15:00,5187.26527,5187.26527,5145.57714,5162.47416,41688
2026-02-24 12:30:00,5162.00168,5178.08491,5161.2347,5174.55467,16850
2026-02-24 12:45:00,5174.52926,5180.1998,5163.24829,5173.54352,16951
2026-02-24 13:00:00,5173.61147,5179.26333,5165.38337,5173.60821,13879
2026-02-24 13:15:00,5173.66016,5174.70521,5167.84279,5172.51705,6862
2026-02-24 13:30:00,5172.67573,5186.75437,5172.51928,5186.63298,14235
2026-02-24 13:45:00,5186.72888,5191.7775,5184.18019,5189.22753,7597
2026-02-24 14:00:00,5189.22069,5191.42662,5186.96308,5187.22981,4463
2026-02-24 14:15:00,5187.11929,5189.34249,5182.12808,5182.70899,7214
2026-02-24 14:30:00,5182.78103,5188.70026,5178.54286,5178.54286,10157
2026-02-24 14:45:00,5178.65179,5180.03758,5170.9442,5171.93234,9093
2026-02-24 15:00:00,5172.25018,5172.25018,5162.2121,5168.32165,10038
2026-02-24 15:15:00,5168.17682,5173.72161,5168.17682,5171.69949,5544
2026-02-24 15:30:00,5171.62062,5172.80388,5164.87136,5165.9327,7932
2026-02-24 15:45:00,5165.84626,5170.31061,5165.83026,5168.49653,4480
2026-02-24 16:00:00,5168.41761,5174.71312,5164.68812,5172.71094,10025
2026-02-24 16:15:00,5172.46143,5174.61892,5167.45246,5168.37586,7166
2026-02-24 16:30:00,5168.36364,5174.77476,5167.44786,5172.9778,7326
2026-02-24 16:45:00,5172.86145,5186.10726,5172.86145,5182.36519,13245
2026-02-24 17:00:00,5182.33124,5184.07467,5177.78592,5182.59806,6288
2026-02-24 17:15:00,5182.47423,5182.77255,5171.46938,5172.31585,11303
2026-02-24 17:30:00,5172.12173,5173.31677,5155.80841,5169.554,17508
2026-02-24 17:45:00,5169.43438,5175.39879,5168.16826,5174.30501,7230
2026-02-24 18:00:00,5174.35432,5174.35617,5165.14075,5170.09454,9215
2026-02-24 18:15:00,5170.5408,5182.26956,5169.87953,5182.14001,12390
2026-02-24 18:30:00,5182.22076,5183.94387,5175.99496,5181.72871,7948
2026-02-24 18:45:00,5182.28701,5182.92309,5174.97309,5180.64122,7949
2026-02-24 19:00:00,5180.67816,5180.68329,5170.02274,5172.78655,10660
2026-02-24 19:15:00,5172.58569,5173.77801,5165.45203,5172.01499,8325
2026-02-24 19:30:00,5171.97718,5182.59057,5171.97718,5175.92214,10613
2026-02-24 19:45:00,5176.4079,5176.87476,5170.46764,5174.37949,6407
2026-02-24 20:00:00,5174.26978,5180.27747,5171.65238,5172.47489,8625
2026-02-24 20:15:00,5172.46343,5173.91582,5168.67964,5168.80876,5236
2026-02-24 20:30:00,5168.69689,5174.06041,5167.16869,5170.69086,6891
2026-02-24 20:45:00,5170.50667,5173.4425,5167.99085,5172.70589,5451
2026-02-24 21:00:00,5172.67749,5176.13412,5171.74918,5174.4665,4384
2026-02-24 21:15:00,5174.48394,5180.44292,5171.29195,5176.36617,9150
2026-02-24 21:30:00,5176.69709,5176.69709,5165.02942,5170.47044,11667
2026-02-24 21:45:00,5170.51961,5174.27208,5169.12966,5172.59176,5142
2026-02-24 22:00:00,5172.55081,5177.15738,5172.55081,5176.96334,4606
2026-02-24 22:15:00,5176.92235,5177.07982,5171.90584,5174.51465,5173
2026-02-24 22:30:00,5174.38428,5177.30283,5173.28893,5177.14161,4013
2026-02-24 22:45:00,5177.20489,5177.92502,5173.4475,5173.90109,4477
2026-02-24 23:00:00,5174.02589,5174.02589,5166.84368,5167.12653,7182
2026-02-24 23:15:00,5167.2586,5168.44633,5150.75916,5161.69106,17687
2026-02-24 23:30:00,5161.46009,5163.44798,5155.54798,5157.00422,7899
2026-02-24 23:45:00,5157.13636,5158.64904,5150.16031,5151.78635,8488
2026-02-25 00:00:00,5151.61432,5161.16981,5151.61432,5159.29713,9555
2026-02-25 00:15:00,5159.48915,5159.48915,5152.27852,5156.80027,7210
2026-02-25 00:30:00,5156.74439,5157.08172,5134.00863,5145.68232,23073
2026-02-25 00:45:00,5145.6176,5145.68241,5117.72303,5120.49352,27959
2026-02-25 01:00:00,5120.32823,5126.12533,5102.67579,5102.67579,23449
2026-02-25 01:15:00,5102.80251,5118.57167,5100.79752,5114.02609,17774
2026-02-25 01:30:00,5114.27835,5136.7207,5114.02097,5136.15623,22699
2026-02-25 01:45:00,5136.0045,5137.94915,5125.82178,5129.07564,12127
2026-02-25 02:00:00,5129.074,5137.0855,5120.40901,5136.67006,16676
2026-02-25 02:15:00,5136.6883,5146.50909,5136.63156,5141.97334,9877
2026-02-25 02:30:00,5142.39548,5150.36927,5136.30834,5149.53567,14060
2026-02-25 02:45:00,5149.41688,5154.59484,5145.46341,5149.59855,9131
2026-02-25 03:00:00,5149.66081,5151.27328,5143.11239,5147.99349,8160
2026-02-25 03:15:00,5147.9704,5149.62809,5142.48316,5143.8439,7144
2026-02-25 03:30:00,5143.51767,5150.15618,5134.62346,5144.66261,15532
2026-02-25 03:45:00,5144.77621,5144.77645,5130.05124,5140.4777,14725
2026-02-25 04:00:00,5140.32195,5157.34997,5140.32195,5156.56059,17028
2026-02-25 04:15:00,5156.57664,5162.19082,5154.98126,5158.7192,7209
2026-02-25 04:30:00,5158.71608,5160.74001,5157.4092,5160.27192,3330
2026-02-25 04:45:00,5160.31461,5162.92496,5158.20566,5162.86707,4719
2026-02-25 05:00:00,5163.0885,5169.18285,5162.84376,5165.38621,6339
2026-02-25 05:15:00,5165.32138,5165.93618,5157.52242,5158.27029,8413
2026-02-25 05:30:00,5158.11568,5161.21264,5154.01315,5159.66535,7199
2026-02-25 05:45:00,5159.77011,5162.4416,5157.24955,5160.62699,5192
2026-02-25 06:00:00,5160.59309,5160.68858,5151.00415,5155.45198,9684
2026-02-25 06:15:00,5155.62352,5158.34096,5146.23385,5151.25759,12107
2026-02-25 06:30:00,5151.15622,5156.76578,5149.74973,5152.98516,7016
2026-02-25 06:45:00,5152.94266,5156.16038,5152.15618,5154.62888,4004
2026-02-25 07:00:00,5154.62929,5155.77179,5147.27239,5148.76268,8499
2026-02-25 07:15:00,5148.65305,5168.88446,5148.65305,5168.88446,20231
2026-02-25 07:30:00,5168.65661,5173.714,5166.17949,5172.67649,7534
2026-02-25 07:45:00,5172.61972,5172.69064,5159.45018,5164.08745,13240
2026-02-25 08:00:00,5164.01511,5164.50432,5155.48057,5160.86352,9023
2026-02-25 08:15:00,5160.77582,5161.63814,5152.9713,5156.03721,8666
2026-02-25 08:30:00,5156.03549,5156.07279,5145.79907,5150.72629,10273
2026-02-25 08:45:00,5150.7958,5150.7958,5142.83804,5143.59515,7957
2026-02-25 09:00:00,5143.54786,5144.32922,5142.82601,5144.05385,1503
2026-02-25 09:15:00,5144.01903,5144.33491,5143.82366,5144.18489,511
2026-02-25 09:30:00,5144.20019,5144.41214,5143.7673,5144.04433,644
2026-02-25 09:45:00,5144.01148,5144.23528,5143.67745,5144.10792,557
2026-02-25 10:00:00,5144.16329,5144.19571,5123.07465,5134.34643,21121
2026-02-25 10:15:00,5134.03443,5136.54127,5129.65689,5129.65689,6884
2026-02-25 10:30:00,5129.72451,5148.82514,5128.98464,5148.82514,19840
2026-02-25 10:45:00,5148.64342,5152.83984,5145.43523,5147.41723,7404
2026-02-25 11:00:00,5147.31284,5148.91043,5139.28993,5140.95455,9620
2026-02-25 11:15:00,5140.97633,5145.66783,5140.26575,5140.26575,5402
2026-02-25 11:30:00,5140.78009,5155.00217,5140.1,5150.08411,14902
2026-02-25 11:45:00,5150.22893,5155.49131,5143.13676,5154.40462,12354
2026-02-25 12:00:00,5154.51038,5180.93481,5147.544,5174.32749,33390
2026-02-25 12:15:00,5174.63657,5187.12337,5174.2951,5186.56623,12828
2026-02-25 12:30:00,5186.73276,5188.32805,5177.99786,5180.01553,10330
2026-02-25 12:45:00,5180.00228,5187.95825,5176.28558,5176.49816,11672
2026-02-25 13:00:00,5176.53336,5189.45718,5176.50362,5186.925,12953
2026-02-25 13:15:00,5187.46484,5192.58,5185.35186,5189.511,7228
2026-02-25 13:30:00,5189.5277,5189.77157,5183.60979,5185.81714,6161
2026-02-25 13:45:00,5185.70322,5185.83839,5172.66026,5180.7741,13178
2026-02-25 14:00:00,5180.46582,5194.01802,5180.46582,5185.86652,13552
2026-02-25 14:15:00,5185.77944,5187.03569,5179.78701,5185.71411,7248
2026-02-25 14:30:00,5185.59423,5187.74052,5179.44241,5184.2751,8298
2026-02-25 14:45:00,5184.29706,5188.89487,5179.49523,5182.98159,9399
2026-02-25 15:00:00,5182.89515,5183.09677,5174.07407,5180.57078,9022
2026-02-25 15:15:00,5180.44444,5184.74879,5180.44444,5183.43592,4304
2026-02-25 15:30:00,5183.30493,5184.01126,5178.80695,5182.82006,5204
2026-02-25 15:45:00,5182.49619,5184.45538,5180.69475,5183.10986,3760
2026-02-25 16:00:00,5182.94485,5190.67554,5182.94485,5188.74136,7730
2026-02-25 16:15:00,5188.63895,5195.88154,5188.15442,5195.12938,7727
2026-02-25 16:30:00,5195.18561,5204.21467,5194.68439,5202.83402,9530
2026-02-25 16:45:00,5202.80553,5212.60354,5202.27027,5202.27027,10333
2026-02-25 17:00:00,5202.28896,5202.34909,5185.28637,5188.77747,17062
2026-02-25 17:15:00,5189.18836,5195.21509,5188.75486,5189.95929,6460
2026-02-25 17:30:00,5189.93554,5193.82195,5189.79957,5192.10542,4022
2026-02-25 17:45:00,5192.12564,5195.47345,5190.12353,5194.32176,5349
2026-02-25 18:00:00,5194.30624,5194.55909,5187.54475,5188.8502,7014
2026-02-25 18:15:00,5188.75455,5189.58233,5184.47042,5189.00464,5111
2026-02-25 18:30:00,5188.99512,5189.81548,5186.03475,5187.16276,3780
2026-02-25 18:45:00,5187.13939,5188.69202,5182.44475,5184.5777,6247
2026-02-25 19:00:00,5184.95926,5190.84669,5184.55755,5187.86485,6289
2026-02-25 19:15:00,5187.76629,5193.54028,5187.68791,5192.1808,5852
2026-02-25 19:30:00,5191.95238,5196.49385,5190.72452,5193.13984,5769
2026-02-25 19:45:00,5193.2533,5193.2533,5185.54158,5185.54158,7711
2026-02-25 20:00:00,5185.79067,5187.07288,5179.51274,5185.33031,7560
2026-02-25 20:15:00,5185.68504,5188.13633,5181.42261,5187.33815,6713
2026-02-25 20:30:00,5187.29491,5192.98795,5186.47528,5191.72717,6512
2026-02-25 20:45:00,5191.68697,5193.72227,5187.32383,5193.0629,6398
2026-02-25 21:00:00,5193.03682,5194.33299,5184.29795,5184.29795,10035
2026-02-25 21:15:00,5184.24378,5184.34664,5174.11099,5178.27593,10235
2026-02-25 21:30:00,5178.97778,5180.53664,5171.19992,5178.15191,9336
2026-02-25 21:45:00,5177.98871,5178.15235,5173.77096,5175.47495,4381
2026-02-25 22:00:00,5175.39199,5175.43615,5162.30353,5167.06807,13132
2026-02-25 22:15:00,5167.3913,5169.57436,5151.8821,5168.98423,17692
2026-02-25 22:30:00,5168.83464,5174.44518,5167.98139,5173.432,6463
2026-02-25 22:45:00,5173.34626,5181.23856,5172.86411,5181.23856,8374
2026-02-25 23:00:00,5181.16306,5182.3475,5178.74954,5182.05358,3597
2026-02-25 23:15:00,5182.0581,5187.27035,5182.0581,5184.89001,5212
2026-02-25 23:30:00,5184.7515,5185.85966,5178.57593,5185.11585,7283
2026-02-25 23:45:00,5185.03497,5185.13333,5178.09587,5182.07883,7037
2026-02-26 00:00:00,5182.12054,5189.51838,5182.08742,5186.65081,7430
2026-02-26 00:15:00,5186.78546,5190.98493,5186.63366,5188.43182,4351
2026-02-26 00:30:00,5188.41793,5190.3446,5187.07566,5187.75278,3268
2026-02-26 00:45:00,5187.90151,5190.10836,5185.42047,5186.62231,4687
2026-02-26 01:00:00,5186.70931,5190.8674,5184.45964,5185.81374,6407
2026-02-26 01:15:00,5186.20642,5186.20642,5177.11125,5177.11125,9095
2026-02-26 01:30:00,5177.21179,5179.85303,5162.71665,5173.47402,17136
2026-02-26 01:45:00,5173.24349,5191.77997,5173.24349,5190.83524,18536
2026-02-26 02:00:00,5190.54897,5201.21081,5190.54897,5192.94713,10661
2026-02-26 02:15:00,5193.08038,5194.89908,5178.18727,5180.3641,16711
2026-02-26 02:30:00,5180.71469,5192.74837,5175.02058,5191.50246,17727
2026-02-26 02:45:00,5191.3911,5197.88183,5188.37432,5194.99566,9507
2026-02-26 03:00:00,5194.9467,5198.15347,5190.80526,5194.35277,7348
2026-02-26 03:15:00,5194.15755,5205.74687,5192.9066,5202.13287,12840
2026-02-26 03:30:00,5201.98962,5208.70049,5200.00165,5207.17473,8698
2026-02-26 03:45:00,5207.06005,5212.87151,5207.06005,5212.3414,5811
2026-02-26 04:00:00,5212.32205,5218.1188,5209.28855,5216.26073,8830
2026-02-26 04:15:00,5215.81497,5216.24852,5212.08681,5213.66055,4161
2026-02-26 04:30:00,5213.6133,5214.17209,5208.35003,5209.34614,5822
2026-02-26 04:45:00,5209.44394,5211.47956,5205.58935,5206.64472,5890
2026-02-26 05:00:00,5206.70755,5208.54076,5206.62201,5207.35045,1918
2026-02-26 05:15:00,5207.37895,5207.62311,5207.12805,5207.23837,495
2026-02-26 05:30:00,5207.22139,5207.59647,5205.67357,5205.78905,1922
2026-02-26 05:45:00,5205.78056,5205.8487,5201.06176,5202.0407,4786
2026-02-26 06:00:00,5202.08588,5207.76098,5193.407,5204.38837,14353
2026-02-26 06:15:00,5204.58114,5206.82318,5194.19756,5198.43677,12625
2026-02-26 06:30:00,5197.79019,5205.88022,5197.79019,5203.85105,8090
2026-02-26 06:45:00,5203.91397,5207.07174,5202.49105,5205.26524,4580
2026-02-26 07:00:00,5205.15431,5205.65282,5198.42916,5198.42916,7223
2026-02-26 07:15:00,5197.70153,5198.39062,5185.33864,5187.72925,13051
2026-02-26 07:30:00,5188.00022,5190.01998,5177.14662,5180.87288,12873
2026-02-26 07:45:00,5180.56486,5180.86188,5149.345,5151.65716,31516
2026-02-26 08:00:00,5150.91004,5163.99146,5150.91004,5160.52669,13081
2026-02-26 08:15:00,5160.43343,5171.29761,5160.43343,5169.00758,10864
2026-02-26 08:30:00,5168.88782,5172.24728,5168.33072,5169.64798,3916
2026-02-26 08:45:00,5169.5363,5172.42161,5162.6721,5164.81572,9749
2026-02-26 09:00:00,5164.90948,5165.53878,5164.543,5165.03757,995
2026-02-26 09:15:00,5165.0448,5165.28044,5164.89093,5165.14426,389
2026-02-26 09:30:00,5165.05268,5165.34506,5164.93908,5165.23655,405
2026-02-26 09:45:00,5165.13388,5165.31217,5164.94186,5165.06593,370
2026-02-26 10:00:00,5165.04147,5180.74329,5164.60957,5168.12249,16133
2026-02-26 10:15:00,5168.1125,5179.14412,5167.10398,5170.0783,12040
2026-02-26 10:30:00,5170.07366,5173.19153,5165.96484,5172.97304,7226
2026-02-26 10:45:00,5172.79513,5178.53686,5163.25372,5165.51648,15283
2026-02-26 11:00:00,5166.00789,5167.89277,5157.27328,5166.85619,10619
2026-02-26 11:15:00,5167.05901,5185.72465,5166.86403,5184.22001,18860
2026-02-26 11:30:00,5184.33354,5188.21012,5180.36724,5187.71443,7842
2026-02-26 11:45:00,5187.64061,5190.81179,5185.4552,5187.94491,5356
2026-02-26 12:00:00,5188.50526,5199.44857,5185.76778,5188.13069,13680
2026-02-26 12:15:00,5188.41254,5195.79205,5180.61142,5180.61142,15180
2026-02-26 12:30:00,5180.70502,5190.96227,5179.60623,5189.46025,11356
2026-02-26 12:45:00,5189.28936,5192.66473,5187.43214,5192.62515,5232
2026-02-26 13:00:00,5192.66589,5193.81816,5181.32866,5184.164,12489
2026-02-26 13:15:00,5183.9213,5189.47882,5181.74661,5182.48948,7732
2026-02-26 13:30:00,5182.41821,5183.13881,5174.27544,5177.24048,8863
2026-02-26 13:45:00,5177.33583,5186.72107,5177.26085,5184.58721,9460
2026-02-26 14:00:00,5184.57332,5188.7589,5184.27657,5187.6601,4482
2026-02-26 14:15:00,5187.60289,5194.20164,5187.42274,5188.88562,6778
2026-02-26 14:30:00,5188.93808,5189.52595,5186.21549,5186.49453,3310
2026-02-26 14:45:00,5186.48705,5192.90198,5184.95381,5192.70326,7948
2026-02-26 15:00:00,5192.78072,5197.20263,5192.70953,5196.61297,4493
2026-02-26 15:15:00,5196.67382,5197.03593,5191.09791,5194.30046,5938
2026-02-26 15:30:00,5194.24895,5195.71072,5194.10191,5194.56459,1608
2026-02-26 15:45:00,5194.60875,5194.92852,5190.60439,5192.85063,4324
2026-02-26 16:00:00,5192.93083,5200.01523,5190.46258,5198.99428,9552
2026-02-26 16:15:00,5198.77361,5204.53403,5197.6196,5200.25533,6914
2026-02-26 16:30:00,5200.24451,5202.12378,5198.18582,5200.52386,3937
2026-02-26 16:45:00,5200.42471,5200.51126,5191.49257,5198.26417,9018
2026-02-26 17:00:00,5198.19644,5201.31907,5194.47456,5197.34269,6844
2026-02-26 17:15:00,5197.44153,5198.23424,5194.75903,5195.91513,3475
2026-02-26 17:30:00,5195.83802,5197.52583,5194.5996,5196.87084,2926
2026-02-26 17:45:00,5196.83775,5196.97352,5191.57735,5191.83456,5396
2026-02-26 18:00:00,5192.01754,5194.29016,5183.7698,5185.29794,10520
2026-02-26 18:15:00,5184.92768,5189.7505,5184.92768,5185.68464,4822
2026-02-26 18:30:00,5185.62926,5189.19641,5185.02073,5186.40037,4175
2026-02-26 18:45:00,5186.46269,5187.24655,5179.84749,5187.24655,7399
2026-02-26 19:00:00,5187.09091,5189.4462,5180.30027,5189.4462,9145
2026-02-26 19:15:00,5189.30492,5190.15331,5177.08224,5177.51615,13071
2026-02-26 19:30:00,5177.53995,5177.71285,5170.78574,5175.20162,6927
2026-02-26 19:45:00,5175.33775,5181.41834,5170.51169,5179.3998,10906
2026-02-26 20:00:00,5179.3751,5181.75423,5174.89588,5181.37376,6858
2026-02-26 20:15:00,5181.28507,5181.69464,5175.56803,5180.65061,6126
2026-02-26 20:30:00,5180.54212,5184.05599,5180.46702,5181.46999,3588
2026-02-26 20:45:00,5181.51649,5188.73714,5181.44287,5186.79722,7294
2026-02-26 21:00:00,5186.78465,5190.44804,5186.3325,5187.98584,4115
2026-02-26 21:15:00,5187.9302,5188.18487,5179.75485,5180.84386,8430
2026-02-26 21:30:00,5180.35052,5180.81423,5173.08763,5174.6863,7726
2026-02-26 21:45:00,5174.91277,5174.91277,5166.56278,5169.45331,8349
2026-02-26 22:00:00,5169.00291,5177.67485,5169.00291,5176.2517,8671
2026-02-26 22:15:00,5176.20984,5176.30452,5170.33393,5171.96322,5970
2026-02-26 22:30:00,5172.11136,5174.46737,5171.94335,5174.1337,2524
2026-02-26 22:45:00,5174.04678,5174.24905,5162.63145,5165.04247,11617
2026-02-26 23:00:00,5164.8848,5169.04306,5157.8961,5168.16125,11146
2026-02-26 23:15:00,5168.18166,5179.19765,5168.09466,5179.19765,11102
2026-02-26 23:30:00,5179.17613,5187.80814,5178.9433,5186.85554,8864
2026-02-26 23:45:00,5186.78844,5186.96899,5179.8141,5182.75589,7154
2026-02-27 00:00:00,5182.57687,5184.19848,5170.31115,5171.67736,13887
2026-02-27 00:15:00,5172.00479,5176.73397,5171.41969,5176.15402,5314
2026-02-27 00:30:00,5175.55634,5176.14981,5166.02565,5167.40017,10124
2026-02-27 00:45:00,5167.12444,5171.01229,5165.56114,5170.03868,5451
2026-02-27 01:00:00,5170.69166,5170.69166,5161.91515,5165.8569,8776
2026-02-27 01:15:00,5165.75745,5171.53335,5164.68955,5170.63129,6843
2026-02-27 01:30:00,5170.70907,5172.05595,5149.48391,5167.8173,22572
2026-02-27 01:45:00,5168.52128,5175.5985,5166.50781,5167.20506,9090
2026-02-27 02:00:00,5167.05817,5172.60823,5161.78236,5163.59505,10825
2026-02-27 02:15:00,5163.26427,5163.55639,5127.32727,5141.3168,36229
2026-02-27 02:30:00,5140.83165,5174.25389,5140.83165,5173.43203,33422
2026-02-27 02:45:00,5173.0881,5193.99393,5173.0881,5185.15142,20905
2026-02-27 03:00:00,5185.01731,5185.959,5174.28664,5176.14481,11672
2026-02-27 03:15:00,5176.03984,5183.97432,5176.00496,5179.48035,7969
2026-02-27 03:30:00,5179.48357,5184.75383,5179.42778,5183.20537,5326
2026-02-27 03:45:00,5183.1906,5184.71606,5177.32018,5179.2685,7395
2026-02-27 04:00:00,5179.02242,5190.40758,5179.02242,5183.03551,11385
2026-02-27 04:15:00,5182.62352,5183.02553,5173.81629,5174.63852,9209
2026-02-27 04:30:00,5174.63329,5177.64031,5172.74966,5175.43571,4890
2026-02-27 04:45:00,5175.42339,5175.5406,5163.03153,5166.511,12509
2026-02-27 05:00:00,5166.24793,5171.33584,5165.8566,5171.12304,5479
2026-02-27 05:15:00,5170.88173,5177.73469,5170.88173,5177.73469,6852
2026-02-27 05:30:00,5177.57801,5180.9788,5157.25665,5180.75298,23722
2026-02-27 05:45:00,5180.66617,5185.5447,5179.56929,5180.14237,5975
2026-02-27 06:00:00,5180.00198,5187.90817,5180.00198,5187.90817,7906
2026-02-27 06:15:00,5187.91169,5188.19504,5185.54885,5185.82312,2646
2026-02-27 06:30:00,5185.82893,5190.13377,5184.81126,5185.80472,5322
2026-02-27 06:45:00,5185.47668,5193.62745,5185.47668,5187.84755,8150
2026-02-27 07:00:00,5187.77974,5197.87592,5187.75891,5197.03543,10117
2026-02-27 07:15:00,5197.01636,5197.47794,5192.02478,5194.90788,5453
2026-02-27 07:30:00,5194.63794,5200.08575,5191.14476,5198.32851,8940
2026-02-27 07:45:00,5198.43295,5200.87671,5190.96193,5196.51678,9914
2026-02-27 08:00:00,5196.3414,5200.27829,5196.3414,5197.31992,3936
2026-02-27 08:15:00,5197.09549,5197.30883,5185.96904,5185.96904,11339
2026-02-27 08:30:00,5186.026,5191.03159,5185.13172,5190.35247,5899
2026-02-27 08:45:00,5190.33366,5190.44784,5183.60972,5184.81729,6838
2026-02-27 09:00:00,5184.67058,5184.78608,5182.3454,5184.48063,2440
2026-02-27 09:15:00,5184.46299,5184.88597,5184.41214,5184.64853,473
2026-02-27 09:30:00,5184.53584,5184.76421,5184.33697,5184.59911,427
2026-02-27 09:45:00,5184.51427,5184.63501,5180.88201,5181.09474,3752
2026-02-27 10:00:00,5180.43546,5187.31367,5178.96406,5184.16447,8349
2026-02-27 10:15:00,5184.10929,5186.94054,5180.29937,5183.33591,6641
2026-02-27 10:30:00,5183.25798,5188.22245,5182.49323,5186.98119,5729
2026-02-27 10:45:00,5186.81234,5187.07605,5182.737,5184.0266,4339
2026-02-27 11:00:00,5184.01361,5186.25988,5177.90614,5184.55695,8353
2026-02-27 11:15:00,5184.10409,5193.17821,5184.10409,5188.70081,9074
2026-02-27 11:30:00,5188.64683,5189.06711,5172.15554,5176.23627,16911
2026-02-27 11:45:00,5176.2322,5177.50507,5173.15761,5175.24172,4347
2026-02-27 12:00:00,5175.06078,5179.13883,5166.01681,5177.38816,13122
2026-02-27 12:15:00,5177.30908,5178.89432,5174.26715,5175.42849,4627
2026-02-27 12:30:00,5175.43609,5190.47218,5173.91409,5187.61224,16558
2026-02-27 12:45:00,5187.57592,5193.44412,5187.57592,5193.0229,5868
2026-02-27 13:00:00,5192.58012,5198.79784,5192.24264,5194.93724,6555
2026-02-27 13:15:00,5194.85434,5194.97952,5184.81575,5184.81575,10163
2026-02-27 13:30:00,5184.6477,5185.34066,5175.28014,5180.70476,10060
2026-02-27 13:45:00,5180.79736,5183.66867,5172.7047,5183.39029,10963
2026-02-27 14:00:00,5183.27479,5184.65563,5182.14388,5182.50089,2511
2026-02-27 14:15:00,5182.61694,5187.89119,5182.46002,5186.81475,5431
2026-02-27 14:30:00,5186.70235,5189.19882,5184.24832,5186.96153,4950
2026-02-27 14:45:00,5187.0237,5190.85271,5184.26248,5185.45614,6590
2026-02-27 15:00:00,5185.42091,5187.94043,5184.31599,5186.08035,3624
2026-02-27 15:15:00,5186.05639,5188.95427,5182.82056,5187.3683,6133
2026-02-27 15:30:00,5187.26311,5188.46907,5185.38474,5187.12737,3084
2026-02-27 15:45:00,5187.16511,5187.44095,5183.04528,5183.04528,4395
2026-02-27 16:00:00,5183.03038,5187.03265,5181.40244,5186.94391,5630
2026-02-27 16:15:00,5186.90264,5194.22258,5186.35831,5194.05923,7864
2026-02-27 16:30:00,5194.30636,5198.17559,5192.0043,5192.59719,6171
2026-02-27 16:45:00,5192.57563,5200.04491,5191.80963,5199.04643,8235
2026-02-27 17:00:00,5198.94166,5199.03932,5193.26303,5196.95076,5776
2026-02-27 17:15:00,5197.01619,5198.2926,5193.33025,5193.33025,4962
2026-02-27 17:30:00,5193.24086,5196.70768,5192.29442,5193.44588,4413
2026-02-27 17:45:00,5193.46872,5193.50057,5185.9591,5186.1118,7541
2026-02-27 18:00:00,5186.11095,5188.63082,5183.3854,5184.51775,5245
2026-02-27 18:15:00,5185.01737,5185.01737,5179.37433,5180.11756,5643
2026-02-27 18:30:00,5180.11792,5182.72867,5177.37049,5180.7436,5358
2026-02-27 18:45:00,5180.68665,5182.02143,5177.81998,5177.81998,4201
2026-02-27 19:00:00,5177.70987,5181.34546,5176.95402,5179.34962,4391
2026-02-27 19:15:00,5179.24754,5180.24431,5174.32815,5178.68684,5916
2026-02-27 19:30:00,5178.49339,5181.57909,5177.55352,5181.007,4025
2026-02-27 19:45:00,5180.92279,5181.35418,5177.52397,5178.65588,3830
2026-02-27 20:00:00,5178.58412,5182.64991,5175.87791,5177.8209,6771
2026-02-27 20:15:00,5177.94556,5180.89546,5176.81405,5180.09464,4081
2026-02-27 20:30:00,5179.77134,5181.26442,5178.57314,5180.48939,2691
2026-02-27 20:45:00,5180.48408,5182.12965,5173.72498,5175.57495,8404
2026-02-27 21:00:00,5175.64882,5176.35991,5168.6627,5172.23266,7697
2026-02-27 21:15:00,5172.45899,5180.23425,5172.20838,5176.67466,8025
2026-02-27 21:30:00,5177.04165,5177.04165,5171.34103,5174.1975,5700
2026-02-27 21:45:00,5174.44746,5178.20439,5174.16951,5177.75723,4034
2026-02-27 22:00:00,5177.74329,5178.39477,5173.56798,5174.65774,4826
2026-02-27 22:15:00,5174.48537,5177.7512,5172.84557,5177.49331,4905
2026-02-27 22:30:00,5177.57379,5179.58947,5176.7282,5177.9199,2861
2026-02-27 22:45:00,5177.97285,5185.59252,5177.94071,5185.42855,7651
2026-02-27 23:00:00,5185.3336,5190.45012,5184.85306,5186.4081,5597
2026-02-27 23:15:00,5186.34281,5189.2311,5185.62949,5187.48278,3601
2026-02-27 23:30:00,5187.50491,5187.66711,5184.44596,5185.98031,3221
2026-02-27 23:45:00,5185.91553,5188.36492,5184.20688,5188.36492,4158
2026-02-28 00:00:00,5188.4411,5213.50519,5188.36109,5213.50519,25144
2026-02-28 00:15:00,5213.18206,5238.8729,5213.18206,5234.06036,25690
2026-02-28 00:30:00,5233.21886,5234.02657,5209.7954,5215.66321,24231
2026-02-28 00:45:00,5215.67132,5225.27613,5213.12496,5223.64033,12151
2026-02-28 01:00:00,5223.56321,5228.25759,5220.61292,5226.07006,7644
2026-02-28 01:15:00,5226.09518,5234.60816,5225.09318,5229.49953,9514
2026-02-28 01:30:00,5229.54806,5231.05346,5215.98332,5224.64102,15070
2026-02-28 01:45:00,5224.5988,5229.03789,5220.0481,5224.81055,8989
2026-02-28 02:00:00,5224.72582,5239.48303,5222.26661,5238.15491,17216
2026-02-28 02:15:00,5238.22799,5239.04336,5217.38983,5229.64928,21653
2026-02-28 02:30:00,5229.12578,5234.79111,5227.96882,5231.71304,6822
2026-02-28 02:45:00,5231.69667,5244.55547,5230.80365,5242.16654,13751
2026-02-28 03:00:00,5241.52505,5254.87626,5236.54482,5252.90861,18331
2026-02-28 03:15:00,5253.14744,5256.86705,5220.54363,5234.62811,36323
2026-02-28 03:30:00,5234.84332,5238.27564,5231.25861,5236.53864,7017
2026-02-28 03:45:00,5236.50972,5238.11404,5229.68081,5230.59131,8433
2026-02-28 04:00:00,5230.59102,5234.78643,5228.84706,5230.45838,5939
2026-02-28 04:15:00,5230.60751,5232.06811,5226.37342,5229.34077,5694
2026-02-28 04:30:00,5229.58725,5235.5735,5226.68598,5235.5735,8887
2026-02-28 04:45:00,5235.29479,5236.8829,5233.44574,5234.20513,3437
2026-02-28 05:00:00,5234.2711,5237.72133,5234.20948,5234.86575,3511
2026-02-28 05:15:00,5234.75569,5234.89366,5223.55571,5229.78782,11337
2026-02-28 05:30:00,5229.80811,5242.00105,5227.6639,5239.35714,14337
2026-02-28 05:45:00,5239.3677,5246.76514,5239.3677,5245.28677,7397
2026-02-28 06:00:00,5245.36723,5250.93261,5237.69333,5247.88938,13239
2026-02-28 06:15:00,5247.8949,5251.04073,5246.21753,5247.84434,4823
2026-02-28 06:30:00,5247.90425,5250.81348,5244.32155,5245.93803,6491
2026-02-28 06:45:00,5245.81808,5251.01854,5245.81808,5251.01854,5200
2026-02-28 07:00:00,5250.99881,5252.9666,5249.91264,5252.0203,3053
2026-02-28 07:15:00,5252.09715,5261.83693,5252.0133,5257.27135,9823
2026-02-28 07:30:00,5257.27353,5262.59872,5255.92127,5262.06867,6677
2026-02-28 07:45:00,5261.93961,5264.72865,5260.60179,5263.55662,4126
2026-02-28 08:00:00,5263.48249,5264.18455,5257.01599,5258.58758,7168
2026-02-28 08:15:00,5258.58566,5263.75144,5257.51065,5262.18353,6240
2026-02-28 08:30:00,5262.18161,5277.47081,5261.22622,5275.67609,16244
2026-02-28 08:45:00,5275.36116,5280.2302,5273.98484,5278.63621,6245
2026-02-28 09:00:00,5278.57103,5278.60311,5277.81595,5277.85029,787
2026-02-28 09:15:00,5277.88876,5278.11334,5277.81823,5277.9426,295
2026-02-28 09:30:00,5277.89396,5278.12109,5277.81722,5278.00746,303
2026-02-28 09:45:00,5277.88876,5278.11594,5277.82099,5277.92824,294
2026-02-28 10:00:00,5277.88597,5278.12447,5277.82028,5277.86065,304
2026-02-28 10:15:00,5277.89942,5278.12485,5277.82672,5277.92167,298
2026-02-28 10:30:00,5277.89408,5278.11033,5277.80983,5277.99697,300
2026-02-28 10:45:00,5277.87989,5278.11009,5277.81164,5277.94651,298
2026-02-28 11:00:00,5277.88302,5278.1243,5277.82695,5277.8462,297
2026-02-28 11:15:00,5277.8804,5278.10597,5277.80905,5277.88607,296
2026-02-28 11:30:00,5277.8806,5278.10858,5277.80488,5277.98933,303
2026-02-28 11:45:00,5277.88151,5278.10996,5277.80403,5277.96306,305
2026-02-28 12:00:00,5277.88035,5278.09896,5277.80888,5277.86718,290
2026-02-28 12:15:00,5277.89155,5278.12165,5277.81189,5277.87441,309
2026-02-28 12:30:00,5277.88588,5278.11242,5277.81201,5277.97705,300
2026-02-28 12:45:00,5277.87985,5278.11035,5277.80984,5277.97852,300
2026-02-28 13:00:00,5277.8804,5278.10441,5277.81321,5277.86528,291
2026-02-28 13:15:00,5277.8759,5278.11036,5277.80326,5277.85745,307
2026-02-28 13:30:00,5277.883,5278.1162,5277.82288,5277.97536,293
2026-02-28 13:45:00,5277.89433,5278.12647,5277.82403,5278.00118,302
2026-02-28 14:00:00,5277.89231,5278.11882,5277.82087,5277.88327,297
2026-02-28 14:15:00,5277.87578,5278.11276,5277.81168,5277.84809,301
2026-02-28 14:30:00,5277.88319,5278.116,5277.81536,5277.94124,300
2026-02-28 14:45:00,5277.87997,5278.12369,5277.80912,5278.01119,314
2026-02-28 15:00:00,5277.89433,5278.12207,5277.82127,5277.9107,300
2026-02-28 15:15:00,5277.88357,5278.10994,5277.80711,5277.84381,302
2026-02-28 15:30:00,5277.88276,5278.10475,5277.80612,5277.92073,298
2026-02-28 15:45:00,5277.8804,5278.10758,5277.81804,5278.0102,289
2026-02-28 16:00:00,5277.89108,5278.12082,5277.82635,5277.94277,294
2026-02-28 16:15:00,5277.89433,5278.12191,5277.82684,5277.856,295
2026-02-28 16:30:00,5277.89433,5278.11276,5277.81264,5277.90274,300
2026-02-28 16:45:00,5277.88339,5278.1018,5277.81168,5277.99501,290
2026-02-28 17:00:00,5277.88094,5278.11042,5277.8119,5277.95275,298
2026-02-28 17:15:00,5277.88306,5278.11217,5277.81784,5277.85972,294
2026-02-28 17:30:00,5277.89209,5278.12205,5277.82135,5277.89249,300
2026-02-28 17:45:00,5277.89155,5278.12089,5277.8236,5278.0003,297
2026-02-28 18:00:00,5277.89433,5278.12424,5277.82284,5277.98135,301
2026-02-28 18:15:00,5277.89435,5278.11894,5277.82564,5277.87381,293
2026-02-28 18:30:00,5277.89267,5278.11918,5277.8204,5277.87836,298
2026-02-28 18:45:00,5277.89424,5278.1078,5277.81261,5277.97471,295
2026-02-28 19:00:00,5277.88319,5278.11574,5277.81561,5277.99644,300
2026-02-28 19:15:00,5277.89433,5278.11886,5277.81554,5277.87919,303
2026-02-28 19:30:00,5277.88267,5278.11236,5277.81181,5277.86842,300
2026-02-28 19:45:00,5277.89689,5278.10556,5277.81574,5277.95405,289
2026-02-28 20:00:00,5277.87942,5278.11611,5277.81806,5277.99322,298
2026-02-28 20:15:00,5277.8804,5278.10731,5277.80878,5277.89588,298
2026-02-28 20:30:00,5277.87951,5278.10751,5277.80345,5277.83495,304
2026-02-28 20:45:00,5277.87312,5278.10401,5277.81183,5277.93435,292
2026-02-28 21:00:00,5277.8808,5278.10844,5277.8076,5277.99024,300
2026-02-28 21:15:00,5277.87081,5278.1101,5277.80734,5277.91626,302
2026-02-28 21:30:00,5277.87971,5278.11035,5277.81102,5277.83526,299
2026-02-28 21:45:00,5277.87575,5278.11087,5277.80976,5277.92268,301
2026-02-28 22:00:00,5277.88876,5278.1209,5277.81044,5277.99552,310
2026-02-28 22:15:00,5277.87762,5278.11035,5277.80701,5277.94183,303
2026-02-28 22:30:00,5277.88532,5278.11816,5277.8183,5277.84927,299
2026-02-28 22:45:00,5277.8865,5278.11595,5277.81446,5277.90197,301
2026-02-28 23:00:00,5277.88891,5278.11375,5277.81452,5277.99838,299
2026-02-28 23:15:00,5277.88543,5278.11657,5277.81577,5277.96416,300
2026-02-28 23:30:00,5277.88884,5278.12197,5277.82404,5277.86561,297
2026-02-28 23:45:00,5277.89433,5278.1237,5277.82285,5277.88945,300
2026-03-01 00:00:00,5277.89433,5278.1243,5277.82983,5277.99633,294
2026-03-01 00:15:00,5277.89433,5278.12373,5277.82284,5277.98665,300
2026-03-01 00:30:00,5277.89433,5278.12192,5277.824,5277.87849,297
2026-03-01 00:45:00,5277.89433,5278.1237,5277.82405,5277.87384,299
2026-03-01 01:00:00,5277.89433,5278.11907,5277.82285,5277.98138,296
2026-03-01 01:15:00,5277.89433,5278.1243,5277.82284,5278.00028,301
2026-03-01 01:30:00,5277.89433,5278.12373,5277.82642,5277.89525,297
2026-03-01 01:45:00,5277.89433,5278.12199,5277.824,5277.86242,297
2026-03-01 02:00:00,5277.89433,5278.12369,5277.82632,5277.96311,297
2026-03-01 02:15:00,5277.89433,5278.1243,5277.82286,5278.00928,301
2026-03-01 02:30:00,5277.89433,5278.11895,5277.82283,5277.9147,296
2026-03-01 02:45:00,5277.89433,5278.12374,5277.82399,5277.85601,299
2026-03-01 03:00:00,5277.89433,5278.122,5277.82406,5277.94281,297
2026-03-01 03:15:00,5277.89433,5278.12369,5277.82286,5278.013,300
2026-03-01 03:30:00,5277.89433,5278.1243,5277.82978,5277.9355,294
2026-03-01 03:45:00,5277.89433,5278.12374,5277.82283,5277.85504,300
2026-03-01 04:00:00,5277.89433,5278.12189,5277.82398,5277.92188,297
2026-03-01 04:15:00,5277.89433,5278.12201,5277.82407,5278.01119,297
2026-03-01 04:30:00,5277.89433,5278.12368,5277.82286,5277.95619,300
2026-03-01 04:45:00,5277.89433,5278.1243,5277.82976,5277.85959,294
2026-03-01 05:00:00,5277.89433,5278.12375,5277.82283,5277.90179,300
2026-03-01 05:15:00,5277.89433,5278.12188,5277.82397,5278.00399,297
2026-03-01 05:30:00,5277.89433,5278.12368,5277.82408,5277.97532,299
2026-03-01 05:45:00,5277.89433,5278.11913,5277.82286,5277.86933,296
2026-03-01 06:00:00,5277.89433,5278.1243,5277.82283,5277.88395,301
2026-03-01 06:15:00,5277.89433,5278.12375,5277.82647,5277.99188,297
2026-03-01 06:30:00,5277.89433,5278.12203,5277.82397,5277.99156,298
2026-03-01 06:45:00,5277.89433,5278.12367,5277.82627,5277.88359,297
2026-03-01 07:00:00,5277.89433,5278.1243,5277.82287,5277.8696,301
2026-03-01 07:15:00,5277.89433,5278.11889,5277.82282,5277.97572,296
2026-03-01 07:30:00,5277.89433,5278.12376,5277.82396,5278.00377,299
2026-03-01 07:45:00,5277.89433,5278.12204,5277.82409,5277.90136,297
2026-03-01 08:00:00,5277.89433,5278.12367,5277.82287,5277.85975,300
2026-03-01 08:15:00,5277.89433,5278.1243,5277.82971,5277.95664,294
2026-03-01 08:30:00,5277.89433,5278.12376,5277.82282,5278.01109,300
2026-03-01 08:45:00,5277.89433,5278.12185,5277.82395,5277.92142,297
2026-03-01 09:00:00,5277.89433,5278.12366,5277.8241,5277.85508,299
2026-03-01 09:15:00,5277.89433,5278.11917,5277.82287,5277.93597,296
2026-03-01 09:30:00,5277.89433,5278.1243,5277.82282,5278.01302,301
2026-03-01 09:45:00,5277.89433,5278.11886,5277.84729,5277.93977,271
2026-03-01 10:00:00,5277.89155,5278.1192,5277.82121,5277.85318,297
2026-03-01 10:15:00,5277.89155,5278.12091,5277.82126,5277.91216,299
2026-03-01 10:30:00,5277.89155,5278.11629,5277.82007,5278.00657,296
2026-03-01 10:45:00,5277.89155,5278.12152,5277.82005,5277.9601,301
2026-03-01 11:00:00,5277.89155,5278.12095,5277.82364,5277.85953,297
2026-03-01 11:15:00,5277.89155,5278.11921,5277.82121,5277.89268,297
2026-03-01 11:30:00,5277.89155,5278.12091,5277.82353,5277.99763,297
2026-03-01 11:45:00,5277.89155,5278.12152,5277.82007,5277.97839,301
2026-03-01 12:00:00,5277.89155,5278.11616,5277.82005,5277.87089,296
2026-03-01 12:15:00,5277.89155,5278.12095,5277.8212,5277.87588,299
2026-03-01 12:30:00,5277.89155,5278.11922,5277.82128,5277.98405,297
2026-03-01 12:45:00,5277.89155,5278.1209,5277.82007,5277.99339,300
2026-03-01 13:00:00,5277.89155,5278.12152,5277.82699,5277.88646,294
2026-03-01 13:15:00,5277.89155,5278.12096,5277.82005,5277.86295,300
2026-03-01 13:30:00,5277.89155,5278.1191,5277.82119,5277.96677,297
2026-03-01 13:45:00,5277.89155,5278.1209,5277.82129,5278.00403,299
2026-03-01 14:00:00,5277.89155,5278.11633,5277.82008,5277.90515,296
2026-03-01 14:15:00,5277.89155,5278.12152,5277.82004,5277.85479,301
2026-03-01 14:30:00,5277.89155,5278.12096,5277.82368,5277.947,297
2026-03-01 14:45:00,5277.89155,5278.11923,5277.82119,5278.00957,298
2026-03-01 15:00:00,5277.89155,5278.12089,5277.8235,5277.92566,297
2026-03-01 15:15:00,5277.89155,5278.12152,5277.82008,5277.85196,301
2026-03-01 15:30:00,5277.89155,5278.11612,5277.82004,5277.92611,296
2026-03-01 15:45:00,5277.89155,5278.12097,5277.82118,5278.00963,299
2026-03-01 16:00:00,5277.89155,5278.11924,5277.8213,5277.94655,297
2026-03-01 16:15:00,5277.89155,5278.12089,5277.82348,5277.85467,297
2026-03-01 16:30:00,5277.89155,5278.12152,5277.82008,5277.90558,301
2026-03-01 16:45:00,5277.89155,5278.1161,5277.82004,5278.00421,296
2026-03-01 17:00:00,5277.89155,5278.12097,5277.82117,5277.96636,299
2026-03-01 17:15:00,5277.89155,5278.11925,5277.82131,5277.86272,297
2026-03-01 17:30:00,5277.89155,5278.12088,5277.82008,5277.88684,300
2026-03-01 17:45:00,5277.89155,5278.12152,5277.82692,5277.99367,294
2026-03-01 18:00:00,5277.89155,5278.12098,5277.82004,5277.98371,300
2026-03-01 18:15:00,5277.89155,5278.11906,5277.82116,5277.87556,297
2026-03-01 18:30:00,5277.89155,5278.12088,5277.82132,5277.87119,299
2026-03-01 18:45:00,5277.89155,5278.11639,5277.82009,5277.97876,296
2026-03-01 19:00:00,5277.89155,5278.12152,5277.82003,5277.99738,301
2026-03-01 19:15:00,5277.89155,5278.12098,5277.82372,5277.89228,297
2026-03-01 19:30:00,5277.89155,5278.11927,5277.82116,5277.85973,298
2026-03-01 19:45:00,5277.89155,5278.12087,5277.82345,5277.96052,297
2026-03-01 20:00:00,5277.89155,5278.12152,5277.82009,5278.00643,301
2026-03-01 20:15:00,5277.89155,5278.11606,5277.82003,5277.91171,296
2026-03-01 20:30:00,5277.89155,5278.12099,5277.82115,5277.85326,299
2026-03-01 20:45:00,5277.89155,5278.11928,5277.82133,5277.94023,297
2026-03-01 21:00:00,5277.89155,5278.12087,5277.82009,5278.0102,300
2026-03-01 21:15:00,5277.89155,5278.12152,5277.82687,5277.93251,294
2026-03-01 21:30:00,5277.89155,5278.12099,5277.82003,5277.85224,300
2026-03-01 21:45:00,5277.89155,5278.11903,5277.82114,5277.9193,297
2026-03-01 22:00:00,5277.89155,5278.11929,5277.82134,5278.00845,297
2026-03-01 22:15:00,5277.89155,5278.12086,5277.8201,5277.95321,300
2026-03-01 22:30:00,5277.89155,5278.12152,5277.82686,5277.85673,294
2026-03-01 22:45:00,5277.89155,5278.121,5277.82003,5277.8992,300
2026-03-01 23:00:00,5277.89155,5278.11902,5277.82114,5278.0013,297
2026-03-01 23:15:00,5277.89155,5278.12086,5277.82135,5277.97236,299
2026-03-01 23:30:00,5277.89155,5278.11645,5277.8201,5277.86642,296
2026-03-01 23:45:00,5277.89155,5278.12152,5277.82003,5277.88133,301
2026-03-02 00:00:00,5277.89155,5278.121,5277.82377,5277.98924,297
2026-03-02 00:15:00,5277.89155,5278.11931,5277.82113,5277.98863,298
2026-03-02 00:30:00,5277.89155,5278.12085,5277.8234,5277.88064,297
2026-03-02 00:45:00,5277.89155,5278.12152,5277.8201,5277.86694,301
2026-03-02 01:00:00,5277.89155,5278.116,5277.82002,5277.97311,295
2026-03-02 01:15:00,5277.89155,5278.121,5277.82112,5278.00088,299
2026-03-02 01:30:00,5277.89155,5278.11932,5277.82136,5277.89839,297
2026-03-02 01:45:00,5277.89155,5278.12085,5277.8201,5277.85704,300
2026-03-02 02:00:00,5277.89155,5278.12152,5277.82681,5277.95406,294
2026-03-02 02:15:00,5277.89155,5278.12101,5277.82002,5278.00826,300
2026-03-02 02:30:00,5277.89155,5278.11899,5277.82112,5277.91842,297
2026-03-02 02:45:00,5277.89155,5278.12084,5277.82137,5277.85232,299
2026-03-02 03:00:00,5277.89155,5278.11649,5277.82011,5277.93339,296
2026-03-02 03:15:00,5277.89155,5278.12152,5277.82002,5278.01024,301
2026-03-02 03:30:00,5277.89155,5278.12101,5277.82381,5277.93935,297
2026-03-02 03:45:00,5277.89155,5278.11934,5277.82111,5277.85311,298
2026-03-02 04:00:00,5277.89155,5278.12083,5277.82138,5277.91257,299
2026-03-02 04:15:00,5277.89155,5278.1165,5277.82011,5278.00669,296
2026-03-02 04:30:00,5277.89155,5278.12151,5277.82002,5277.9597,301
2026-03-02 04:45:00,5277.89155,5278.12102,5277.82382,5277.85935,297
2026-03-02 05:00:00,5277.89155,5278.11935,5277.8211,5277.89305,298
2026-03-02 05:15:00,5277.89155,5278.12083,5277.82336,5277.99786,297
2026-03-02 05:30:00,5277.89155,5278.12151,5277.82011,5277.97805,301
2026-03-02 05:45:00,5277.89155,5278.11594,5277.82002,5277.87061,295
2026-03-02 06:00:00,5277.89155,5278.12102,5277.68405,5277.85606,436
2026-03-02 06:15:00,5277.87214,5278.12724,5277.82875,5277.98421,298
2026-03-02 06:30:00,5277.89209,5278.12078,5277.81731,5277.99047,303
2026-03-02 06:45:00,5277.88861,5278.11873,5277.82408,5277.8835,294
2026-03-02 07:00:00,5277.88876,5278.12663,5277.81724,5277.86317,309
2026-03-02 07:15:00,5277.89155,5278.11895,5277.82109,5277.96437,297
2026-03-02 07:30:00,5277.88876,5278.126,5277.82127,5278.01447,304
2026-03-02 07:45:00,5277.90185,5281.26776,5277.79996,5277.90433,3467
2026-03-02 08:00:00,5277.89155,5278.11873,5277.81724,5277.85206,301
2026-03-02 08:15:00,5277.88876,5278.1269,5277.82093,5277.93863,305
2026-03-02 08:30:00,5277.88278,5278.11074,5277.81567,5278.004,295
2026-03-02 08:45:00,5277.88597,5278.11254,5277.81802,5277.92054,294
2026-03-02 09:00:00,5277.88597,5278.11367,5277.81445,5277.84361,299
2026-03-02 09:15:00,5277.88454,5278.10783,5277.51333,5277.91063,594
2026-03-02 09:30:00,5277.87733,5278.13506,5277.83203,5278.13221,303
2026-03-02 09:45:00,5278.0285,5278.35864,5277.76278,5278.15143,595
2026-03-02 10:00:00,5282.00518,5361.34083,5278.15756,5347.76877,83183
2026-03-02 10:15:00,5347.52226,5357.23898,5347.29219,5354.75048,9946
2026-03-02 10:30:00,5354.77939,5387.88109,5354.77939,5382.87763,33101
2026-03-02 10:45:00,5383.02257,5388.62651,5378.63332,5386.65879,9993
2026-03-02 11:00:00,5387.25127,5387.25127,5367.32995,5376.5854,19921
2026-03-02 11:15:00,5376.77873,5376.77873,5349.52478,5362.55758,27253
2026-03-02 11:30:00,5362.46559,5374.35675,5360.97439,5365.18531,13382
2026-03-02 11:45:00,5365.009,5365.17926,5342.68784,5350.41573,22491
2026-03-02 12:00:00,5351.08213,5351.08213,5324.07672,5340.35143,27005
2026-03-02 12:15:00,5340.836,5343.87941,5317.03657,5317.03657,26842
2026-03-02 12:30:00,5317.84282,5340.55816,5305.31064,5336.95888,35247
2026-03-02 12:45:00,5337.31237,5337.31237,5324.20253,5326.698,13109
2026-03-02 13:00:00,5326.44397,5335.20747,5320.52831,5326.40628,14679
2026-03-02 13:15:00,5326.86507,5334.87285,5326.36434,5331.01395,8508
2026-03-02 13:30:00,5331.01039,5349.73057,5330.61638,5349.73057,19114
2026-03-02 13:45:00,5349.93315,5351.48291,5343.30913,5347.64103,8173
2026-03-02 14:00:00,5347.6263,5356.23792,5346.23985,5353.0507,9998
2026-03-02 14:15:00,5353.11694,5359.12793,5351.26359,5356.23496,7864
2026-03-02 14:30:00,5356.34756,5365.92869,5354.38209,5362.41112,11546
2026-03-02 14:45:00,5362.37258,5366.95251,5361.13643,5366.04365,5816
2026-03-02 15:00:00,5365.91956,5366.5861,5356.30316,5357.58915,10282
2026-03-02 15:15:00,5357.60865,5366.24292,5356.49488,5363.6448,9748
2026-03-02 15:30:00,5363.87346,5363.87346,5348.87739,5353.06594,14996
2026-03-02 15:45:00,5352.84031,5358.67428,5350.6557,5356.04688,8018
2026-03-02 16:00:00,5355.96544,5356.13485,5347.47341,5351.49039,8661
2026-03-02 16:15:00,5350.9531,5353.54749,5343.043,5351.45759,10504
2026-03-02 16:30:00,5351.48952,5361.98521,5350.39745,5361.14152,11587
2026-03-02 16:45:00,5361.12549,5366.28782,5359.90498,5365.03553,6382
2026-03-02 17:00:00,5364.89564,5380.36658,5363.85082,5375.86158,16515
2026-03-02 17:15:00,5375.83899,5379.22778,5375.83899,5379.22778,3388
2026-03-02 17:30:00,5379.2068,5382.21366,5375.3238,5377.35256,6889
2026-03-02 17:45:00,5377.38136,5388.76259,5377.35503,5386.71519,11407
2026-03-02 18:00:00,5386.90019,5406.51369,5386.02237,5405.8226,20491
2026-03-02 18:15:00,5405.86706,5417.76449,5405.7666,5413.90278,11997
2026-03-02 18:30:00,5413.03614,5413.86619,5403.07512,5403.72204,10791
2026-03-02 18:45:00,5403.76087,5412.93996,5403.41911,5406.78938,9520
2026-03-02 19:00:00,5406.67182,5412.66055,5404.45735,5411.04414,8203
2026-03-02 19:15:00,5411.38279,5417.59559,5402.99608,5413.85727,14599
2026-03-02 19:30:00,5413.82764,5414.66689,5401.33358,5401.91138,13333
2026-03-02 19:45:00,5402.04042,5409.8562,5393.53539,5394.56775,16320
2026-03-02 20:00:00,5394.54811,5398.03443,5393.24622,5397.16791,4788
2026-03-02 20:15:00,5397.26317,5397.35267,5389.6369,5394.09263,7715
2026-03-02 20:30:00,5393.87672,5399.56667,5393.87672,5396.72754,5689
2026-03-02 20:45:00,5396.70394,5396.70394,5389.07909,5392.09918,7624
2026-03-02 21:00:00,5392.09921,5395.02541,5381.27273,5392.17889,13752
2026-03-02 21:15:00,5392.44831,5392.44831,5385.69065,5388.03417,6757
2026-03-02 21:30:00,5388.39981,5397.7757,5388.02798,5397.7757,9747
2026-03-02 21:45:00,5397.29987,5399.88296,5383.1158,5386.50125,16767
2026-03-02 22:00:00,5386.99334,5395.16031,5385.08131,5388.29395,10079
2026-03-02 22:15:00,5388.20398,5397.35286,5388.20398,5390.69599,9148
2026-03-02 22:30:00,5390.70467,5398.75945,5389.4036,5391.70925,9355
2026-03-02 22:45:00,5392.41895,5392.41895,5378.72487,5383.46468,13694
2026-03-02 23:00:00,5383.32243,5396.71025,5382.07501,5394.3049,14635
2026-03-02 23:15:00,5394.91839,5395.75284,5384.31513,5392.49345,11437
2026-03-02 23:30:00,5392.482,5397.24674,5391.40988,5395.99568,5836
2026-03-02 23:45:00,5396.12267,5398.46338,5384.69668,5395.24215,13766
2026-03-03 00:00:00,5395.45834,5408.14705,5386.77325,5386.77515,21373
2026-03-03 00:15:00,5386.66274,5408.10799,5386.46042,5399.42427,21647
2026-03-03 00:30:00,5398.92741,5417.2044,5394.8897,5396.57398,22314
2026-03-03 00:45:00,5396.70939,5397.60871,5392.07924,5394.55348,5529
2026-03-03 01:00:00,5394.77794,5394.77794,5369.58405,5371.61082,25193
2026-03-03 01:15:00,5372.15133,5378.83532,5295.67361,5334.7733,83161
2026-03-03 01:30:00,5334.85721,5353.0494,5310.47951,5349.00255,42569
2026-03-03 01:45:00,5348.79981,5349.12756,5328.48289,5333.01624,20644
2026-03-03 02:00:00,5332.88405,5341.98743,5317.95523,5330.10702,24032
2026-03-03 02:15:00,5330.08138,5337.45512,5314.94205,5330.28111,22513
2026-03-03 02:30:00,5329.67282,5346.55254,5329.67282,5341.0359,16879
2026-03-03 02:45:00,5341.10157,5344.10807,5307.27095,5315.25595,36837
2026-03-03 03:00:00,5313.43102,5315.23855,5267.50196,5300.27414,47736
2026-03-03 03:15:00,5300.31606,5311.89508,5284.66495,5311.31788,27230
2026-03-03 03:30:00,5311.59921,5311.59921,5281.09538,5300.97424,30503
2026-03-03 03:45:00,5300.74797,5303.10805,5292.73407,5294.02013,10373
2026-03-03 04:00:00,5293.86044,5306.80807,5290.48875,5299.78337,16319
2026-03-03 04:15:00,5300.01888,5311.05327,5295.27473,5307.29612,15778
2026-03-03 04:30:00,5307.181,5319.52659,5304.44854,5305.2705,15078
2026-03-03 04:45:00,5304.99698,5312.4459,5299.22884,5308.20196,13217
2026-03-03 05:00:00,5308.36524,5308.36524,5291.00078,5294.61911,17364
2026-03-03 05:15:00,5294.72552,5304.55192,5294.60513,5298.6828,9946
2026-03-03 05:30:00,5299.08338,5300.81194,5291.64658,5300.43733,9165
2026-03-03 05:45:00,5300.20484,5315.48044,5300.20484,5314.33145,15275
2026-03-03 06:00:00,5314.46439,5333.41743,5314.20214,5330.46179,19215
2026-03-03 06:15:00,5330.47974,5342.30957,5320.32924,5331.02457,21980
2026-03-03 06:30:00,5331.01531,5333.00515,5326.76367,5326.76367,6241
2026-03-03 06:45:00,5326.72908,5332.17326,5324.20087,5330.94854,7972
2026-03-03 07:00:00,5330.72524,5346.32049,5329.99133,5340.77883,16329
2026-03-03 07:15:00,5340.44494,5345.39753,5330.68502,5333.51094,14712
2026-03-03 07:30:00,5333.12701,5344.32824,5333.12701,5343.77429,11201
2026-03-03 07:45:00,5344.09884,5344.09884,5333.39028,5333.39028,10708
2026-03-03 08:00:00,5333.64743,5338.96086,5333.0732,5336.32845,5887
2026-03-03 08:15:00,5336.22218,5340.87149,5330.60658,5332.56602,10264
2026-03-03 08:30:00,5332.37475,5332.53393,5327.22335,5331.34816,5310
2026-03-03 08:45:00,5331.12831,5331.3179,5321.92244,5322.13417,9395
2026-03-03 09:00:00,5322.13491,5322.94453,5321.94939,5322.68124,995
2026-03-03 09:15:00,5322.69971,5323.28051,5322.63262,5322.91619,647
2026-03-03 09:30:00,5322.80188,5323.33711,5321.49959,5322.90739,1837
2026-03-03 09:45:00,5322.80452,5323.1949,5322.80452,5322.94716,390
2026-03-03 10:00:00,5324.13461,5346.12506,5322.92038,5338.93976,23204
2026-03-03 10:15:00,5339.17024,5342.45322,5333.14309,5336.39247,9310
2026-03-03 10:30:00,5336.23487,5336.63606,5330.08617,5331.5327,6549
2026-03-03 10:45:00,5331.50066,5347.99613,5331.31474,5346.1562,16681
2026-03-03 11:00:00,5346.25425,5346.9829,5339.24022,5346.9829,7742
2026-03-03 11:15:00,5346.55719,5359.01662,5346.55719,5356.62319,12459
2026-03-03 11:30:00,5356.85423,5361.31747,5346.83431,5356.294,14483
2026-03-03 11:45:00,5356.19375,5357.71499,5346.68126,5350.68178,11033
2026-03-03 12:00:00,5350.57617,5372.75511,5350.57617,5366.04387,22178
2026-03-03 12:15:00,5365.27485,5378.90889,5365.27485,5378.26423,13634
2026-03-03 12:30:00,5378.24646,5378.29554,5363.08065,5365.86706,15214
2026-03-03 12:45:00,5365.69089,5365.88819,5337.44116,5341.16419,28447
2026-03-03 13:00:00,5341.31779,5357.83594,5337.12835,5348.35128,20707
2026-03-03 13:15:00,5348.4379,5358.1531,5345.80004,5356.40561,12353
2026-03-03 13:30:00,5356.01899,5363.44635,5356.01899,5361.85435,7427
2026-03-03 13:45:00,5361.7732,5370.42741,5360.88442,5367.24439,9542
2026-03-03 14:00:00,5367.42503,5372.10359,5366.29831,5366.81811,5805
2026-03-03 14:15:00,5366.87988,5372.82978,5365.61582,5367.77489,7213
2026-03-03 14:30:00,5367.69412,5369.27016,5365.71806,5366.76263,3552
2026-03-03 14:45:00,5366.5215,5367.56999,5359.87875,5366.85746,7691
2026-03-03 15:00:00,5366.76661,5366.90884,5359.34672,5362.4841,7562
2026-03-03 15:15:00,5362.48515,5374.93233,5361.74714,5372.59396,13185
2026-03-03 15:30:00,5372.64368,5374.39882,5368.88313,5369.86287,5515
2026-03-03 15:45:00,5369.83581,5369.84252,5363.89427,5364.37995,5948
2026-03-03 16:00:00,5364.72945,5366.88683,5357.85732,5362.999,9029
2026-03-03 16:15:00,5362.88812,5363.03947,5355.95053,5358.52269,7088
2026-03-03 16:30:00,5359.04179,5359.04179,5336.62362,5345.0995,22418
2026-03-03 16:45:00,5344.97163,5346.28122,5306.9278,5317.81092,39353
2026-03-03 17:00:00,5317.94167,5321.98571,5286.35834,5287.62328,35627
2026-03-03 17:15:00,5287.58815,5320.67938,5287.58815,5316.90837,33091
2026-03-03 17:30:00,5316.92213,5317.97124,5301.39702,5313.81106,16574
2026-03-03 17:45:00,5313.83686,5313.87578,5295.82421,5311.4419,18051
2026-03-03 18:00:00,5311.50055,5317.10915,5307.10863,5313.24755,10000
2026-03-03 18:15:00,5313.10387,5318.61289,5313.10387,5315.34868,5509
2026-03-03 18:30:00,5315.33967,5327.40165,5314.47574,5325.09352,12925
2026-03-03 18:45:00,5324.98911,5330.03108,5324.98911,5327.1419,5041
2026-03-03 19:00:00,5327.10566,5335.79115,5321.90251,5323.51758,13888
2026-03-03 19:15:00,5323.61432,5328.3248,5314.33493,5315.45323,13989
2026-03-03 19:30:00,5315.84803,5315.84803,5296.22694,5304.08936,19621
2026-03-03 19:45:00,5303.88672,5311.02474,5294.11778,5296.67949,16906
2026-03-03 20:00:00,5296.15373,5303.90868,5286.06811,5297.52044,17840
2026-03-03 20:15:00,5297.82399,5301.98763,5237.4862,5237.4862,64501
2026-03-03 20:30:00,5237.0402,5270.9486,5233.98611,5266.57192,36962
2026-03-03 20:45:00,5266.50336,5278.7652,5261.22614,5274.22681,17539
2026-03-03 21:00:00,5274.25482,5290.06773,5270.45144,5278.07121,19616
2026-03-03 21:15:00,5278.23618,5281.82263,5269.24407,5278.17454,12578
2026-03-03 21:30:00,5278.1614,5278.19154,5252.08492,5260.51956,26106
2026-03-03 21:45:00,5260.125,5260.48978,5238.64641,5245.32573,21843
2026-03-03 22:00:00,5246.25849,5261.45017,5157.00705,5197.39039,104443
2026-03-03 22:15:00,5196.95729,5204.63288,5125.87586,5147.56212,78757
2026-03-03 22:30:00,5150.3715,5150.3715,5073.56798,5114.17744,76803
2026-03-03 22:45:00,5115.50675,5154.01695,5114.17727,5149.6461,39839
2026-03-03 23:00:00,5150.04404,5188.01238,5140.39913,5188.01238,47613
2026-03-03 23:15:00,5187.89015,5205.36955,5183.53417,5205.36955,21835
2026-03-03 23:30:00,5204.97743,5210.95759,5195.28038,5203.79485,15677
2026-03-03 23:45:00,5203.51517,5224.44678,5198.60086,5222.57387,25845
2026-03-04 00:00:00,5222.77859,5222.77859,5145.93671,5161.64709,76841
2026-03-04 00:15:00,5161.21158,5181.41934,5161.21158,5173.19308,20207
2026-03-04 00:30:00,5174.40053,5186.16812,5143.28098,5152.1403,42887
2026-03-04 00:45:00,5152.1677,5156.44383,5126.54749,5156.44383,29896
2026-03-04 01:00:00,5156.42905,5171.17417,5152.63983,5167.55137,18534
2026-03-04 01:15:00,5168.01326,5168.01326,5127.35174,5141.93747,40661
2026-03-04 01:30:00,5140.57754,5141.90198,5081.5057,5081.5057,60396
2026-03-04 01:45:00,5084.1079,5084.1079,5011.3677,5056.69433,72740
2026-03-04 02:00:00,5056.67571,5062.85087,5030.56526,5043.74649,32285
2026-03-04 02:15:00,5045.35735,5050.65184,4986.15049,5044.05927,64501
2026-03-04 02:30:00,5043.88295,5072.84327,5041.93515,5066.95542,30908
2026-03-04 02:45:00,5066.54473,5085.61446,5056.72007,5081.57056,28894
2026-03-04 03:00:00,5080.70449,5116.66754,5080.70449,5105.04568,35963
2026-03-04 03:15:00,5105.2747,5122.57409,5101.62396,5119.99555,20950
2026-03-04 03:30:00,5119.39444,5140.04873,5111.57565,5113.66107,28473
2026-03-04 03:45:00,5113.80967,5113.80967,5100.6595,5107.77837,13150
2026-03-04 04:00:00,5107.72846,5107.7883,5085.04448,5094.11119,22743
2026-03-04 04:15:00,5094.44412,5107.86412,5082.2165,5085.73773,25647
2026-03-04 04:30:00,5085.99056,5085.99056,5069.63193,5077.4546,16358
2026-03-04 04:45:00,5077.06768,5083.79657,5070.22889,5080.26745,13567
2026-03-04 05:00:00,5080.28248,5102.75806,5080.28248,5101.31773,22475
2026-03-04 05:15:00,5100.84814,5112.38102,5096.94062,5112.38102,15440
2026-03-04 05:30:00,5112.29355,5141.69979,5106.65665,5132.85431,35043
2026-03-04 05:45:00,5132.79829,5137.65052,5130.37845,5136.44632,7272
2026-03-04 06:00:00,5136.4011,5146.21165,5112.79289,5113.41491,33418
2026-03-04 06:15:00,5113.12537,5119.84933,5102.16815,5107.57389,17681
2026-03-04 06:30:00,5107.37976,5114.47246,5102.15307,5112.25585,12319
2026-03-04 06:45:00,5112.95488,5126.65703,5104.77627,5113.42789,21880
2026-03-04 07:00:00,5113.69812,5124.04425,5113.41732,5118.72081,10626
2026-03-04 07:15:00,5118.72239,5129.74524,5116.60315,5127.33406,13142
2026-03-04 07:30:00,5126.94598,5127.30585,5105.34822,5110.83152,21957
2026-03-04 07:45:00,5110.82529,5112.45146,5089.48136,5097.6272,22970
2026-03-04 08:00:00,5097.5075,5109.36218,5096.54323,5098.8043,12818
2026-03-04 08:15:00,5098.89339,5101.20145,5091.37425,5092.51156,9827
2026-03-04 08:30:00,5092.42386,5095.58573,5085.62424,5092.44606,9961
2026-03-04 08:45:00,5092.36653,5093.00578,5083.87185,5088.51267,9133
2026-03-04 09:00:00,5088.49021,5088.5801,5087.43523,5088.31134,1144
2026-03-04 09:15:00,5088.28772,5088.73517,5087.94756,5088.36487,787
2026-03-04 09:30:00,5088.39906,5088.65263,5088.21322,5088.49074,439
2026-03-04 09:45:00,5088.44471,5088.65298,5088.33799,5088.51594,314
2026-03-04 10:00:00,5086.09019,5117.0191,5086.09019,5115.39377,30928
2026-03-04 10:15:00,5116.44601,5129.88172,5115.0687,5125.61417,14813
2026-03-04 10:30:00,5125.55983,5127.2375,5116.90299,5125.39844,10334
2026-03-04 10:45:00,5125.42955,5131.80567,5120.54944,5124.36911,11256
2026-03-04 11:00:00,5124.13218,5124.34958,5105.47997,5116.44351,18869
2026-03-04 11:15:00,5116.36037,5129.45923,5115.97564,5124.47985,13483
2026-03-04 11:30:00,5123.95876,5135.24862,5123.70425,5133.71747,11544
2026-03-04 11:45:00,5133.57346,5140.20384,5129.38077,5138.03982,10823
2026-03-04 12:00:00,5138.7654,5161.173,5137.73514,5159.51105,23437
2026-03-04 12:15:00,5159.27699,5164.18415,5149.86215,5153.91458,14322
2026-03-04 12:30:00,5154.93158,5161.06685,5142.57995,5161.06685,18486
2026-03-04 12:45:00,5161.24252,5175.684,5160.25286,5173.52464,15431
2026-03-04 13:00:00,5173.42245,5189.02609,5170.08398,5187.47591,18942
2026-03-04 13:15:00,5187.27982,5188.97636,5175.45272,5177.02951,13523
2026-03-04 13:30:00,5177.061,5182.44338,5166.43004,5178.35262,16013
2026-03-04 13:45:00,5178.32212,5178.54198,5157.65884,5157.65884,20883
2026-03-04 14:00:00,5157.58254,5158.19804,5143.86391,5155.99864,14334
2026-03-04 14:15:00,5156.03413,5166.97771,5152.60132,5164.13414,14376
2026-03-04 14:30:00,5164.15571,5165.62309,5156.5171,5162.65055,9105
2026-03-04 14:45:00,5162.57332,5176.09395,5161.04229,5175.06952,15051
2026-03-04 15:00:00,5174.93761,5177.9999,5173.26754,5174.53623,4732
2026-03-04 15:15:00,5174.48408,5174.55898,5164.57343,5168.16226,9985
2026-03-04 15:30:00,5168.14112,5168.27775,5155.62439,5162.36141,12653
2026-03-04 15:45:00,5162.44854,5164.10222,5155.52768,5156.76903,8574
2026-03-04 16:00:00,5156.62131,5166.16324,5151.28362,5162.03216,14879
2026-03-04 16:15:00,5161.88442,5165.36407,5152.3859,5156.42506,12978
2026-03-04 16:30:00,5156.54698,5165.90323,5156.1841,5158.83078,9719
2026-03-04 16:45:00,5158.51746,5166.50707,5151.368,5160.98542,15139
2026-03-04 17:00:00,5161.43221,5161.43221,5136.75593,5144.359,24676
2026-03-04 17:15:00,5144.33709,5149.81513,5131.27031,5135.75628,18544
2026-03-04 17:30:00,5135.6912,5160.16092,5135.16694,5149.00121,24993
2026-03-04 17:45:00,5149.01661,5158.75675,5149.00765,5156.98699,9749
2026-03-04 18:00:00,5157.16819,5174.41239,5157.00809,5167.54729,17404
2026-03-04 18:15:00,5167.53246,5174.20527,5163.75246,5170.8975,10452
2026-03-04 18:30:00,5171.2774,5173.77513,5164.56392,5168.07429,9211
2026-03-04 18:45:00,5168.36208,5174.99473,5167.83841,5170.26469,7156
2026-03-04 19:00:00,5170.05941,5172.82047,5149.14733,5154.13794,23673
2026-03-04 19:15:00,5154.2498,5165.77549,5154.06558,5161.49523,11709
2026-03-04 19:30:00,5161.29881,5175.15884,5161.29881,5174.68286,13860
2026-03-04 19:45:00,5174.62154,5180.75292,5168.48345,5168.63139,12269
2026-03-04 20:00:00,5168.65836,5170.45675,5158.61342,5169.48068,11843
2026-03-04 20:15:00,5169.01881,5177.09654,5165.20791,5173.46089,11888
2026-03-04 20:30:00,5173.1444,5184.98493,5169.94175,5182.48081,15043
2026-03-04 20:45:00,5182.633,5184.18469,5178.00581,5180.21072,6178
2026-03-04 21:00:00,5180.35604,5195.73439,5180.02116,5193.9965,15713
2026-03-04 21:15:00,5193.89194,5200.58209,5187.46999,5189.56015,13112
2026-03-04 21:30:00,5189.80806,5193.1794,5183.12069,5187.8849,10058
2026-03-04 21:45:00,5187.97428,5193.54085,5183.18624,5191.13952,10354
2026-03-04 22:00:00,5191.07335,5194.56859,5188.75393,5194.56859,5814
2026-03-04 22:15:00,5194.53597,5196.63862,5190.92283,5195.26037,5715
2026-03-04 22:30:00,5195.22306,5200.25861,5192.29036,5193.57007,7968
2026-03-04 22:45:00,5193.64307,5193.67941,5189.22602,5193.16955,4453
2026-03-04 23:00:00,5193.11685,5203.82419,5193.11685,5199.09772,10707
2026-03-04 23:15:00,5199.58367,5199.58367,5174.59957,5177.5706,24984
2026-03-04 23:30:00,5177.76639,5177.76639,5159.41032,5165.59034,18356
2026-03-04 23:45:00,5165.49809,5172.60566,5159.06351,5170.42099,13542
2026-03-05 00:00:00,5170.24946,5197.21964,5170.24946,5194.5974,26970
2026-03-05 00:15:00,5194.45925,5195.97681,5182.13726,5192.73679,13839
2026-03-05 00:30:00,5192.53639,5192.7076,5181.53183,5188.17483,11175
2026-03-05 00:45:00,5188.16037,5191.30338,5173.82068,5173.82068,17482
2026-03-05 01:00:00,5173.7347,5181.23033,5165.55514,5167.24674,15675
2026-03-05 01:15:00,5167.34251,5174.03858,5162.52955,5166.92976,11509
2026-03-05 01:30:00,5167.05221,5181.49041,5166.94344,5172.64009,14546
2026-03-05 01:45:00,5172.43472,5175.10743,5139.72908,5148.50195,35378
2026-03-05 02:00:00,5148.49559,5163.01937,5140.31686,5141.30722,22702
2026-03-05 02:15:00,5140.71232,5155.04346,5134.58475,5155.04346,20458
2026-03-05 02:30:00,5154.97504,5169.15497,5135.92736,5141.63707,33227
2026-03-05 02:45:00,5141.65641,5152.33672,5137.01978,5152.33672,15316
2026-03-05 03:00:00,5152.21917,5162.63362,5144.61743,5147.06851,18016
2026-03-05 03:15:00,5146.94003,5154.19845,5138.42724,5147.42671,15771
2026-03-05 03:30:00,5147.49944,5159.08078,5145.29908,5151.45296,13781
2026-03-05 03:45:00,5150.53407,5153.48717,5145.58313,5149.77841,7904
2026-03-05 04:00:00,5149.8786,5154.32213,5144.82079,5147.62846,9501
2026-03-05 04:15:00,5147.48575,5149.36631,5124.38122,5135.09936,24985
2026-03-05 04:30:00,5135.40685,5138.7207,5131.62914,5136.72635,7091
2026-03-05 04:45:00,5136.51249,5145.79405,5136.27173,5141.74509,9522
2026-03-05 05:00:00,5141.66882,5141.93145,5118.8051,5122.33742,23126
2026-03-05 05:15:00,5122.3053,5131.39859,5116.89888,5124.09152,14499
2026-03-05 05:30:00,5124.08289,5130.98971,5111.92671,5123.41559,19063
2026-03-05 05:45:00,5122.81755,5133.31079,5122.81755,5132.79656,10493
2026-03-05 06:00:00,5132.80178,5136.04255,5127.76216,5129.5486,8280
2026-03-05 06:15:00,5129.67693,5132.66455,5125.79951,5125.9414,6865
2026-03-05 06:30:00,5125.80245,5133.389,5125.16592,5130.8625,8223
2026-03-05 06:45:00,5130.62892,5138.70028,5130.62892,5136.55908,8071
2026-03-05 07:00:00,5136.26707,5137.68107,5127.17026,5129.74924,10510
2026-03-05 07:15:00,5129.77971,5138.18001,5122.05259,5137.72504,16127
2026-03-05 07:30:00,5137.79547,5145.61087,5137.67581,5144.80517,7935
2026-03-05 07:45:00,5144.74595,5144.89096,5132.19675,5134.42595,12694
2026-03-05 08:00:00,5134.17191,5141.36548,5134.17191,5140.91722,7193
2026-03-05 08:15:00,5140.93616,5141.63981,5136.96142,5139.33898,4678
2026-03-05 08:30:00,5139.34868,5139.53249,5130.04796,5135.70798,9484
2026-03-05 08:45:00,5135.89101,5142.18062,5134.15575,5140.82678,8024
2026-03-05 09:00:00,5140.83943,5141.45213,5140.68297,5140.85142,769
2026-03-05 09:15:00,5140.85691,5141.12714,5140.72023,5141.02617,406
2026-03-05 09:30:00,5140.93725,5141.1418,5140.74979,5140.90346,392
2026-03-05 09:45:00,5140.81165,5141.1893,5140.77206,5140.97506,417
2026-03-05 10:00:00,5141.98382,5153.93699,5140.94784,5146.57386,12989
2026-03-05 10:15:00,5146.57733,5155.97166,5146.57733,5153.67188,9394
2026-03-05 10:30:00,5153.53309,5155.56149,5149.78025,5155.13658,5781
2026-03-05 10:45:00,5154.72781,5165.1965,5154.72781,5165.1965,10468
2026-03-05 11:00:00,5165.28941,5173.24849,5161.10484,5171.6391,12143
2026-03-05 11:15:00,5171.62772,5180.00175,5171.39057,5174.32398,8611
2026-03-05 11:30:00,5174.53141,5176.18719,5169.29057,5174.52532,6896
2026-03-05 11:45:00,5175.06614,5177.34801,5168.15804,5169.85495,9189
2026-03-05 12:00:00,5170.24575,5185.23507,5169.8333,5178.9643,15401
2026-03-05 12:15:00,5178.58805,5181.76251,5172.56346,5176.65008,9199
2026-03-05 12:30:00,5176.62737,5177.53936,5170.08812,5174.52912,7451
2026-03-05 12:45:00,5174.59445,5179.6107,5170.06642,5174.10185,9544
2026-03-05 13:00:00,5174.01612,5180.3172,5171.02341,5178.88766,9293
2026-03-05 13:15:00,5178.72173,5186.69607,5177.21229,5183.32503,9483
2026-03-05 13:30:00,5182.86469,5185.85524,5177.77829,5178.00812,8076
2026-03-05 13:45:00,5177.71084,5192.18425,5175.96007,5192.18425,16224
2026-03-05 14:00:00,5192.05263,5194.57816,5184.61657,5185.67985,9961
2026-03-05 14:15:00,5185.70016,5190.5369,5185.47455,5185.96569,5062
2026-03-05 14:30:00,5185.57711,5189.54084,5183.76816,5188.66189,5772
2026-03-05 14:45:00,5188.71585,5189.76201,5178.96408,5179.04809,10797
2026-03-05 15:00:00,5179.01361,5185.39697,5178.5564,5184.608,6840
2026-03-05 15:15:00,5184.55991,5184.59129,5175.24939,5176.38842,9341
2026-03-05 15:30:00,5176.60267,5179.48069,5174.48268,5175.02803,4998
2026-03-05 15:45:00,5175.04075,5175.12406,5167.67689,5171.21271,7447
2026-03-05 16:00:00,5171.15364,5176.2787,5170.98255,5175.39734,5296
2026-03-05 16:15:00,5175.24823,5176.0598,5170.14347,5173.48202,5916
2026-03-05 16:30:00,5173.39685,5173.51086,5164.39333,5166.32444,9117
2026-03-05 16:45:00,5166.283,5169.01359,5148.79372,5151.64596,20219
2026-03-05 17:00:00,5151.18353,5154.67838,5127.61786,5132.85114,27060
2026-03-05 17:15:00,5132.93144,5143.94762,5125.93942,5142.99,18008
2026-03-05 17:30:00,5142.91334,5154.42688,5140.77868,5148.97849,13648
2026-03-05 17:45:00,5149.34523,5167.46974,5148.72839,5165.70263,18741
2026-03-05 18:00:00,5166.04114,5173.30564,5162.77918,5163.38189,10526
2026-03-05 18:15:00,5163.29884,5166.09203,5160.53524,5165.38633,5556
2026-03-05 18:30:00,5165.43588,5166.94843,5161.13981,5162.09043,5808
2026-03-05 18:45:00,5162.09188,5165.78881,5158.69406,5161.31487,7094
2026-03-05 19:00:00,5161.34019,5162.43041,5143.63398,5144.57036,18796
2026-03-05 19:15:00,5144.22066,5146.39949,5138.41075,5143.42999,7988
2026-03-05 19:30:00,5143.41895,5163.54881,5143.41895,5160.96266,20129
2026-03-05 19:45:00,5161.42709,5170.22628,5160.65406,5166.50123,9572
2026-03-05 20:00:00,5166.53104,5179.8155,5162.77277,5177.72251,17042
2026-03-05 20:15:00,5177.98122,5181.26553,5168.72374,5168.72374,12541
2026-03-05 20:30:00,5168.51204,5169.69666,5156.74887,5165.33459,12947
2026-03-05 20:45:00,5165.1464,5165.81947,5159.66958,5162.49854,6149
2026-03-05 21:00:00,5162.56897,5162.56897,5148.62993,5154.63321,13939
2026-03-05 21:15:00,5154.65367,5159.73591,5153.02631,5156.11948,6709
2026-03-05 21:30:00,5155.91454,5157.73456,5150.1004,5156.82709,7634
2026-03-05 21:45:00,5156.83323,5166.84004,5156.82308,5166.34806,10016
2026-03-05 22:00:00,5166.35042,5166.43472,5162.60189,5164.51879,3832
2026-03-05 22:15:00,5164.47686,5167.43892,5162.44423,5162.654,4994
2026-03-05 22:30:00,5162.52433,5163.26643,5158.37095,5160.35938,4895
2026-03-05 22:45:00,5160.20715,5164.21469,5160.20715,5163.34007,4007
2026-03-05 23:00:00,5163.35575,5170.97219,5163.33668,5170.46414,7635
2026-03-05 23:15:00,5170.22702,5171.66924,5161.66418,5163.30377,10005
2026-03-05 23:30:00,5163.2864,5168.19421,5162.32241,5164.03459,5871
2026-03-05 23:45:00,5164.19661,5166.55489,5161.69162,5163.33833,4863
2026-03-06 00:00:00,5163.96598,5163.96598,5145.86873,5153.59072,18097
2026-03-06 00:15:00,5153.91764,5161.57086,5095.88087,5123.72628,65689
2026-03-06 00:30:00,5124.51135,5135.76627,5114.95237,5132.41129,20813
2026-03-06 00:45:00,5132.76763,5132.76763,5113.74418,5115.69927,19023
2026-03-06 01:00:00,5116.38475,5135.72957,5112.5328,5115.53112,23196
2026-03-06 01:15:00,5114.72877,5117.63881,5105.47584,5117.63881,12162
2026-03-06 01:30:00,5117.42018,5122.90259,5091.41476,5093.54029,31487
2026-03-06 01:45:00,5094.14514,5107.1482,5093.51215,5107.1482,13636
2026-03-06 02:00:00,5107.58348,5115.19569,5069.19661,5083.30867,45999
2026-03-06 02:15:00,5083.16253,5093.5188,5075.12364,5082.56616,18395
2026-03-06 02:30:00,5082.86429,5091.63726,5079.75879,5079.84244,11878
2026-03-06 02:45:00,5079.51613,5101.67871,5079.51613,5098.64953,22162
2026-03-06 03:00:00,5098.92804,5104.17268,5073.8566,5081.81797,30316
2026-03-06 03:15:00,5081.70768,5083.08649,5063.97939,5068.50902,19107
2026-03-06 03:30:00,5069.29364,5074.12324,5057.52436,5069.58304,16598
2026-03-06 03:45:00,5069.75597,5082.91673,5069.60095,5076.20482,13315
2026-03-06 04:00:00,5076.25358,5087.5797,5075.78264,5085.62752,11797
2026-03-06 04:15:00,5085.87284,5089.13418,5078.35502,5078.35502,10779
2026-03-06 04:30:00,5078.64784,5078.64784,5055.81364,5062.99222,22834
2026-03-06 04:45:00,5062.87926,5067.01378,5057.45701,5063.18915,9556
2026-03-06 05:00:00,5063.16231,5072.43333,5054.59315,5071.85864,17840
2026-03-06 05:15:00,5071.69744,5075.59164,5062.23574,5069.15948,13355
2026-03-06 05:30:00,5068.84886,5083.9962,5068.84886,5082.71342,15147
2026-03-06 05:45:00,5082.69198,5082.81713,5065.45166,5069.89648,17365
2026-03-06 06:00:00,5069.86418,5079.63914,5069.56974,5074.18925,10069
2026-03-06 06:15:00,5074.42747,5074.42747,5060.28208,5066.00222,14145
2026-03-06 06:30:00,5065.90741,5066.6089,5058.53077,5066.02656,8078
2026-03-06 06:45:00,5065.96837,5070.59499,5063.23522,5065.44602,7359
2026-03-06 07:00:00,5065.45447,5080.76698,5064.01522,5078.54533,16751
2026-03-06 07:15:00,5078.36586,5092.71754,5078.36586,5079.6695,14351
2026-03-06 07:30:00,5079.56736,5082.37408,5075.45997,5078.37624,6914
2026-03-06 07:45:00,5078.44226,5080.21969,5073.56551,5077.18599,6654
2026-03-06 08:00:00,5077.30584,5084.04669,5072.04811,5075.26244,11998
2026-03-06 08:15:00,5075.43494,5080.37836,5075.23755,5079.16068,5140
2026-03-06 08:30:00,5079.47456,5082.74625,5073.09222,5074.94792,9654
2026-03-06 08:45:00,5074.98385,5084.67132,5074.85902,5082.31269,9812
2026-03-06 09:00:00,5082.33349,5084.66499,5082.30724,5084.09813,2357
2026-03-06 09:15:00,5084.10974,5084.53565,5084.10974,5084.39851,425
2026-03-06 09:30:00,5084.30592,5084.53428,5084.19329,5084.39722,340
2026-03-06 09:45:00,5084.30261,5084.60264,5084.27175,5084.37748,330
2026-03-06 10:00:00,5083.84096,5092.39314,5081.87279,5086.16384,10520
2026-03-06 10:15:00,5086.13874,5099.35505,5083.93397,5092.38759,15421
2026-03-06 10:30:00,5092.38092,5099.70763,5088.54537,5099.70763,11162
2026-03-06 10:45:00,5099.69559,5100.27341,5086.61613,5086.79394,13657
2026-03-06 11:00:00,5085.43499,5093.31337,5077.86316,5087.50293,15450
2026-03-06 11:15:00,5088.2235,5091.66888,5076.47534,5091.43011,15193
2026-03-06 11:30:00,5091.44313,5091.73076,5073.11775,5079.78381,18613
2026-03-06 11:45:00,5079.0224,5088.85327,5076.76002,5085.13758,12093
2026-03-06 12:00:00,5085.91364,5086.03174,5072.38392,5077.9608,13647
2026-03-06 12:15:00,5077.97144,5087.9477,5076.8316,5086.88797,11116
2026-03-06 12:30:00,5086.89706,5117.74013,5086.89706,5117.4484,30843
2026-03-06 12:45:00,5117.53523,5144.5519,5117.46632,5135.83004,27085
2026-03-06 13:00:00,5135.84254,5136.98114,5126.85851,5133.4501,10122
2026-03-06 13:15:00,5133.80679,5135.26392,5128.41767,5129.78313,6846
2026-03-06 13:30:00,5129.72762,5130.27925,5120.68614,5125.58698,9593
2026-03-06 13:45:00,5125.45391,5128.1784,5122.81636,5126.38736,5362
2026-03-06 14:00:00,5126.22135,5133.9567,5126.22135,5131.84204,7735
2026-03-06 14:15:00,5131.72705,5141.07066,5131.72705,5136.15486,9343
2026-03-06 14:30:00,5135.95073,5137.40583,5130.0962,5131.96409,7309
2026-03-06 14:45:00,5131.95113,5133.6433,5130.70161,5131.46607,2941
2026-03-06 15:00:00,5131.493,5137.00321,5131.493,5135.28006,5510
2026-03-06 15:15:00,5135.35879,5135.9845,5126.96014,5130.17251,9024
2026-03-06 15:30:00,5130.05989,5133.3564,5128.97858,5132.6847,4377
2026-03-06 15:45:00,5132.71972,5135.70627,5125.38867,5128.43272,10317
2026-03-06 16:00:00,5128.54838,5129.58943,5123.18626,5127.0494,6403
2026-03-06 16:15:00,5127.02272,5128.67058,5123.81513,5128.27192,4855
2026-03-06 16:30:00,5128.02924,5128.25382,5120.00645,5121.45193,8247
2026-03-06 16:45:00,5121.35625,5122.15308,5116.094,5116.094,6059
2026-03-06 17:00:00,5116.13046,5121.73893,5111.16713,5116.26989,10571
2026-03-06 17:15:00,5116.19135,5122.65503,5115.60102,5119.81889,7054
2026-03-06 17:30:00,5119.85121,5121.89397,5118.13848,5121.80326,3755
2026-03-06 17:45:00,5121.78289,5122.28761,5116.11944,5116.43862,6168
2026-03-06 18:00:00,5116.43376,5117.02997,5107.46076,5112.03766,9569
2026-03-06 18:15:00,5111.97276,5117.47418,5111.5429,5114.08102,5931
2026-03-06 18:30:00,5114.06656,5116.67262,5109.94152,5114.68284,6731
2026-03-06 18:45:00,5114.56427,5121.05831,5112.64329,5119.45376,8415
2026-03-06 19:00:00,5119.48094,5123.65417,5112.77043,5114.85738,10883
2026-03-06 19:15:00,5114.76487,5116.25235,5101.33734,5101.33734,14915
2026-03-06 19:30:00,5101.47992,5108.34696,5098.763,5106.66613,9583
2026-03-06 19:45:00,5106.81288,5112.39649,5106.5069,5108.87591,5889
2026-03-06 20:00:00,5108.88238,5108.93322,5096.45239,5096.45239,12480
2026-03-06 20:15:00,5096.48691,5101.8962,5093.14254,5099.29566,8753
2026-03-06 20:30:00,5099.3695,5102.49427,5090.51492,5096.44268,11979
2026-03-06 20:45:00,5096.48245,5096.93989,5080.96081,5085.45551,15979
2026-03-06 21:00:00,5085.34652,5088.55948,5077.25753,5085.38639,11301
2026-03-06 21:15:00,5085.82732,5091.30291,5080.27155,5087.52812,11031
2026-03-06 21:30:00,5087.44275,5088.91575,5082.87595,5084.25963,6039
2026-03-06 21:45:00,5084.11154,5092.33157,5083.29738,5089.75954,9034
2026-03-06 22:00:00,5089.56599,5091.11883,5082.27904,5083.98856,8839
2026-03-06 22:15:00,5084.40046,5096.7105,5083.87956,5095.66118,12830
2026-03-06 22:30:00,5095.61468,5097.1197,5078.48746,5083.67344,18632
2026-03-06 22:45:00,5083.489,5086.00962,5054.73982,5075.99875,31269
2026-03-06 23:00:00,5075.78623,5090.26497,5075.78623,5088.77674,14478
2026-03-06 23:15:00,5088.42772,5097.33497,5087.95883,5088.01582,9376
2026-03-06 23:30:00,5087.87683,5096.50233,5084.80499,5094.16516,11697
2026-03-06 23:45:00,5094.42768,5097.25641,5083.72193,5084.61862,13534
2026-03-07 00:00:00,5084.01805,5084.58293,5065.81964,5073.33617,18763
2026-03-07 00:15:00,5073.50213,5088.92477,5073.31705,5083.33134,15607
2026-03-07 00:30:00,5078.42969,5130.42626,5078.42969,5118.07927,51996
2026-03-07 00:45:00,5118.22653,5121.75365,5085.81421,5085.81421,35939
2026-03-07 01:00:00,5086.22674,5103.09415,5077.68832,5093.55008,25405
2026-03-07 01:15:00,5092.93255,5106.0115,5088.58983,5103.96914,17421
2026-03-07 01:30:00,5103.70291,5109.56444,5088.14511,5092.37605,21419
2026-03-07 01:45:00,5091.93889,5119.02503,5086.70185,5119.02503,32323
2026-03-07 02:00:00,5118.49146,5166.96576,5118.49146,5147.077,48474
2026-03-07 02:15:00,5146.50252,5171.76359,5143.04298,5165.52557,28720
2026-03-07 02:30:00,5165.61998,5167.16403,5154.35916,5157.15985,12804
2026-03-07 02:45:00,5157.17406,5159.03453,5135.34068,5145.89214,23693
2026-03-07 03:00:00,5145.72478,5150.22483,5140.15556,5142.2902,10069
2026-03-07 03:15:00,5142.57367,5150.1068,5137.41399,5141.9671,12692
2026-03-07 03:30:00,5142.05253,5144.68067,5125.39567,5140.55264,19284
2026-03-07 03:45:00,5140.5105,5146.42556,5136.83659,5140.68895,9588
2026-03-07 04:00:00,5140.53596,5140.65117,5130.79324,5136.45053,9857
2026-03-07 04:15:00,5136.49463,5143.04554,5134.35205,5142.89506,8693
2026-03-07 04:30:00,5142.73902,5151.38147,5136.4756,5138.70938,14905
2026-03-07 04:45:00,5138.73748,5140.11122,5134.27397,5140.06109,5837
2026-03-07 05:00:00,5140.03223,5146.14205,5139.66628,5146.14205,6475
2026-03-07 05:15:00,5145.90252,5149.87065,5144.04584,5149.42254,5824
2026-03-07 05:30:00,5149.53732,5166.28413,5149.40747,5164.26204,16876
2026-03-07 05:45:00,5164.42223,5166.73737,5157.48756,5162.97122,9249
2026-03-07 06:00:00,5163.15848,5169.8726,5160.23941,5169.8726,9633
2026-03-07 06:15:00,5169.95146,5174.13733,5164.56306,5165.82304,9574
2026-03-07 06:30:00,5165.72035,5166.50449,5158.64413,5160.13472,7860
2026-03-07 06:45:00,5160.57058,5163.66545,5155.82215,5161.43884,7843
2026-03-07 07:00:00,5161.28762,5161.44099,5153.05299,5155.93117,8387
2026-03-07 07:15:00,5155.87068,5158.97916,5153.86739,5154.93994,5111
2026-03-07 07:30:00,5154.92477,5159.23879,5151.19721,5157.81686,8041
2026-03-07 07:45:00,5157.6033,5159.76649,5152.58722,5153.29087,7179
2026-03-07 08:00:00,5153.23437,5168.06484,5153.06427,5165.57706,15000
2026-03-07 08:15:00,5165.53537,5171.24314,5165.53537,5168.6321,5707
2026-03-07 08:30:00,5168.65407,5172.15615,5167.41529,5170.05674,4740
2026-03-07 08:45:00,5169.94858,5173.49951,5169.45605,5171.6658,4043
2026-03-07 09:00:00,5171.65658,5171.65802,5170.91069,5171.03415,747
2026-03-07 09:15:00,5171.06716,5171.29155,5170.99714,5171.0698,294
2026-03-07 09:30:00,5171.06672,5171.29357,5170.99628,5171.17192,297
2026-03-07 09:45:00,5171.06611,5171.29181,5170.99923,5171.14968,292
2026-03-07 10:00:00,5171.06664,5171.29047,5171.00187,5171.04988,288
2026-03-07 10:15:00,5171.07199,5171.29702,5171.00244,5171.05879,294
2026-03-07 10:30:00,5171.07199,5171.29041,5170.99585,5171.15646,294
2026-03-07 10:45:00,5171.06397,5171.29064,5170.99145,5171.16228,299
2026-03-07 11:00:00,5171.0641,5171.2892,5171.00211,5171.05959,287
2026-03-07 11:15:00,5171.06664,5171.29429,5170.99653,5171.04552,297
2026-03-07 11:30:00,5171.07199,5171.29647,5170.99721,5171.1483,299
2026-03-07 11:45:00,5171.07199,5171.29631,5171.00154,5171.17591,294
2026-03-07 12:00:00,5171.06638,5171.29082,5170.99971,5171.08255,291
2026-03-07 12:15:00,5171.07199,5171.29969,5170.99646,5171.03134,303
2026-03-07 12:30:00,5171.06696,5171.29444,5171.00407,5171.12344,290
2026-03-07 12:45:00,5171.06664,5171.2957,5170.99716,5171.18454,298
2026-03-07 13:00:00,5171.06932,5171.29875,5171.00423,5171.10247,294
2026-03-07 13:15:00,5171.07199,5171.29453,5171.00242,5171.03059,292
2026-03-07 13:30:00,5171.06932,5171.29042,5170.99385,5171.10613,296
2026-03-07 13:45:00,5171.06932,5171.28915,5170.99987,5171.18532,289
2026-03-07 14:00:00,5171.07024,5171.29586,5171.00384,5171.1203,292
2026-03-07 14:15:00,5171.06955,5171.29616,5171.0042,5171.03515,291
2026-03-07 14:30:00,5171.07199,5171.29725,5171.00234,5171.08875,294
2026-03-07 14:45:00,5171.07199,5171.29014,5171.00168,5171.18345,288
2026-03-07 15:00:00,5171.07251,5171.2972,5171.00242,5171.13479,294
2026-03-07 15:15:00,5171.06407,5171.29599,5171.00127,5171.03716,294
2026-03-07 15:30:00,5171.06717,5171.29367,5170.99433,5171.06183,299
2026-03-07 15:45:00,5171.0639,5171.29179,5171.00206,5171.16822,289
2026-03-07 16:00:00,5171.06664,5171.29707,5170.99646,5171.16005,300
2026-03-07 16:15:00,5171.07199,5171.29109,5170.99978,5171.05426,291
2026-03-07 16:30:00,5171.07199,5171.29596,5171.00157,5171.04585,294
2026-03-07 16:45:00,5171.06408,5171.29104,5171.00507,5171.15393,285
2026-03-07 17:00:00,5171.06716,5171.29173,5170.99926,5171.17402,292
2026-03-07 17:15:00,5171.07199,5171.2944,5171.00691,5171.07017,287
2026-03-07 17:30:00,5171.07248,5171.29377,5171.00233,5171.04204,291
2026-03-07 17:45:00,5171.07175,5171.29346,5171.00443,5171.13942,289
2026-03-07 18:00:00,5171.07023,5171.29733,5170.9996,5171.17577,297
2026-03-07 18:15:00,5171.06366,5171.28781,5170.99913,5171.08643,288
2026-03-07 18:30:00,5171.06932,5171.29446,5170.99713,5171.02696,297
2026-03-07 18:45:00,5171.06433,5171.29339,5171.00391,5171.12261,289
2026-03-07 19:00:00,5171.07273,5171.29613,5170.99966,5171.18539,296
2026-03-07 19:15:00,5171.06932,5171.29452,5171.00436,5171.10403,290
2026-03-07 19:30:00,5171.06696,5171.29446,5171.00187,5171.03062,292
2026-03-07 19:45:00,5171.06932,5171.29375,5171.00248,5171.1019,291
2026-03-07 20:00:00,5171.07199,5171.29609,5170.99615,5171.17905,299
2026-03-07 20:15:00,5171.063,5171.28806,5170.99695,5171.12481,291
2026-03-07 20:30:00,5171.06684,5171.29451,5171.00446,5171.0317,290
2026-03-07 20:45:00,5171.06664,5171.29446,5170.99646,5171.07934,297
2026-03-07 21:00:00,5171.06919,5171.29107,5171.00243,5171.18084,288
2026-03-07 21:15:00,5171.07199,5171.29879,5171.00409,5171.14862,294
2026-03-07 21:30:00,5171.07199,5171.28826,5170.99696,5171.03292,291
2026-03-07 21:45:00,5171.05915,5171.29291,5170.99418,5171.0618,298
2026-03-07 22:00:00,5171.06933,5171.28913,5170.99562,5171.16377,293
2026-03-07 22:15:00,5171.06664,5171.296,5170.99716,5171.16504,298
2026-03-07 22:30:00,5171.07199,5171.29093,5171.00408,5171.05167,286
2026-03-07 22:45:00,5171.06397,5171.29462,5170.99717,5171.04965,297
2026-03-07 23:00:00,5171.07243,5171.28187,5170.99105,5171.1542,290
2026-03-07 23:15:00,5171.07199,5171.29623,5170.99441,5171.17757,301
2026-03-07 23:30:00,5171.07177,5171.29873,5171.00685,5171.07852,291
2026-03-07 23:45:00,5171.07466,5171.29863,5171.00509,5171.04203,293
2026-03-08 00:00:00,5171.07466,5171.29982,5171.00956,5171.13891,290
2026-03-08 00:15:00,5171.07466,5171.29985,5171.00448,5171.18824,295
2026-03-08 00:30:00,5171.07466,5171.29629,5171.00502,5171.09789,291
2026-03-08 00:45:00,5171.07466,5171.29874,5171.00671,5171.03659,292
2026-03-08 01:00:00,5171.07466,5171.29647,5171.0051,5171.11882,291
2026-03-08 01:15:00,5171.07466,5171.29982,5171.00448,5171.19101,295
2026-03-08 01:30:00,5171.07466,5171.29986,5171.00977,5171.11835,290
2026-03-08 01:45:00,5171.07466,5171.29874,5171.00502,5171.03653,293
2026-03-08 02:00:00,5171.07466,5171.29862,5171.00671,5171.09835,291
2026-03-08 02:15:00,5171.07466,5171.29648,5171.0051,5171.18836,291
2026-03-08 02:30:00,5171.07466,5171.29981,5171.00448,5171.13847,295
2026-03-08 02:45:00,5171.07466,5171.29986,5171.00979,5171.04185,290
2026-03-08 03:00:00,5171.07466,5171.29875,5171.00501,5171.07894,293
2026-03-08 03:15:00,5171.07466,5171.29861,5171.0067,5171.18047,291
2026-03-08 03:30:00,5171.07466,5171.29981,5171.00511,5171.15684,294
2026-03-08 03:45:00,5171.07466,5171.29312,5171.00448,5171.05217,288
2026-03-08 04:00:00,5171.07466,5171.29986,5171.00501,5171.06194,294
2026-03-08 04:15:00,5171.07466,5171.29876,5171.00689,5171.1679,291
2026-03-08 04:30:00,5171.07466,5171.2986,5171.00511,5171.17217,293
2026-03-08 04:45:00,5171.07466,5171.29981,5171.0095,5171.06677,290
2026-03-08 05:00:00,5171.07466,5171.29986,5171.00448,5171.04854,295
2026-03-08 05:15:00,5171.07466,5171.29624,5171.005,5171.15152,291
2026-03-08 05:30:00,5171.07466,5171.29876,5171.00668,5171.1834,292
2026-03-08 05:45:00,5171.07466,5171.29652,5171.00512,5171.08464,291
2026-03-08 06:00:00,5171.07466,5171.29981,5171.00448,5171.03968,295
2026-03-08 06:15:00,5171.07466,5171.29986,5171.00983,5171.13248,290
2026-03-08 06:30:00,5171.07466,5171.29877,5171.005,5171.18974,293
2026-03-08 06:45:00,5171.07466,5171.29859,5171.00667,5171.10452,291
2026-03-08 07:00:00,5171.07466,5171.2998,5171.00512,5171.03597,294
2026-03-08 07:15:00,5171.07466,5171.29316,5171.00448,5171.1121,288
2026-03-08 07:30:00,5171.07466,5171.29987,5171.005,5171.19074,294
2026-03-08 07:45:00,5171.07466,5171.29878,5171.00692,5171.12503,291
2026-03-08 08:00:00,5171.07466,5171.29858,5171.00666,5171.03769,291
2026-03-08 08:15:00,5171.07466,5171.2998,5171.00513,5171.09182,294
2026-03-08 08:30:00,5171.07466,5171.29318,5171.00448,5171.18634,288
2026-03-08 08:45:00,5171.07466,5171.29987,5171.00499,5171.14473,294
2026-03-08 09:00:00,5171.07466,5171.29878,5171.00693,5171.04469,291
2026-03-08 09:15:00,5171.07466,5171.29857,5171.00513,5171.07306,293
2026-03-08 09:30:00,5171.07466,5171.2998,5171.00945,5171.17685,290
2026-03-08 09:45:00,5171.07466,5171.29914,5171.00448,5171.15972,294
2026-03-08 10:00:00,5171.07199,5171.29361,5171.00235,5171.05398,291
2026-03-08 10:15:00,5171.07199,5171.29607,5171.00404,5171.0543,292
2026-03-08 10:30:00,5171.07199,5171.29381,5171.00242,5171.16008,291
2026-03-08 10:45:00,5171.07199,5171.29714,5171.00181,5171.17378,295
2026-03-08 11:00:00,5171.07199,5171.29718,5171.00711,5171.06981,290
2026-03-08 11:15:00,5171.07199,5171.29607,5171.00234,5171.04234,293
2026-03-08 11:30:00,5171.07199,5171.29594,5171.00403,5171.14267,291
2026-03-08 11:45:00,5171.07199,5171.29714,5171.00243,5171.18343,294
2026-03-08 12:00:00,5171.07199,5171.29044,5171.00181,5171.0885,288
2026-03-08 12:15:00,5171.07199,5171.29719,5171.00234,5171.03516,294
2026-03-08 12:30:00,5171.07199,5171.29608,5171.00421,5171.12302,291
2026-03-08 12:45:00,5171.07199,5171.29593,5171.00243,5171.18801,293
2026-03-08 13:00:00,5171.07199,5171.29714,5171.00683,5171.10875,290
2026-03-08 13:15:00,5171.07199,5171.29719,5171.00181,5171.03327,295
2026-03-08 13:30:00,5171.07199,5171.29357,5171.00233,5171.10252,291
2026-03-08 13:45:00,5171.07199,5171.29609,5171.00401,5171.18718,292
2026-03-08 14:00:00,5171.07199,5171.29593,5171.00244,5171.12915,293
2026-03-08 14:15:00,5171.07199,5171.29713,5171.00682,5171.0368,290
2026-03-08 14:30:00,5171.07199,5171.29719,5171.00181,5171.0826,295
2026-03-08 14:45:00,5171.07199,5171.29356,5171.00233,5171.18101,291
2026-03-08 15:00:00,5171.07199,5171.29609,5171.004,5171.14825,292
2026-03-08 15:15:00,5171.07199,5171.29385,5171.00244,5171.0455,291
2026-03-08 15:30:00,5171.07199,5171.29713,5171.00181,5171.06464,295
2026-03-08 15:45:00,5171.07199,5171.29719,5171.00717,5171.16994,290
2026-03-08 16:00:00,5171.07199,5171.2961,5171.00232,5171.16474,293
2026-03-08 16:15:00,5171.07199,5171.29591,5171.00399,5171.05876,291
2026-03-08 16:30:00,5171.07199,5171.29713,5171.00245,5171.04991,294
2026-03-08 16:45:00,5171.07199,5171.2905,5171.00181,5171.15472,288
2026-03-08 17:00:00,5171.07199,5171.29719,5171.00232,5171.17746,294
2026-03-08 17:15:00,5171.07199,5171.29611,5171.00425,5171.07566,291
2026-03-08 17:30:00,5171.07199,5171.2959,5171.00245,5171.03944,293
2026-03-08 17:45:00,5171.07199,5171.29713,5171.00678,5171.13644,290
2026-03-08 18:00:00,5171.07199,5171.2972,5171.00181,5171.18551,295
2026-03-08 18:15:00,5171.07199,5171.29353,5171.00231,5171.09501,291
2026-03-08 18:30:00,5171.07199,5171.29611,5171.00397,5171.03395,292
2026-03-08 18:45:00,5171.07199,5171.29389,5171.00246,5171.11635,291
2026-03-08 19:00:00,5171.07199,5171.29712,5171.00181,5171.18834,295
2026-03-08 19:15:00,5171.07199,5171.2972,5171.00721,5171.11547,289
2026-03-08 19:30:00,5171.07199,5171.29612,5171.00231,5171.03383,293
2026-03-08 19:45:00,5171.07199,5171.29589,5171.00396,5171.09588,291
2026-03-08 20:00:00,5171.07199,5171.2939,5171.00246,5171.18574,291
2026-03-08 20:15:00,5171.07199,5171.29712,5171.00181,5171.13559,295
2026-03-08 20:30:00,5171.07199,5171.2972,5171.00722,5171.03909,289
2026-03-08 20:45:00,5171.07199,5171.29613,5171.00231,5171.07645,293
2026-03-08 21:00:00,5171.07199,5171.29588,5171.00395,5171.17791,291
2026-03-08 21:15:00,5171.07199,5171.29712,5171.00247,5171.15399,294
2026-03-08 21:30:00,5171.07199,5171.29056,5171.00181,5171.04936,288
2026-03-08 21:45:00,5171.07199,5171.2972,5171.0023,5171.05942,294
2026-03-08 22:00:00,5171.07199,5171.29613,5171.00429,5171.16538,291
2026-03-08 22:15:00,5171.07199,5171.29587,5171.00247,5171.16936,293
2026-03-08 22:30:00,5171.07199,5171.29712,5171.00672,5171.06393,290
2026-03-08 22:45:00,5171.07199,5171.2972,5171.00181,5171.04598,295
2026-03-08 23:00:00,5171.07199,5171.29348,5171.0023,5171.14903,291
2026-03-08 23:15:00,5171.07199,5171.29614,5171.00393,5171.18063,292
2026-03-08 23:30:00,5171.07199,5171.29393,5171.00248,5171.08177,291
2026-03-08 23:45:00,5171.07199,5171.29711,5171.00181,5171.03707,295
2026-03-09 00:00:00,5171.07199,5171.29721,5171.00727,5171.13001,289
2026-03-09 00:15:00,5171.07199,5171.29615,5171.00229,5171.18702,293
2026-03-09 00:30:00,5171.07199,5171.29586,5171.00393,5171.10164,291
2026-03-09 00:45:00,5171.07199,5171.29711,5171.00248,5171.03331,294
2026-03-09 01:00:00,5171.07199,5171.29061,5171.00181,5171.10964,288
2026-03-09 01:15:00,5171.07199,5171.29721,5171.00229,5171.18808,294
2026-03-09 01:30:00,5171.07199,5171.29615,5171.00432,5171.12214,291
2026-03-09 01:45:00,5171.07199,5171.29585,5171.00392,5171.03497,291
2026-03-09 02:00:00,5171.07199,5171.29711,5171.00249,5171.08936,294
2026-03-09 02:15:00,5171.07199,5171.29063,5171.00181,5171.18374,288
2026-03-09 02:30:00,5171.07199,5171.29721,5171.00228,5171.14186,294
2026-03-09 02:45:00,5171.07199,5171.29616,5171.00433,5171.04192,291
2026-03-09 03:00:00,5171.07199,5171.29584,5171.0025,5171.07057,293
2026-03-09 03:15:00,5171.07199,5171.2971,5171.00667,5171.1743,290
2026-03-09 03:30:00,5171.07199,5171.29721,5171.00181,5171.15939,295
2026-03-09 03:45:00,5171.07199,5171.29343,5171.00228,5171.05369,291
2026-03-09 04:00:00,5171.07199,5171.29617,5171.0039,5171.05459,292
2026-03-09 04:15:00,5171.07199,5171.29398,5171.0025,5171.16041,291
2026-03-09 04:30:00,5171.07199,5171.2971,5171.00181,5171.17353,295
2026-03-09 04:45:00,5171.07199,5171.29721,5171.00732,5171.06945,289
2026-03-09 05:00:00,5171.07199,5171.29617,5171.00228,5171.04254,293
2026-03-09 05:15:00,5171.07199,5171.29583,5171.00389,5171.14305,291
2026-03-09 05:30:00,5171.07199,5171.2971,5171.00251,5171.18329,294
2026-03-09 05:45:00,5171.07199,5171.29068,5171.00181,5171.0881,288
2026-03-09 06:00:00,5171.07199,5171.28926,5168.34282,5170.14648,2946
2026-03-09 06:15:00,5170.26211,5171.21074,5167.45393,5170.68486,3756
2026-03-09 06:30:00,5170.67894,5171.24416,5170.67894,5171.15076,565
2026-03-09 06:45:00,5171.03331,5171.2785,5170.98887,5171.09086,289
2026-03-09 07:00:00,5171.05327,5171.27465,5170.1315,5170.63422,1143
2026-03-09 07:15:00,5170.6996,5171.24372,5170.60042,5171.08813,643
2026-03-09 07:30:00,5171.05862,5171.28234,5170.98554,5171.16828,296
2026-03-09 07:45:00,5171.05327,5171.28021,5170.98897,5171.11617,291
2026-03-09 08:00:00,5171.05862,5171.48727,5171.02366,5171.02622,463
2026-03-09 08:15:00,5171.06129,5171.2795,5170.987,5171.06865,292
2026-03-09 08:30:00,5171.05862,5171.28306,5170.99445,5171.17014,288
2026-03-09 08:45:00,5171.06182,5171.28533,5170.88523,5171.17822,400
2026-03-09 09:00:00,5173.68479,5204.69053,5132.24563,5162.68277,72444
2026-03-09 09:15:00,5160.62454,5162.64466,5126.17474,5154.89603,36469
2026-03-09 09:30:00,5154.53656,5161.86747,5116.52051,5119.04004,45346
2026-03-09 09:45:00,5121.15036,5142.68749,5097.45084,5130.03382,45236
2026-03-09 10:00:00,5129.53349,5134.03461,5097.75619,5100.12118,36278
2026-03-09 10:15:00,5099.47092,5106.37606,5095.4608,5102.38774,10915
2026-03-09 10:30:00,5102.13597,5103.9111,5041.20332,5064.64198,62707
2026-03-09 10:45:00,5066.45165,5084.60625,5060.7098,5075.04294,23896
2026-03-09 11:00:00,5074.94113,5075.08723,5029.65886,5032.38168,45428
2026-03-09 11:15:00,5033.14104,5050.81805,5032.36878,5043.97874,18449
2026-03-09 11:30:00,5043.76001,5059.87694,5043.76001,5050.22919,16116
2026-03-09 11:45:00,5051.27023,5061.31208,5033.73976,5047.85806,27572
2026-03-09 12:00:00,5051.03887,5071.06677,5014.43471,5071.06677,56632
2026-03-09 12:15:00,5070.43595,5086.08175,5070.43595,5072.41688,15645
2026-03-09 12:30:00,5072.52995,5084.73334,5072.42243,5079.5134,12310
2026-03-09 12:45:00,5079.63272,5081.48878,5067.66929,5072.06976,13819
2026-03-09 13:00:00,5071.09264,5095.438,5059.05774,5094.04099,36380
2026-03-09 13:15:00,5094.08454,5094.14552,5073.41494,5076.67883,20730
2026-03-09 13:30:00,5077.86329,5093.56132,5076.64776,5092.39092,16913
2026-03-09 13:45:00,5092.358,5096.69279,5087.64424,5096.42455,9048
2026-03-09 14:00:00,5096.34619,5097.3062,5086.81988,5087.75849,10486
2026-03-09 14:15:00,5087.60507,5101.87878,5087.60507,5092.17862,14273
2026-03-09 14:30:00,5091.78288,5093.24441,5080.98184,5086.55458,12262
2026-03-09 14:45:00,5086.73344,5093.81326,5086.36551,5091.7874,7447
2026-03-09 15:00:00,5091.75287,5097.98572,5088.48698,5091.57778,9498
2026-03-09 15:15:00,5091.44699,5095.53023,5088.18765,5089.9647,7342
2026-03-09 15:30:00,5089.76431,5092.39953,5088.63189,5090.31131,3767
2026-03-09 15:45:00,5090.12467,5090.34662,5086.26148,5089.7525,4085
2026-03-09 16:00:00,5089.48719,5101.4844,5080.36932,5096.37682,21115
2026-03-09 16:15:00,5096.43326,5104.63829,5088.32547,5096.10844,16312
2026-03-09 16:30:00,5096.08731,5119.09288,5095.92843,5117.25051,23164
2026-03-09 16:45:00,5116.45732,5141.07971,5116.45732,5124.40387,24622
2026-03-09 17:00:00,5124.09154,5132.6949,5120.86295,5128.75393,11831
2026-03-09 17:15:00,5128.70634,5130.16106,5123.73596,5127.10223,6425
2026-03-09 17:30:00,5127.18918,5129.21806,5101.72296,5107.31259,27495
2026-03-09 17:45:00,5107.19798,5109.22399,5099.15525,5100.6407,10068
2026-03-09 18:00:00,5101.4857,5101.4857,5091.26687,5098.989,10218
2026-03-09 18:15:00,5098.77304,5105.73425,5097.07617,5105.69434,8658
2026-03-09 18:30:00,5105.45616,5106.57692,5101.80938,5102.66746,4767
2026-03-09 18:45:00,5102.86224,5102.86224,5095.40954,5098.78489,7452
2026-03-09 19:00:00,5098.80043,5111.17249,5098.80043,5101.38338,12372
2026-03-09 19:15:00,5100.66032,5104.92713,5092.749,5092.749,12178
2026-03-09 19:30:00,5092.55255,5095.65744,5089.48415,5091.79697,6173
2026-03-09 19:45:00,5091.41706,5100.58933,5088.475,5098.00699,12114
2026-03-09 20:00:00,5098.21315,5114.09282,5095.43773,5112.19403,18655
2026-03-09 20:15:00,5111.98148,5128.4507,5111.98148,5125.38938,16469
2026-03-09 20:30:00,5125.4248,5133.80454,5106.8241,5106.8241,26980
2026-03-09 20:45:00,5106.76496,5110.91918,5098.98217,5104.37229,11937
2026-03-09 21:00:00,5104.64236,5110.68197,5103.30935,5108.89723,7372
2026-03-09 21:15:00,5108.7762,5109.34441,5100.9019,5100.9019,8442
2026-03-09 21:30:00,5100.18915,5100.86366,5090.37354,5095.12461,10490
2026-03-09 21:45:00,5095.12701,5095.12701,5087.37477,5090.625,7752
2026-03-09 22:00:00,5090.47116,5096.53098,5090.47116,5092.9643,6059
2026-03-09 22:15:00,5092.99842,5093.002,5080.17194,5082.90431,12830
2026-03-09 22:30:00,5082.11257,5091.61374,5081.01249,5085.47021,10601
2026-03-09 22:45:00,5085.32472,5092.61896,5085.32472,5089.3973,7294
2026-03-09 23:00:00,5089.30828,5099.18698,5089.30828,5097.37456,9878
2026-03-09 23:15:00,5097.52346,5109.20471,5094.52023,5109.16298,14684
2026-03-09 23:30:00,5109.23986,5111.5297,5103.31483,5106.28202,8214
2026-03-09 23:45:00,5106.2059,5106.39276,5094.68397,5095.67267,11708
2026-03-10 00:00:00,5095.49431,5099.47741,5091.29839,5093.26913,8179
2026-03-10 00:15:00,5093.27476,5097.74865,5086.53626,5092.27238,11212
2026-03-10 00:30:00,5091.86145,5111.36747,5080.29997,5080.29997,31067
2026-03-10 00:45:00,5079.81979,5085.64546,5069.69881,5073.45454,15946
2026-03-10 01:00:00,5073.50343,5086.11411,5070.79073,5073.53142,15323
2026-03-10 01:15:00,5074.58241,5079.77318,5060.43894,5078.08766,19334
2026-03-10 01:30:00,5077.22345,5097.67965,5077.22345,5093.94121,20456
2026-03-10 01:45:00,5094.04834,5113.40364,5091.94463,5091.94463,21459
2026-03-10 02:00:00,5091.80447,5096.1075,5082.22448,5084.45578,13883
2026-03-10 02:15:00,5084.28032,5094.11382,5080.85866,5094.11382,13255
2026-03-10 02:30:00,5094.1176,5102.54131,5094.1176,5095.35207,8423
2026-03-10 02:45:00,5095.70864,5100.97155,5094.6525,5100.92943,6319
2026-03-10 03:00:00,5101.10546,5108.51116,5096.92349,5105.21748,11587
2026-03-10 03:15:00,5105.24907,5105.26304,5095.41456,5103.65361,9848
2026-03-10 03:30:00,5103.67154,5110.14382,5103.63548,5107.97088,6508
2026-03-10 03:45:00,5107.94108,5108.03618,5103.68604,5105.30443,4350
2026-03-10 04:00:00,5105.25686,5105.65506,5098.80612,5099.33204,6848
2026-03-10 04:15:00,5099.4645,5100.9017,5092.89142,5095.40945,8010
2026-03-10 04:30:00,5095.323,5097.50919,5089.07599,5091.5398,8433
2026-03-10 04:45:00,5091.62412,5099.75718,5091.53342,5097.18622,8223
2026-03-10 05:00:00,5097.12786,5099.15076,5092.68072,5097.36049,6470
2026-03-10 05:15:00,5097.35282,5106.9866,5097.35282,5105.76465,9633
2026-03-10 05:30:00,5105.86451,5121.16383,5104.27673,5118.65548,16887
2026-03-10 05:45:00,5118.56433,5125.635,5116.45513,5124.22686,9179
2026-03-10 06:00:00,5124.04761,5129.8433,5119.96733,5123.02667,9875
2026-03-10 06:15:00,5122.9388,5142.25135,5120.55995,5138.50127,21691
2026-03-10 06:30:00,5138.31851,5139.84418,5127.18031,5135.02173,12663
2026-03-10 06:45:00,5135.06876,5142.17754,5130.18688,5142.17754,11990
2026-03-10 07:00:00,5141.93524,5149.39028,5140.1199,5140.70234,9270
2026-03-10 07:15:00,5140.41623,5140.66379,5136.10679,5137.55035,4556
2026-03-10 07:30:00,5137.64689,5138.86848,5136.04506,5137.90292,2823
2026-03-10 07:45:00,5137.90266,5140.94618,5135.67938,5138.19107,5266
2026-03-10 08:00:00,5138.04418,5139.92718,5136.18377,5137.11109,3743
2026-03-10 08:15:00,5136.99758,5137.21614,5136.86057,5137.01808,355
2026-03-10 08:30:00,5136.98174,5137.29978,5136.9378,5136.96277,361
2026-03-10 08:45:00,5137.00038,5137.38162,5136.91564,5137.05656,465
2026-03-10 09:00:00,5139.06538,5158.55151,5127.46576,5131.9245,31085
2026-03-10 09:15:00,5132.18472,5135.59937,5122.45155,5132.55112,13147
2026-03-10 09:30:00,5132.30839,5139.20297,5129.81037,5137.38253,9392
2026-03-10 09:45:00,5136.92675,5154.36066,5136.92675,5150.62038,17433
2026-03-10 10:00:00,5151.11944,5156.85521,5139.8336,5147.17218,17021
2026-03-10 10:15:00,5146.84123,5153.7414,5141.37918,5144.09155,12362
2026-03-10 10:30:00,5144.2712,5148.75347,5141.33789,5141.33789,7415
2026-03-10 10:45:00,5141.67691,5142.80987,5137.80637,5140.15766,5003
2026-03-10 11:00:00,5140.28599,5140.28599,5132.09971,5138.03334,8186
2026-03-10 11:15:00,5137.60987,5138.02891,5129.62883,5130.90606,8400
2026-03-10 11:30:00,5130.94931,5136.55899,5125.67704,5136.55899,10881
2026-03-10 11:45:00,5136.44081,5138.46276,5129.68427,5130.32658,8778
2026-03-10 12:00:00,5130.15272,5150.8137,5128.31869,5141.03218,22495
2026-03-10 12:15:00,5140.46488,5162.40598,5140.46488,5159.38113,21941
2026-03-10 12:30:00,5159.05471,5167.88784,5153.73432,5166.17467,14153
2026-03-10 12:45:00,5166.12334,5185.061,5165.49157,5183.00703,19569
2026-03-10 13:00:00,5183.17369,5185.76971,5171.73844,5173.33411,14031
2026-03-10 13:15:00,5173.12159,5181.82976,5173.12159,5179.3711,8708
2026-03-10 13:30:00,5179.16889,5185.6441,5175.86379,5179.35155,9780
2026-03-10 13:45:00,5179.63589,5186.73473,5165.62216,5165.62216,21112
2026-03-10 14:00:00,5165.74005,5173.47079,5165.14486,5166.30147,8325
2026-03-10 14:15:00,5166.41341,5170.02872,5162.49461,5165.0547,7534
2026-03-10 14:30:00,5164.78083,5167.10198,5161.64341,5162.39158,5458
2026-03-10 14:45:00,5162.33824,5162.3871,5156.50458,5158.18534,5882
2026-03-10 15:00:00,5158.02822,5165.13149,5155.26987,5163.18062,9861
2026-03-10 15:15:00,5163.11776,5166.38483,5161.6592,5162.61906,4725
2026-03-10 15:30:00,5162.49279,5165.45858,5162.16851,5162.22285,3290
2026-03-10 15:45:00,5162.16972,5166.10022,5161.9899,5163.86854,4110
2026-03-10 16:00:00,5163.66505,5172.5599,5163.66505,5172.24289,8894
2026-03-10 16:15:00,5172.40477,5174.4658,5169.73748,5170.86847,4728
2026-03-10 16:30:00,5171.01715,5173.32955,5168.25176,5170.28507,5077
2026-03-10 16:45:00,5170.34742,5178.96082,5168.05604,5177.5671,10904
2026-03-10 17:00:00,5177.4094,5180.6948,5174.07981,5179.85022,6614
2026-03-10 17:15:00,5179.76706,5179.87259,5173.52296,5175.24641,6349
2026-03-10 17:30:00,5175.63434,5179.77371,5173.21349,5175.65997,6560
2026-03-10 17:45:00,5175.6824,5176.43067,5173.89102,5174.81033,2539
2026-03-10 18:00:00,5174.80326,5178.37518,5171.85753,5174.37525,6517
2026-03-10 18:15:00,5174.41585,5178.47809,5158.65193,5168.15151,19826
2026-03-10 18:30:00,5168.00888,5177.75515,5165.73,5177.65286,12025
2026-03-10 18:45:00,5177.67994,5179.71572,5176.27695,5179.32274,3438
2026-03-10 19:00:00,5179.63159,5184.70591,5176.26604,5182.97353,8439
2026-03-10 19:15:00,5182.78247,5182.98741,5177.14996,5179.95421,5837
2026-03-10 19:30:00,5180.25894,5193.02869,5179.96326,5191.22755,13065
2026-03-10 19:45:00,5191.13625,5193.4709,5184.25461,5184.708,9216
2026-03-10 20:00:00,5184.54315,5188.66612,5181.86089,5188.35132,6805
2026-03-10 20:15:00,5188.33558,5188.62723,5181.92818,5186.05396,6699
2026-03-10 20:30:00,5185.98948,5189.46692,5182.50883,5186.51349,6958
2026-03-10 20:45:00,5186.42908,5188.55898,5183.94853,5184.51244,4610
2026-03-10 21:00:00,5184.11171,5184.48724,5178.08136,5182.56353,6405
2026-03-10 21:15:00,5182.28365,5182.52932,5175.24723,5175.24723,7282
2026-03-10 21:30:00,5175.05319,5175.25799,5157.29102,5167.61997,17966
2026-03-10 21:45:00,5167.54294,5177.16051,5167.54294,5177.09791,9617
2026-03-10 22:00:00,5177.10974,5190.88243,5177.10974,5190.56349,13772
2026-03-10 22:15:00,5190.58234,5190.66652,5179.59969,5181.76915,11066
2026-03-10 22:30:00,5181.56815,5183.94131,5176.71936,5176.91358,7221
2026-03-10 22:45:00,5177.37656,5180.11768,5171.45385,5174.13435,8663
2026-03-10 23:00:00,5174.02072,5175.87422,5163.9106,5169.32925,11963
2026-03-10 23:15:00,5169.23339,5179.3965,5167.5898,5178.23729,11806
2026-03-10 23:30:00,5178.33488,5182.61636,5178.20363,5181.72148,4412
2026-03-10 23:45:00,5181.64269,5189.98785,5180.82336,5183.9191,9164
2026-03-11 00:00:00,5183.83452,5201.86169,5183.83452,5199.92219,18027
2026-03-11 00:15:00,5200.0948,5228.44166,5199.89538,5226.66557,28546
2026-03-11 00:30:00,5226.38955,5226.64721,5205.51115,5212.3093,21136
2026-03-11 00:45:00,5212.00496,5213.81429,5192.66106,5213.81429,21153
2026-03-11 01:00:00,5213.84268,5214.25506,5189.34309,5189.34309,24911
2026-03-11 01:15:00,5189.19882,5212.46279,5189.19882,5210.16195,23263
2026-03-11 01:30:00,5210.04539,5211.61012,5203.80289,5206.55335,7807
2026-03-11 01:45:00,5206.35809,5211.5853,5206.35809,5210.44396,5227
2026-03-11 02:00:00,5210.29196,5224.88347,5206.85312,5224.88347,18030
2026-03-11 02:15:00,5225.049,5228.67872,5222.23267,5224.69765,6446
2026-03-11 02:30:00,5224.70916,5236.18505,5224.70916,5234.18115,11475
2026-03-11 02:45:00,5234.45712,5237.80436,5227.49204,5228.67579,10312
2026-03-11 03:00:00,5228.58812,5228.98233,5222.92223,5224.60584,6060
2026-03-11 03:15:00,5224.53601,5235.56003,5223.88557,5232.4246,11674
2026-03-11 03:30:00,5232.32865,5234.10234,5228.191,5229.12728,5911
2026-03-11 03:45:00,5229.07892,5231.74635,5226.04655,5227.49477,5699
2026-03-11 04:00:00,5227.63133,5235.06144,5227.45611,5234.03688,7605
2026-03-11 04:15:00,5233.91718,5234.01042,5224.98148,5232.80555,9028
2026-03-11 04:30:00,5232.62876,5233.68553,5228.08984,5228.48549,5595
2026-03-11 04:45:00,5228.4727,5232.30101,5227.74444,5228.50718,4556
2026-03-11 05:00:00,5228.8561,5228.8561,5219.2407,5224.84875,9615
2026-03-11 05:15:00,5226.3573,5226.3573,5171.62924,5202.88997,54728
2026-03-11 05:30:00,5202.76902,5204.24293,5190.2783,5196.80998,13964
2026-03-11 05:45:00,5196.76795,5205.34639,5193.35804,5193.35804,11988
2026-03-11 06:00:00,5193.83978,5198.27173,5185.70079,5197.61466,12570
2026-03-11 06:15:00,5197.38661,5207.48313,5197.38661,5202.38372,10096
2026-03-11 06:30:00,5201.91093,5202.34596,5181.58401,5188.29314,20761
2026-03-11 06:45:00,5188.21843,5197.99865,5188.21843,5197.99865,9780
2026-03-11 07:00:00,5198.01685,5198.50838,5194.38443,5198.08995,4123
2026-03-11 07:15:00,5198.11914,5198.23599,5192.47635,5196.39003,5759
2026-03-11 07:30:00,5196.13283,5197.57536,5193.68246,5197.23289,3892
2026-03-11 07:45:00,5197.31689,5199.49506,5191.58411,5192.27976,7910
2026-03-11 08:00:00,5192.13145,5193.37153,5191.58784,5193.0311,1783
2026-03-11 08:15:00,5192.89686,5193.26667,5192.89686,5193.12384,369
2026-03-11 08:30:00,5193.03848,5193.31898,5192.82305,5192.96198,495
2026-03-11 08:45:00,5192.98322,5193.19421,5192.85722,5192.93336,336
2026-03-11 09:00:00,5192.82553,5193.68356,5183.49359,5189.88769,10189
2026-03-11 09:15:00,5189.88922,5197.60712,5189.79254,5192.03113,7814
2026-03-11 09:30:00,5191.90274,5195.60001,5188.54496,5193.02452,7055
2026-03-11 09:45:00,5193.20345,5194.99497,5186.08324,5188.98119,8911
2026-03-11 10:00:00,5188.81158,5196.62862,5188.81158,5192.07215,7817
2026-03-11 10:15:00,5191.64029,5196.21129,5188.31919,5193.41126,7892
2026-03-11 10:30:00,5193.32025,5195.59526,5191.79095,5192.24681,3804
2026-03-11 10:45:00,5192.39969,5197.20698,5188.99142,5196.7989,8215
2026-03-11 11:00:00,5196.80909,5198.22913,5186.63268,5191.72795,11596
2026-03-11 11:15:00,5191.2582,5214.46383,5191.2582,5214.15451,23205
2026-03-11 11:30:00,5214.43893,5214.43893,5206.15912,5208.89005,8279
2026-03-11 11:45:00,5209.64796,5218.41032,5208.50042,5217.05966,9909
2026-03-11 12:00:00,5217.10405,5223.2619,5213.37783,5216.52132,9884
2026-03-11 12:15:00,5216.3049,5221.39476,5213.26831,5216.13368,8126
2026-03-11 12:30:00,5216.12325,5218.6604,5211.39966,5213.67314,7260
2026-03-11 12:45:00,5213.20473,5217.10097,5209.37892,5210.35738,7722
2026-03-11 13:00:00,5210.59004,5210.59004,5195.9874,5200.15652,14602
2026-03-11 13:15:00,5200.01307,5206.06721,5200.01307,5204.63914,6054
2026-03-11 13:30:00,5204.55169,5209.16451,5203.11437,5208.90914,6050
2026-03-11 13:45:00,5208.8862,5221.77048,5208.55627,5216.74062,13214
2026-03-11 14:00:00,5216.92339,5220.4143,5212.62455,5214.1212,7789
2026-03-11 14:15:00,5214.09309,5214.40091,5206.33968,5206.33968,8061
2026-03-11 14:30:00,5206.48394,5209.34211,5203.85094,5207.69869,5491
2026-03-11 14:45:00,5207.76406,5208.23634,5199.47549,5203.40712,8760
2026-03-11 15:00:00,5203.32107,5205.14754,5200.62134,5205.14754,4526
2026-03-11 15:15:00,5205.17385,5208.24078,5203.73445,5207.93631,4506
2026-03-11 15:30:00,5207.88597,5208.21099,5205.4176,5206.78203,2793
2026-03-11 15:45:00,5206.87584,5206.87584,5201.6725,5204.87046,5203
2026-03-11 16:00:00,5204.76722,5209.33025,5204.33489,5204.84774,4995
2026-03-11 16:15:00,5204.73775,5205.83198,5199.24181,5201.25946,6590
2026-03-11 16:30:00,5200.38288,5204.56626,5193.98172,5199.98711,10584
2026-03-11 16:45:00,5199.89886,5200.94315,5196.09461,5199.69745,4848
2026-03-11 17:00:00,5199.60279,5210.12923,5196.58961,5209.51471,13539
2026-03-11 17:15:00,5209.44973,5210.02115,5203.91082,5206.99007,6110
2026-03-11 17:30:00,5207.00536,5207.1071,5193.81962,5194.82894,13287
2026-03-11 17:45:00,5194.885,5199.7117,5193.48106,5198.6529,6230
2026-03-11 18:00:00,5198.91368,5202.60508,5194.88711,5198.17641,7717
2026-03-11 18:15:00,5198.2984,5199.88905,5196.04413,5197.17347,3844
2026-03-11 18:30:00,5197.23367,5197.87972,5185.61698,5191.03192,12262
2026-03-11 18:45:00,5191.04992,5197.49298,5191.04992,5195.05454,6443
2026-03-11 19:00:00,5195.09948,5197.81934,5186.2291,5197.81934,11590
2026-03-11 19:15:00,5197.78689,5197.89766,5183.4522,5185.38011,14445
2026-03-11 19:30:00,5185.22354,5186.45368,5180.67599,5185.59265,5777
2026-03-11 19:45:00,5185.7273,5188.15427,5181.06828,5187.66095,7085
2026-03-11 20:00:00,5187.65968,5189.36481,5181.51115,5187.22451,7853
2026-03-11 20:15:00,5187.13672,5189.03871,5185.11249,5187.78221,3926
2026-03-11 20:30:00,5187.68644,5196.64742,5187.68644,5193.08742,8960
2026-03-11 20:45:00,5193.09039,5194.23783,5187.78019,5188.35176,6457
2026-03-11 21:00:00,5188.2814,5194.05882,5187.46074,5193.84158,6598
2026-03-11 21:15:00,5193.91104,5194.35719,5190.24781,5191.63609,4109
2026-03-11 21:30:00,5191.97063,5191.97063,5179.0189,5179.08337,12951
2026-03-11 21:45:00,5179.06798,5190.60218,5179.06798,5186.96238,11534
2026-03-11 22:00:00,5186.93877,5192.65011,5185.40888,5186.8636,7241
2026-03-11 22:15:00,5186.90642,5189.78338,5179.90988,5181.90138,9873
2026-03-11 22:30:00,5181.87715,5189.97495,5180.78576,5186.98649,9189
2026-03-11 22:45:00,5186.40105,5187.41427,5179.19519,5180.16232,8219
2026-03-11 23:00:00,5180.09988,5193.0402,5179.50199,5192.14174,13538
2026-03-11 23:15:00,5192.08891,5195.18839,5188.86552,5190.76088,6322
2026-03-11 23:30:00,5190.74948,5191.99216,5176.04311,5180.01072,15949
2026-03-11 23:45:00,5180.03163,5180.34813,5171.66529,5173.08809,8682
2026-03-12 00:00:00,5172.95226,5181.11858,5163.86897,5180.7551,17249
2026-03-12 00:15:00,5180.80608,5184.48242,5175.922,5178.85241,8560
2026-03-12 00:30:00,5178.84119,5179.81603,5168.55071,5173.24567,11265
2026-03-12 00:45:00,5172.97218,5173.23528,5158.04347,5172.00788,15191
2026-03-12 01:00:00,5171.93087,5189.68185,5171.93087,5182.12096,17750
2026-03-12 01:15:00,5181.42831,5190.59508,5181.42831,5187.64131,9166
2026-03-12 01:30:00,5187.68352,5195.14913,5182.56317,5184.61515,12585
2026-03-12 01:45:00,5184.53951,5193.46659,5176.59673,5189.34724,16869
2026-03-12 02:00:00,5189.36893,5190.69488,5176.88016,5177.49155,13814
2026-03-12 02:15:00,5177.3821,5180.1927,5169.84682,5177.94177,10345
2026-03-12 02:30:00,5177.90395,5179.12582,5166.11552,5169.45394,13010
2026-03-12 02:45:00,5169.35425,5174.60325,5167.46095,5170.76361,7142
2026-03-12 03:00:00,5170.73869,5170.91269,5164.97333,5168.36076,5939
2026-03-12 03:15:00,5168.57886,5172.60064,5165.68379,5167.51948,6916
2026-03-12 03:30:00,5167.43294,5176.96304,5166.88761,5174.40971,10075
2026-03-12 03:45:00,5174.36253,5176.98094,5170.68855,5176.04349,6292
2026-03-12 04:00:00,5175.93877,5180.23423,5175.18644,5175.52631,5047
2026-03-12 04:15:00,5175.72578,5177.77335,5169.7633,5172.12678,8010
2026-03-12 04:30:00,5172.02018,5172.23396,5158.72477,5160.50217,13509
2026-03-12 04:45:00,5160.38465,5170.00781,5160.38465,5169.39719,9623
2026-03-12 05:00:00,5169.35559,5174.70439,5169.35559,5172.16521,5348
2026-03-12 05:15:00,5172.11856,5178.1098,5172.11856,5178.1098,5991
2026-03-12 05:30:00,5178.02025,5178.24117,5176.82298,5177.67692,1418
2026-03-12 05:45:00,5177.54446,5177.94292,5171.1212,5172.50087,6821
2026-03-12 06:00:00,5172.4678,5173.91818,5170.27741,5172.67923,3640
2026-03-12 06:15:00,5172.65729,5177.10277,5172.24953,5177.09925,4853
2026-03-12 06:30:00,5177.0396,5179.54132,5177.0396,5179.54132,2501
2026-03-12 06:45:00,5179.41625,5183.864,5177.39153,5183.31222,6472
2026-03-12 07:00:00,5183.22388,5183.36366,5177.49012,5178.50482,5873
2026-03-12 07:15:00,5178.24044,5179.1681,5174.96801,5177.86122,4200
2026-03-12 07:30:00,5177.7659,5177.95418,5176.02399,5176.72916,1930
2026-03-12 07:45:00,5176.5318,5178.91822,5175.46302,5176.2569,3455
2026-03-12 08:00:00,5176.11875,5177.21875,5176.11875,5177.07007,1100
2026-03-12 08:15:00,5177.05723,5177.32324,5176.93259,5177.17926,390
2026-03-12 08:30:00,5177.19674,5177.43632,5176.98453,5177.34891,451
2026-03-12 08:45:00,5177.244,5177.57407,5176.90541,5177.36814,668
2026-03-12 09:00:00,5177.67348,5183.76903,5170.70778,5175.72362,13061
2026-03-12 09:15:00,5175.63809,5177.24928,5166.59003,5167.70329,10659
2026-03-12 09:30:00,5167.98411,5171.75533,5158.14982,5158.14982,13605
2026-03-12 09:45:00,5158.74967,5168.04776,5133.22512,5139.82236,34822
2026-03-12 10:00:00,5139.86805,5153.18497,5139.85164,5152.82349,13333
2026-03-12 10:15:00,5152.81183,5156.90907,5151.53776,5156.51833,5371
2026-03-12 10:30:00,5156.44115,5156.53385,5145.93377,5150.49328,10600
2026-03-12 10:45:00,5151.10922,5151.10922,5133.77936,5135.13191,17329
2026-03-12 11:00:00,5135.72582,5140.63893,5125.12604,5140.63893,15512
2026-03-12 11:15:00,5140.69517,5157.47059,5140.60894,5156.02006,16861
2026-03-12 11:30:00,5155.72649,5160.99489,5152.45602,5154.87113,8538
2026-03-12 11:45:00,5154.87091,5155.571,5152.13907,5153.51232,3431
2026-03-12 12:00:00,5153.32617,5166.36415,5153.32617,5157.76978,13037
2026-03-12 12:15:00,5157.90013,5160.94262,5154.16818,5156.20212,6774
2026-03-12 12:30:00,5156.47579,5168.89454,5155.52218,5168.89454,13372
2026-03-12 12:45:00,5168.90722,5171.97678,5165.82134,5168.28792,6155
2026-03-12 13:00:00,5168.26555,5174.46533,5168.20196,5173.48446,6263
2026-03-12 13:15:00,5173.46953,5175.50881,5168.22956,5168.22956,7279
2026-03-12 13:30:00,5168.12904,5171.22277,5154.95013,5157.2485,16272
2026-03-12 13:45:00,5157.10689,5157.2385,5146.08043,5151.76435,11158
2026-03-12 14:00:00,5151.48712,5155.41687,5149.83336,5153.31033,5583
2026-03-12 14:15:00,5153.33057,5153.74926,5146.97409,5151.58695,6775
2026-03-12 14:30:00,5151.66548,5153.28401,5148.32266,5152.86372,4961
2026-03-12 14:45:00,5152.91316,5154.35877,5151.89593,5153.19304,2462
2026-03-12 15:00:00,5153.16456,5153.29956,5150.58822,5153.02153,2711
2026-03-12 15:15:00,5152.95758,5154.20032,5150.85983,5152.79648,3340
2026-03-12 15:30:00,5152.70955,5152.76098,5144.22689,5145.04157,8534
2026-03-12 15:45:00,5144.98536,5145.95183,5141.68072,5142.70398,4271
2026-03-12 16:00:00,5142.724,5148.54404,5142.63571,5146.17426,5908
2026-03-12 16:15:00,5146.18468,5148.41089,5138.11143,5143.04381,10299
2026-03-12 16:30:00,5142.98879,5155.49771,5142.95727,5153.38726,12540
2026-03-12 16:45:00,5153.09493,5158.569,5150.85774,5155.74685,7711
2026-03-12 17:00:00,5155.81806,5157.52319,5151.33224,5155.04235,6190
2026-03-12 17:15:00,5154.88849,5157.55861,5147.93259,5156.71534,9626
2026-03-12 17:30:00,5156.54339,5170.633,5156.54339,5168.99289,14089
2026-03-12 17:45:00,5168.938,5169.79999,5166.12584,5166.90423,3674
2026-03-12 18:00:00,5166.9923,5168.81557,5164.65473,5168.81557,4160
2026-03-12 18:15:00,5168.66115,5169.99691,5166.69602,5169.31884,3300
2026-03-12 18:30:00,5169.2325,5180.58641,5168.56351,5178.88356,12022
2026-03-12 18:45:00,5178.8589,5183.50698,5175.66579,5180.93707,7841
2026-03-12 19:00:00,5180.84795,5186.50469,5180.84795,5182.40992,5656
2026-03-12 19:15:00,5182.29897,5184.46346,5177.28526,5177.77413,7178
2026-03-12 19:30:00,5177.93813,5181.66378,5177.73733,5181.36613,3926
2026-03-12 19:45:00,5181.25165,5181.91461,5176.26032,5178.478,5654
2026-03-12 20:00:00,5178.24856,5180.65914,5176.42413,5176.52435,4235
2026-03-12 20:15:00,5176.48886,5180.8853,5174.42649,5180.00619,6458
2026-03-12 20:30:00,5179.93877,5186.31365,5179.93877,5184.27936,6374
2026-03-12 20:45:00,5184.28493,5189.79746,5182.11372,5189.21824,7683
2026-03-12 21:00:00,5189.26285,5191.16983,5185.66449,5187.47529,5505
2026-03-12 21:15:00,5187.34382,5187.4416,5181.80092,5181.9223,5640
2026-03-12 21:30:00,5181.77648,5182.56282,5178.28922,5182.4195,4273
2026-03-12 21:45:00,5182.42959,5183.8787,5179.30494,5182.2137,4573
2026-03-12 22:00:00,5182.27187,5183.1063,5179.18961,5179.18961,3916
2026-03-12 22:15:00,5179.38362,5179.93213,5174.40366,5177.40269,5528
2026-03-12 22:30:00,5177.41901,5179.88345,5176.19528,5178.82474,3688
2026-03-12 22:45:00,5178.88514,5180.52158,5177.05756,5179.52333,3464
2026-03-12 23:00:00,5179.44594,5179.63288,5168.43471,5170.59257,11198
2026-03-12 23:15:00,5170.11482,5172.16656,5165.69947,5172.16656,6467
2026-03-12 23:30:00,5172.06146,5175.08868,5169.89035,5173.05605,5198
2026-03-12 23:45:00,5172.67526,5184.55068,5172.67526,5180.49334,11875
2026-03-13 00:00:00,5180.3778,5185.61521,5179.61433,5182.6482,6000
2026-03-13 00:15:00,5182.42608,5182.61012,5166.5701,5172.18278,16040
2026-03-13 00:30:00,5172.07341,5172.48245,5158.33132,5159.27138,14151
2026-03-13 00:45:00,5159.42963,5160.03073,5146.84603,5150.8318,13184
2026-03-13 01:00:00,5150.82556,5162.4707,5150.77604,5156.4717,11694
2026-03-13 01:15:00,5156.41709,5161.20362,5151.14565,5153.89072,10057
2026-03-13 01:30:00,5153.8812,5154.39945,5139.54255,5142.10024,14856
2026-03-13 01:45:00,5142.00708,5153.88772,5140.21633,5140.74112,13671
2026-03-13 02:00:00,5140.73423,5144.4609,5127.82085,5129.21281,16640
2026-03-13 02:15:00,5128.65107,5131.69146,5116.75523,5129.88982,14936
2026-03-13 02:30:00,5129.78768,5131.89947,5117.56143,5126.81664,14338
2026-03-13 02:45:00,5126.91256,5136.05754,5125.60385,5130.51947,10453
2026-03-13 03:00:00,5130.41693,5134.21212,5123.17039,5123.17039,11041
2026-03-13 03:15:00,5123.16529,5139.1876,5123.16529,5133.5089,16022
2026-03-13 03:30:00,5133.40768,5135.27397,5124.73549,5135.27397,10538
2026-03-13 03:45:00,5135.31319,5136.97332,5123.43588,5123.43588,13537
2026-03-13 04:00:00,5123.14251,5129.27022,5122.09196,5122.16134,7178
2026-03-13 04:15:00,5122.07335,5122.48013,5115.4283,5119.09431,7051
2026-03-13 04:30:00,5118.89405,5119.06256,5107.49284,5110.32641,11569
2026-03-13 04:45:00,5110.19369,5112.26433,5104.28087,5104.29695,7983
2026-03-13 05:00:00,5104.05334,5111.88687,5104.05334,5106.36474,7833
2026-03-13 05:15:00,5106.60705,5110.35817,5099.47729,5104.11749,10880
2026-03-13 05:30:00,5104.07258,5104.20188,5099.02771,5099.0718,5174
2026-03-13 05:45:00,5098.84847,5100.90852,5091.47558,5096.70083,9432
2026-03-13 06:00:00,5097.33212,5097.33212,5085.14272,5085.14272,12189
2026-03-13 06:15:00,5085.20959,5094.83503,5081.35272,5094.83503,13482
2026-03-13 06:30:00,5094.62117,5096.6299,5091.11518,5091.38099,5514
2026-03-13 06:45:00,5091.38028,5095.8922,5082.41805,5083.42129,13474
2026-03-13 07:00:00,5083.57604,5090.0323,5083.42688,5086.65243,6605
2026-03-13 07:15:00,5086.51069,5089.23051,5074.56988,5075.80859,14660
2026-03-13 07:30:00,5075.29794,5075.82408,5058.12993,5071.7008,17694
2026-03-13 07:45:00,5071.99115,5080.42496,5071.39187,5079.16964,9033
2026-03-13 08:00:00,5079.20142,5080.06568,5078.98712,5080.06568,1078
2026-03-13 08:15:00,5079.95394,5080.4153,5079.89693,5080.32579,518
2026-03-13 08:30:00,5080.25549,5080.35516,5080.01861,5080.06345,336
2026-03-13 08:45:00,5080.085,5080.38882,5080.02536,5080.05276,363
2026-03-13 09:00:00,5079.80126,5086.9797,5076.15693,5080.3916,10822
2026-03-13 09:15:00,5080.49949,5094.78562,5080.39857,5093.04584,14387
2026-03-13 09:30:00,5093.10204,5093.14581,5085.614,5088.88949,7531
2026-03-13 09:45:00,5088.55818,5095.61455,5087.69656,5095.04972,7917
2026-03-13 10:00:00,5095.06753,5095.56967,5088.86268,5091.17295,6706
2026-03-13 10:15:00,5090.885,5099.03675,5090.885,5094.57708,8151
2026-03-13 10:30:00,5094.55217,5098.76579,5093.19311,5095.96552,5572
2026-03-13 10:45:00,5095.94707,5100.91875,5095.07853,5099.39292,5840
2026-03-13 11:00:00,5099.09052,5107.54903,5098.0565,5107.24142,9492
2026-03-13 11:15:00,5107.23166,5107.4686,5104.59931,5106.37827,2869
2026-03-13 11:30:00,5106.49585,5110.59691,5106.22957,5107.80386,4367
2026-03-13 11:45:00,5107.7188,5114.62065,5107.7188,5113.01238,6901
2026-03-13 12:00:00,5113.81812,5121.88801,5112.59945,5120.34386,9288
2026-03-13 12:15:00,5120.46216,5120.46216,5115.14466,5119.74287,5317
2026-03-13 12:30:00,5119.68599,5121.32986,5113.4382,5114.05046,7891
2026-03-13 12:45:00,5113.72287,5121.78651,5110.4263,5121.26772,11360
2026-03-13 13:00:00,5120.07816,5127.98504,5120.07816,5123.6616,7906
2026-03-13 13:15:00,5123.32632,5123.62333,5114.20036,5121.99751,9422
2026-03-13 13:30:00,5121.81789,5121.96196,5114.73419,5117.7655,7227
2026-03-13 13:45:00,5117.65611,5117.8115,5110.48281,5112.01339,7328
2026-03-13 14:00:00,5111.91493,5117.46413,5109.21343,5110.83406,8250
2026-03-13 14:15:00,5110.78415,5113.60255,5108.27052,5109.81257,5332
2026-03-13 14:30:00,5109.62038,5111.80242,5107.58929,5111.33082,4213
2026-03-13 14:45:00,5111.28197,5116.44776,5111.28197,5116.28337,5165
2026-03-13 15:00:00,5116.22301,5117.31723,5112.11829,5114.5668,5198
2026-03-13 15:15:00,5114.49404,5114.64396,5105.3469,5106.24944,9297
2026-03-13 15:30:00,5106.25914,5106.85778,5102.33351,5105.41956,4524
2026-03-13 15:45:00,5105.4336,5106.37048,5103.46333,5104.21328,2907
2026-03-13 16:00:00,5104.18201,5108.78645,5103.04644,5108.76245,5740
2026-03-13 16:15:00,5108.79446,5110.3481,5104.75987,5106.15626,5588
2026-03-13 16:30:00,5106.11828,5111.67385,5099.9518,5102.21741,11722
2026-03-13 16:45:00,5101.88805,5104.45563,5098.73211,5104.01603,5723
2026-03-13 17:00:00,5103.96809,5107.07222,5100.63035,5104.68645,6441
2026-03-13 17:15:00,5104.57835,5104.69468,5091.59917,5092.39036,13095
2026-03-13 17:30:00,5093.25713,5101.33877,5088.32072,5090.97179,13018
2026-03-13 17:45:00,5090.67807,5093.50638,5085.68602,5088.26019,7820
2026-03-13 18:00:00,5087.97248,5094.25111,5085.99737,5091.92513,8253
2026-03-13 18:15:00,5092.51915,5092.51915,5072.30721,5084.06263,20211
2026-03-13 18:30:00,5084.10413,5092.81453,5084.05056,5090.08743,8763
2026-03-13 18:45:00,5089.91304,5092.06877,5082.643,5084.81543,9425
2026-03-13 19:00:00,5084.84807,5084.87743,5066.73093,5076.74924,18146
2026-03-13 19:15:00,5076.70693,5078.31673,5059.76661,5070.2147,18550
2026-03-13 19:30:00,5070.35341,5083.72148,5070.16915,5077.41473,13552
2026-03-13 19:45:00,5077.3922,5088.6997,5077.26734,5087.48683,11432
2026-03-13 20:00:00,5087.46004,5095.97425,5087.34136,5094.44716,8632
2026-03-13 20:15:00,5094.0068,5094.42259,5085.5511,5089.0359,8871
2026-03-13 20:30:00,5089.37931,5094.15483,5081.52288,5085.13487,12631
2026-03-13 20:45:00,5085.09979,5093.99152,5085.09979,5090.14717,8891
2026-03-13 21:00:00,5089.98023,5092.28659,5085.65328,5092.28659,6633
2026-03-13 21:15:00,5092.37531,5096.46031,5090.79971,5092.04527,5660
2026-03-13 21:30:00,5092.74392,5092.74392,5082.14416,5087.46371,10599
2026-03-13 21:45:00,5087.43913,5097.00697,5085.7405,5095.178,11266
2026-03-13 22:00:00,5095.14683,5096.87257,5086.28089,5090.87319,10591
2026-03-13 22:15:00,5090.88767,5096.00557,5089.75873,5095.15209,6246
2026-03-13 22:30:00,5095.17457,5095.41279,5093.24259,5094.1182,2170
2026-03-13 22:45:00,5094.44384,5106.28999,5092.37541,5106.28999,13914
2026-03-13 23:00:00,5106.51081,5117.23093,5106.27798,5108.55541,10952
2026-03-13 23:15:00,5108.45378,5115.59736,5105.30363,5114.33479,10293
2026-03-13 23:30:00,5114.16643,5116.15007,5108.8044,5109.22145,7345
2026-03-13 23:45:00,5108.72542,5123.76336,5108.72542,5117.38999,15037
2026-03-14 00:00:00,5117.22761,5120.74362,5106.59474,5112.84561,14148
2026-03-14 00:15:00,5109.74173,5115.89663,5103.71707,5108.21079,12179
2026-03-14 00:30:00,5108.47308,5111.3367,5093.25249,5111.3367,18084
2026-03-14 00:45:00,5107.7558,5114.97457,5095.73386,5098.00094274,19240
2026-03-14 01:00:00,5098.034596,5106.92923,5089.22645,5089.34762,17702
2026-03-14 01:15:00,5089.14354,5092.90352,5079.030728,5090.43113,13872
2026-03-14 01:30:00,5089.15449,5090.0088058,5071.079718,5080.10299,18929
2026-03-14 01:45:00,5077.48381,5080.56858,5038.64836,5045.69349,41920
2026-03-14 02:00:00,5045.90494,5074.25493,5040.19017,5071.15755,34064
2026-03-14 02:15:00,5071.18562,5072.52273,5057.64439,5066.72971,14878
2026-03-14 02:30:00,5065.10125,5069.7752,5042.54738,5051.26874,27227
2026-03-14 02:45:00,5052.46724,5060.17154,5032.13873,5037.24535,28032
2026-03-14 03:00:00,5040.24159,5046.33219,5024.54769,5038.82226,21784
2026-03-14 03:15:00,5039.47882,5047.11902,5031.10807,5047.11902,16010
2026-03-14 03:30:00,5044.03009,5055.79141,5044.03009,5046.67137,11761
2026-03-14 03:45:00,5046.69652,5055.42842,5043.39499,5051.56007,12033
2026-03-14 04:00:00,5048.83893,5061.82107,5046.53114,5061.82107,15289
2026-03-14 04:15:00,5058.53804,5065.9441,5056.33056,5063.34088,9613
2026-03-14 04:30:00,5061.31239,5070.27427,5054.7641,5060.85641,15510
2026-03-14 04:45:00,5060.36086,5061.072528,5040.94592,5045.11154,20126
2026-03-14 05:00:00,5046.019227,5053.70976,5042.28659,5043.89621,11423
2026-03-14 05:15:00,5042.71978,5047.98592,5036.09891,5044.72915,11887
2026-03-14 05:30:00,5043.33303,5050.88616,5041.44252,5045.037443,9443
2026-03-14 05:45:00,5045.28224,5050.35149,5042.30009,5046.50241,8051
2026-03-14 06:00:00,5047.55141,5052.29214,5037.048345,5043.76246,15243
2026-03-14 06:15:00,5042.54713,5044.44413,5035.027869,5040.42129,9416
2026-03-14 06:30:00,5037.92425,5041.91543,5025.54517,5029.5942,16370
2026-03-14 06:45:00,5029.47118,5031.79617,5003.47363,5020.31894,28322
2026-03-14 07:00:00,5022.68373,5026.90062,5014.88852,5022.55162,12012
2026-03-14 07:15:00,5019.58613,5026.37574,5015.069411,5018.93079,11306
2026-03-14 07:30:00,5018.95225,5028.18267,5014.73052,5028.18267,13452
2026-03-14 07:45:00,5028.6784,5028.6784,5017.45553,5020.95025,11222
2026-03-14 08:00:00,5019.2765,5023.43513,5014.043724,5017.7383,9391
2026-03-14 08:15:00,5017.82904,5019.2555,5010.37858,5013.61583,8876
2026-03-14 08:30:00,5015.88025,5017.76794,5011.29389,5015.79518,6474
2026-03-14 08:45:00,5013.84973,5022.65545,5011.54239,5022.23379,11113
2026-03-14 09:00:00,5019.93262,5027.65298,5016.24565,5026.82945,11407
2026-03-14 09:15:00,5027.079753,5027.89651,5022.074012,5027.87419,5822
2026-03-14 09:30:00,5027.11274,5028.33165,5019.64077,5019.71847,8690
2026-03-14 09:45:00,5019.68973,5019.90704,5019.62365,5019.80139,283
2026-03-14 10:00:00,5019.68973,5019.90734,5019.62462,5019.74843,282
2026-03-14 10:15:00,5019.69225,5019.91087,5019.62935,5019.64859,281
2026-03-14 10:30:00,5019.68362,5019.90196,5019.61347,5019.68606,288
2026-03-14 10:45:00,5019.67702,5019.90514,5019.61509,5019.79778,290
2026-03-14 11:00:00,5019.69225,5019.90962,5019.61682,5019.75245,292
2026-03-14 11:15:00,5019.67723,5019.89674,5019.60939,5019.65978,287
2026-03-14 11:30:00,5019.68369,5019.89837,5019.60902,5019.66882,289
2026-03-14 11:45:00,5019.67717,5019.89828,5019.62136,5019.78687,276
2026-03-14 12:00:00,5019.69426,5019.90018,5019.61455,5019.76822,285
2026-03-14 12:15:00,5019.67696,5019.89998,5019.61163,5019.67072,288
2026-03-14 12:30:00,5019.6812,5019.91086,5019.61431,5019.67038,296
2026-03-14 12:45:00,5019.69165,5019.90435,5019.62413,5019.77197,280
2026-03-14 13:00:00,5019.69225,5019.9108,5019.62474,5019.795,286
2026-03-14 13:15:00,5019.69225,5019.90963,5019.62626,5019.69645,283
2026-03-14 13:30:00,5019.69225,5019.90979,5019.62463,5019.65029,285
2026-03-14 13:45:00,5019.68244,5019.89333,5019.61948,5019.75413,273
2026-03-14 14:00:00,5019.69225,5019.91081,5019.62412,5019.80264,286
2026-03-14 14:15:00,5019.69225,5019.90761,5019.62474,5019.7153,282
2026-03-14 14:30:00,5019.69225,5019.90979,5019.62626,5019.65523,283
2026-03-14 14:45:00,5019.69225,5019.90736,5019.62464,5019.7346,282
2026-03-14 15:00:00,5019.69225,5019.91086,5019.62412,5019.8052,286
2026-03-14 15:15:00,5019.69225,5019.91081,5019.62901,5019.73517,281
2026-03-14 15:30:00,5019.69225,5019.90964,5019.62473,5019.6553,284
2026-03-14 15:45:00,5019.69225,5019.8974,5019.61923,5019.70626,278
2026-03-14 16:00:00,5019.68429,5019.90737,5019.62464,5019.80249,282
2026-03-14 16:15:00,5019.69225,5019.91086,5019.62412,5019.75467,286
2026-03-14 16:30:00,5019.69225,5019.91081,5019.62902,5019.66059,281
2026-03-14 16:45:00,5019.69225,5019.90965,5019.62473,5019.69594,284
2026-03-14 17:00:00,5019.69225,5019.90977,5019.62645,5019.79471,283
2026-03-14 17:15:00,5019.69225,5019.91085,5019.62465,5019.7726,286
2026-03-14 17:30:00,5019.69225,5019.90428,5019.62412,5019.67073,280
2026-03-14 17:45:00,5019.69225,5019.91081,5019.62472,5019.67952,286
2026-03-14 18:00:00,5019.69225,5019.90447,5019.61861,5019.77736,285
2026-03-14 18:15:00,5019.68721,5019.90739,5019.62155,5019.78724,285
2026-03-14 18:30:00,5019.69225,5019.91085,5019.62925,5019.685,281
2026-03-14 18:45:00,5019.69225,5019.91082,5019.62412,5019.66661,286
2026-03-14 19:00:00,5019.69225,5019.90756,5019.62472,5019.76641,282
2026-03-14 19:15:00,5019.69225,5019.90976,5019.6263,5019.79802,283
2026-03-14 19:30:00,5019.69225,5019.9074,5019.62465,5019.70241,282
2026-03-14 19:45:00,5019.69225,5019.91085,5019.62412,5019.65813,286
2026-03-14 20:00:00,5019.69225,5019.90579,5019.62132,5019.73995,284
2026-03-14 20:15:00,5019.68431,5019.90967,5019.61986,5019.80405,289
2026-03-14 20:30:00,5019.69225,5019.90972,5019.62399,5019.72175,285
2026-03-14 20:45:00,5019.69225,5019.91085,5019.62466,5019.65467,286
2026-03-14 21:00:00,5019.69225,5019.90424,5019.62412,5019.72809,280
2026-03-14 21:15:00,5019.69225,5019.91082,5019.62471,5019.80489,286
2026-03-14 21:30:00,5019.69225,5019.90968,5019.62632,5019.74165,283
2026-03-14 21:45:00,5019.69225,5019.90975,5019.62641,5019.65647,283
2026-03-14 22:00:00,5019.69225,5019.91098,5019.62466,5019.7032,286
2026-03-14 22:15:00,5019.68721,5019.90181,5019.6192,5019.7979,282
2026-03-14 22:30:00,5019.68925,5019.90824,5019.6247,5019.76073,283
2026-03-14 22:45:00,5019.69225,5019.90969,5019.62633,5019.6634,283
2026-03-14 23:00:00,5019.69225,5019.90974,5019.62467,5019.69026,285
2026-03-14 23:15:00,5019.69225,5019.91084,5019.6292,5019.79115,281
2026-03-14 23:30:00,5019.69326,5019.90829,5019.61903,5019.77528,289
2026-03-14 23:45:00,5019.68973,5019.90507,5019.62221,5019.67259,282
2026-03-15 00:00:00,5019.68973,5019.90726,5019.62375,5019.67222,283
2026-03-15 00:15:00,5019.68973,5019.90485,5019.62212,5019.77486,282
2026-03-15 00:30:00,5019.68973,5019.90834,5019.6216,5019.78883,286
2026-03-15 00:45:00,5019.68973,5019.90829,5019.6265,5019.68804,281
2026-03-15 01:00:00,5019.68973,5019.90713,5019.62221,5019.66072,284
2026-03-15 01:15:00,5019.68973,5019.90725,5019.62393,5019.75789,283
2026-03-15 01:30:00,5019.68973,5019.90833,5019.62213,5019.79809,286
2026-03-15 01:45:00,5019.68973,5019.90176,5019.6216,5019.70624,280
2026-03-15 02:00:00,5019.68973,5019.9083,5019.6222,5019.65387,286
2026-03-15 02:15:00,5019.68973,5019.90714,5019.62377,5019.73878,283
2026-03-15 02:30:00,5019.68973,5019.90725,5019.62213,5019.8024,285
2026-03-15 02:45:00,5019.68973,5019.90833,5019.62673,5019.72592,281
2026-03-15 03:00:00,5019.68973,5019.9083,5019.6216,5019.65217,286
2026-03-15 03:15:00,5019.68973,5019.90504,5019.6222,5019.71888,282
2026-03-15 03:30:00,5019.68973,5019.90714,5019.62378,5019.80147,283
2026-03-15 03:45:00,5019.68973,5019.90724,5019.62213,5019.7457,285
2026-03-15 04:00:00,5019.68973,5019.90833,5019.62672,5019.65572,281
2026-03-15 04:15:00,5019.68973,5019.9083,5019.6216,5019.69957,286
2026-03-15 04:30:00,5019.68973,5019.90503,5019.62219,5019.79535,282
2026-03-15 04:45:00,5019.68973,5019.90723,5019.62379,5019.7642,283
2026-03-15 05:00:00,5019.68973,5019.90489,5019.62214,5019.66429,282
2026-03-15 05:15:00,5019.68973,5019.90833,5019.6216,5019.6822,286
2026-03-15 05:30:00,5019.68973,5019.9083,5019.62656,5019.78449,281
2026-03-15 05:45:00,5019.68973,5019.90716,5019.62219,5019.78013,284
2026-03-15 06:00:00,5019.68973,5019.90723,5019.62389,5019.67726,283
2026-03-15 06:15:00,5019.68973,5019.90833,5019.62214,5019.66799,286
2026-03-15 06:30:00,5019.68973,5019.9017,5019.6216,5019.76963,280
2026-03-15 06:45:00,5019.68973,5019.9083,5019.62218,5019.79237,286
2026-03-15 07:00:00,5019.68973,5019.90717,5019.62381,5019.69374,283
2026-03-15 07:15:00,5019.68973,5019.90722,5019.62215,5019.65794,285
2026-03-15 07:30:00,5019.68973,5019.90832,5019.62668,5019.75182,281
2026-03-15 07:45:00,5019.68973,5019.90831,5019.6216,5019.80006,286
2026-03-15 08:00:00,5019.68973,5019.90499,5019.62218,5019.71257,282
2026-03-15 08:15:00,5019.68973,5019.90721,5019.62382,5019.65274,283
2026-03-15 08:30:00,5019.68973,5019.90493,5019.62215,5019.7323,282
2026-03-15 08:45:00,5019.68973,5019.90832,5019.6216,5019.80268,286
2026-03-15 09:00:00,5019.68973,5019.90831,5019.6266,5019.73243,281
2026-03-15 09:15:00,5019.68973,5019.90718,5019.62218,5019.65275,284
2026-03-15 09:30:00,5019.68973,5019.90721,5019.62383,5019.71244,283
2026-03-15 09:45:00,5019.68973,5019.91032,5019.61458,5019.80003,295
2026-03-15 10:00:00,5019.68973,5019.91562,5019.6216,5019.75195,294
2026-03-15 10:15:00,5019.68973,5019.90831,5019.62661,5019.65799,281
2026-03-15 10:30:00,5019.68973,5019.90719,5019.62217,5019.69362,285
2026-03-15 10:45:00,5019.68973,5019.9072,5019.62385,5019.7923,283
2026-03-15 11:00:00,5019.68973,5019.90832,5019.62216,5019.76974,286
2026-03-15 11:15:00,5019.68973,5019.90164,5019.6216,5019.66808,280
2026-03-15 11:30:00,5019.68973,5019.90831,5019.62217,5019.67716,286
2026-03-15 11:45:00,5019.68973,5019.90719,5019.62384,5019.78003,283
2026-03-15 12:00:00,5019.68973,5019.90719,5019.62217,5019.78458,285
2026-03-15 12:15:00,5019.68973,5019.90831,5019.62662,5019.68231,281
2026-03-15 12:30:00,5019.68973,5019.90832,5019.6216,5019.66421,286
2026-03-15 12:45:00,5019.68973,5019.90495,5019.62216,5019.76409,282
2026-03-15 13:00:00,5019.68973,5019.9072,5019.62383,5019.79541,283
2026-03-15 13:15:00,5019.68973,5019.90497,5019.62217,5019.69969,282
2026-03-15 13:30:00,5019.68973,5019.90831,5019.6216,5019.65568,286
2026-03-15 13:45:00,5019.68973,5019.90832,5019.62665,5019.74557,281
2026-03-15 14:00:00,5019.68973,5019.90721,5019.62216,5019.80149,285
2026-03-15 14:15:00,5019.68973,5019.90718,5019.62383,5019.71901,283
2026-03-15 14:30:00,5019.68973,5019.90831,5019.62218,5019.65216,286
2026-03-15 14:45:00,5019.68973,5019.90167,5019.6216,5019.72579,280
2026-03-15 15:00:00,5019.68973,5019.90832,5019.62215,5019.80239,286
2026-03-15 15:15:00,5019.68973,5019.90721,5019.62387,5019.73891,283
2026-03-15 15:30:00,5019.68973,5019.90717,5019.62382,5019.6539,283
2026-03-15 15:45:00,5019.68973,5019.90831,5019.62218,5019.70611,286
2026-03-15 16:00:00,5019.68973,5019.90169,5019.6216,5019.79804,280
2026-03-15 16:15:00,5019.68973,5019.90832,5019.62215,5019.75801,286
2026-03-15 16:30:00,5019.68973,5019.90722,5019.62388,5019.66078,283
2026-03-15 16:45:00,5019.68973,5019.90716,5019.62219,5019.68793,284
2026-03-15 17:00:00,5019.68973,5019.9083,5019.62657,5019.78876,281
2026-03-15 17:15:00,5019.68973,5019.90833,5019.6216,5019.77497,286
2026-03-15 17:30:00,5019.68973,5019.9049,5019.62214,5019.67231,282
2026-03-15 17:45:00,5019.68973,5019.90723,5019.6238,5019.6725,283
2026-03-15 18:00:00,5019.68973,5019.90502,5019.62219,5019.77518,282
2026-03-15 18:15:00,5019.68973,5019.9083,5019.6216,5019.7886,286
2026-03-15 18:30:00,5019.68973,5019.90833,5019.62671,5019.68769,281
2026-03-15 18:45:00,5019.68973,5019.90723,5019.62214,5019.66091,285
2026-03-15 19:00:00,5019.68973,5019.90715,5019.62379,5019.75826,283
2026-03-15 19:15:00,5019.68973,5019.9083,5019.62219,5019.79795,286
2026-03-15 19:30:00,5019.68973,5019.90173,5019.6216,5019.70585,280
2026-03-15 19:45:00,5019.68973,5019.90833,5019.62213,5019.65396,286
2026-03-15 20:00:00,5019.68973,5019.90724,5019.62391,5019.73919,283
2026-03-15 20:15:00,5019.68973,5019.90714,5019.6222,5019.80236,284
2026-03-15 20:30:00,5019.68973,5019.9083,5019.62653,5019.72551,281
2026-03-15 20:45:00,5019.68973,5019.90833,5019.6216,5019.65215,286
2026-03-15 21:00:00,5019.68973,5019.90487,5019.62213,5019.71928,282
2026-03-15 21:15:00,5019.68973,5019.90725,5019.62377,5019.80154,283
2026-03-15 21:30:00,5019.68973,5019.90714,5019.6222,5019.7453,284
2026-03-15 21:45:00,5019.68973,5019.90829,5019.62651,5019.6556,281
2026-03-15 22:00:00,5019.68973,5019.90833,5019.6216,5019.69995,286
2026-03-15 22:15:00,5019.68973,5019.90486,5019.62213,5019.79553,282
2026-03-15 22:30:00,5019.68973,5019.90725,5019.62376,5019.76384,283
2026-03-15 22:45:00,5019.68973,5019.90506,5019.62221,5019.66406,282
2026-03-15 23:00:00,5019.68973,5019.90829,5019.6216,5019.68253,286
2026-03-15 23:15:00,5019.68973,5019.90834,5019.62676,5019.78476,281
2026-03-15 23:30:00,5019.68973,5019.90726,5019.62212,5019.77983,285
2026-03-15 23:45:00,5019.68973,5019.90712,5019.62375,5019.67696,283
2026-03-16 00:00:00,5019.68973,5019.90829,5019.62221,5019.66825,286
2026-03-16 00:15:00,5019.68973,5019.9018,5019.62161,5019.76997,280
2026-03-16 00:30:00,5019.68973,5019.90834,5019.62212,5019.79216,286
2026-03-16 00:45:00,5019.68973,5019.90727,5019.62395,5019.69337,283
2026-03-16 01:00:00,5019.68973,5019.90712,5019.62222,5019.6581,284
2026-03-16 01:15:00,5019.68973,5019.90829,5019.62647,5019.75221,281
2026-03-16 01:30:00,5019.68973,5019.90834,5019.62161,5019.79995,286
2026-03-16 01:45:00,5019.68973,5019.90482,5019.62211,5019.71217,282
2026-03-16 02:00:00,5019.68973,5019.90727,5019.62374,5019.65279,283
2026-03-16 02:15:00,5019.68973,5019.9051,5019.62222,5019.73271,282
2026-03-16 02:30:00,5019.68973,5019.90828,5019.62161,5019.80268,286
2026-03-16 02:45:00,5019.68973,5019.90834,5019.6268,5019.73203,281
2026-03-16 03:00:00,5019.68973,5019.90728,5019.62211,5019.6527,285
2026-03-16 03:15:00,5019.68973,5019.9071,5019.62373,5019.71284,283
2026-03-16 03:30:00,5019.68973,5019.90511,5019.62223,5019.80013,282
2026-03-16 03:45:00,5019.68973,5019.90828,5019.62161,5019.75156,286
2026-03-16 04:00:00,5019.68973,5019.90834,5019.62682,5019.65783,281
2026-03-16 04:15:00,5019.68973,5019.90729,5019.6221,5019.69399,285
2026-03-16 04:30:00,5019.68973,5019.90709,5019.62372,5019.7925,283
2026-03-16 04:45:00,5019.68973,5019.90828,5019.62223,5019.7694,286
2026-03-16 05:00:00,5019.68973,5019.90186,5019.62161,5019.66782,280
2026-03-16 05:15:00,5019.68973,5019.90835,5019.6221,5019.67747,286
2026-03-16 05:30:00,5019.68973,5019.90729,5019.62398,5019.78032,283
2026-03-16 05:45:00,5019.68973,5019.90709,5019.62224,5019.78431,284
2026-03-16 06:00:00,5019.68973,5032.13817,5018.9006,5026.91188,13237
2026-03-16 06:15:00,5026.94948,5027.29895,5019.51714,5019.79629,7781
2026-03-16 06:30:00,5019.80076,5019.89991,5019.61964,5019.75639,280
2026-03-16 06:45:00,5019.68217,5019.8996,5019.61633,5019.79532,283
2026-03-16 07:00:00,5019.68973,5019.89987,5019.61462,5019.6948,285
2026-03-16 07:15:00,5019.68469,5019.89915,5019.58528,5019.62874,313
2026-03-16 07:30:00,5019.66576,5019.89836,5019.61882,5019.75156,279
2026-03-16 07:45:00,5019.69477,5020.03627,5019.51927,5019.79638,516
2026-03-16 08:00:00,5019.68434,5020.00527,5019.63053,5019.74331,374
2026-03-16 08:15:00,5019.71641,5019.91355,5019.62698,5019.65472,286
2026-03-16 08:30:00,5019.69225,5019.97728,5019.59506,5019.66703,382
2026-03-16 08:45:00,5019.63262,5019.90301,5019.24775,5019.56154,655
2026-03-16 09:00:00,5016.36983,5027.96979,5001.30247,5023.50774,26667
2026-03-16 09:15:00,5023.4115,5023.51543,5004.16463,5011.09434,19350
2026-03-16 09:30:00,5011.26884,5016.52756,5010.04454,5010.57911,6483
2026-03-16 09:45:00,5010.7461,5026.82832,5010.52666,5025.61706,16301
2026-03-16 10:00:00,5025.6468,5025.96322,5003.03464,5006.6753,22928
2026-03-16 10:15:00,5006.65666,5007.12588,4966.61001,4988.43828,40515
2026-03-16 10:30:00,4988.50078,4992.45596,4979.38902,4983.89535,13066
2026-03-16 10:45:00,4983.93077,4997.22557,4972.8547,4994.56651,24370
2026-03-16 11:00:00,4993.1961,5026.73433,4993.1961,5024.27522,33538
2026-03-16 11:15:00,5024.38297,5024.38297,5016.74248,5016.74248,7640
2026-03-16 11:30:00,5016.80536,5029.34599,5015.86018,5027.74026,13485
2026-03-16 11:45:00,5027.69977,5029.71881,5019.6003,5026.7119,10118
2026-03-16 12:00:00,5026.97795,5026.97795,4990.68396,4992.70321,36293
2026-03-16 12:15:00,4992.10519,5005.2308,4986.62424,4989.20416,18606
2026-03-16 12:30:00,4989.18054,5001.24101,4985.62786,5000.62213,15613
2026-03-16 12:45:00,5000.54307,5015.23559,5000.54307,5014.21087,14692
2026-03-16 13:00:00,5014.65222,5019.69712,5009.54245,5013.13792,10154
2026-03-16 13:15:00,5013.54458,5019.09902,5011.88096,5012.88011,7218
2026-03-16 13:30:00,5012.86053,5012.95279,5001.8752,5006.16514,11077
2026-03-16 13:45:00,5006.12765,5006.22305,4999.58283,5003.84048,6640
2026-03-16 14:00:00,5003.8567,5006.13857,5001.06981,5001.5414,5068
2026-03-16 14:15:00,5001.7965,5011.27257,4998.47552,5010.74489,12797
2026-03-16 14:30:00,5010.61195,5017.74269,5010.61195,5016.12557,7130
2026-03-16 14:45:00,5016.59222,5021.31709,5016.08729,5019.09049,5229
2026-03-16 15:00:00,5019.05363,5024.99392,5019.05363,5023.81133,5940
2026-03-16 15:15:00,5023.61058,5025.69416,5020.46253,5021.7418,5231
2026-03-16 15:30:00,5021.70648,5025.20807,5015.46481,5017.0631,9743
2026-03-16 15:45:00,5017.00398,5017.16522,5013.06807,5013.10399,4097
2026-03-16 16:00:00,5012.99635,5015.54361,5011.90382,5012.63427,3639
2026-03-16 16:15:00,5012.52621,5012.66975,5008.33812,5011.0051,4331
2026-03-16 16:30:00,5010.48238,5016.26356,5004.27036,5016.14176,11993
2026-03-16 16:45:00,5015.92077,5020.44938,5015.92077,5017.66514,4528
2026-03-16 17:00:00,5017.65016,5026.4121,5014.15036,5025.32373,12261
2026-03-16 17:15:00,5025.29092,5036.81037,5025.29092,5027.91927,11519
2026-03-16 17:30:00,5028.03169,5028.94117,5022.40439,5023.27428,6536
2026-03-16 17:45:00,5023.26916,5023.34078,5006.67777,5013.49378,16663
2026-03-16 18:00:00,5013.14437,5015.92811,5009.16779,5011.38575,6760
2026-03-16 18:15:00,5012.08072,5012.08072,4997.03707,5001.843,15043
2026-03-16 18:30:00,5001.98255,5007.41184,4993.62387,4993.62387,13787
2026-03-16 18:45:00,4993.96373,5001.30644,4993.53592,4994.70081,7770
2026-03-16 19:00:00,4994.23468,5000.42247,4990.30431,4990.30431,10118
2026-03-16 19:15:00,4990.41591,5002.78743,4989.3476,4998.6575,13439
2026-03-16 19:30:00,4998.22486,4998.6464,4985.53616,4987.21622,13110
2026-03-16 19:45:00,4987.18684,4997.16108,4987.18684,4991.15287,9974
2026-03-16 20:00:00,4991.01482,4991.25212,4983.05023,4985.64177,8201
2026-03-16 20:15:00,4985.62148,4989.57648,4984.07985,4988.82874,5496
2026-03-16 20:30:00,4988.79249,4990.28026,4982.50339,4983.43297,7776
2026-03-16 20:45:00,4983.27688,4984.84109,4972.27449,4975.72037,12566
2026-03-16 21:00:00,4975.4831,4978.9658,4971.0511,4978.30436,7914
2026-03-16 21:15:00,4978.34025,4991.01833,4978.30154,4989.00154,12716
2026-03-16 21:30:00,4989.08004,4989.08004,4980.47164,4983.88552,8608
2026-03-16 21:45:00,4983.54954,5000.22874,4983.54954,4998.94805,16679
2026-03-16 22:00:00,4998.97017,5005.89287,4996.09473,5002.95017,9798
2026-03-16 22:15:00,5002.86559,5021.78714,5002.86559,5019.2703,18921
2026-03-16 22:30:00,5019.16747,5019.31115,5015.06131,5015.07193,4249
2026-03-16 22:45:00,5015.18147,5016.54217,4994.18111,4996.94092,22361
2026-03-16 23:00:00,4996.85666,5005.03663,4996.39057,5005.03663,8646
2026-03-16 23:15:00,5004.90893,5023.54687,5003.94776,5023.54687,19599
2026-03-16 23:30:00,5023.28301,5023.95505,5018.03512,5022.38167,5919
2026-03-16 23:45:00,5022.27391,5022.34567,5014.54762,5020.15733,7798
2026-03-17 00:00:00,5020.03335,5022.53327,5015.36563,5020.99172,7167
2026-03-17 00:15:00,5021.60073,5031.09299,5020.35366,5020.35366,10739
2026-03-17 00:30:00,5020.37426,5033.90991,5020.37426,5032.08717,13535
2026-03-17 00:45:00,5032.05544,5032.16991,5023.37155,5028.98183,8798
2026-03-17 01:00:00,5028.75398,5035.8852,5028.75398,5029.5306,7131
2026-03-17 01:15:00,5029.83418,5029.83418,5015.96659,5016.46465,13867
2026-03-17 01:30:00,5016.74365,5016.74365,5001.38785,5001.38785,15355
2026-03-17 01:45:00,5001.42464,5002.83672,4993.13989,4996.07302,9696
2026-03-17 02:00:00,4995.59951,5002.48803,4991.2839,4996.42579,11204
2026-03-17 02:15:00,4996.76882,5004.59828,4990.31114,4990.31114,14287
2026-03-17 02:30:00,4990.67162,5003.9429,4990.12584,5000.59329,13817
2026-03-17 02:45:00,5000.01907,5000.58795,4983.55576,4986.11428,17032
2026-03-17 03:00:00,4986.00372,4998.12857,4986.00372,4997.22233,12124
2026-03-17 03:15:00,4997.1471,4997.81902,4979.35503,4979.74256,18463
2026-03-17 03:30:00,4979.697,4989.86399,4975.37054,4988.80456,14493
2026-03-17 03:45:00,4988.64304,4992.89288,4982.64123,4990.56074,10251
2026-03-17 04:00:00,4990.33484,5002.79234,4990.33484,5002.56292,12457
2026-03-17 04:15:00,5002.42949,5002.54581,4996.22131,4997.35702,6324
2026-03-17 04:30:00,4997.54218,4997.54218,4985.30038,4987.66209,12241
2026-03-17 04:45:00,4987.48764,4991.86518,4983.96638,4990.32881,7898
2026-03-17 05:00:00,4990.04334,5001.40538,4990.04334,4998.63971,11362
2026-03-17 05:15:00,4998.66253,5009.70789,4997.82604,5005.71297,11881
2026-03-17 05:30:00,5005.80192,5015.43747,5005.68124,5014.87588,9756
2026-03-17 05:45:00,5014.76023,5017.36813,5012.21715,5012.97024,5150
2026-03-17 06:00:00,5013.22347,5025.0575,5007.96635,5012.68585,17091
2026-03-17 06:15:00,5012.61052,5014.68682,5009.45387,5010.70229,5232
2026-03-17 06:30:00,5010.73873,5016.00782,5009.04076,5010.5702,6967
2026-03-17 06:45:00,5010.57941,5016.20898,5007.92412,5012.64443,8284
2026-03-17 07:00:00,5012.46151,5022.46755,5008.4416,5018.03261,14025
2026-03-17 07:15:00,5018.13909,5018.13909,5014.74349,5015.5483,3395
2026-03-17 07:30:00,5015.39074,5015.57398,5007.49892,5008.86772,8075
2026-03-17 07:45:00,5008.75956,5009.60303,5005.51085,5006.45592,4092
2026-03-17 08:00:00,5006.47805,5006.84411,5005.08676,5006.66015,1757
2026-03-17 08:15:00,5006.58714,5006.89501,5006.37682,5006.52822,518
2026-03-17 08:30:00,5006.55759,5006.84386,5006.49073,5006.57201,353
2026-03-17 08:45:00,5006.57867,5006.79138,5006.51801,5006.72338,273
2026-03-17 09:00:00,5006.64823,5015.05586,5000.17298,5004.04024,14882
2026-03-17 09:15:00,5003.74835,5007.48269,4998.18229,5001.13086,9300
2026-03-17 09:30:00,5000.98941,5004.58349,5000.36325,5002.02614,4220
2026-03-17 09:45:00,5002.00534,5005.91713,5000.72412,5001.76115,5193
2026-03-17 10:00:00,5001.75194,5005.92317,5001.75194,5005.89292,4171
2026-03-17 10:15:00,5005.73397,5009.56381,5005.4326,5008.93231,4131
2026-03-17 10:30:00,5008.81094,5014.46525,5008.81094,5011.27821,5654
2026-03-17 10:45:00,5011.83187,5015.7267,5005.89296,5012.82851,9833
2026-03-17 11:00:00,5012.69687,5013.09463,5004.34304,5005.54628,8751
2026-03-17 11:15:00,5005.33474,5010.14463,5001.04918,5003.14726,9095
2026-03-17 11:30:00,5002.93285,5008.50626,4999.40807,5000.01842,9098
2026-03-17 11:45:00,4999.96284,5005.97432,4999.19858,5004.39071,6775
2026-03-17 12:00:00,5005.01467,5012.06815,4998.03231,5009.41903,14035
2026-03-17 12:15:00,5009.42034,5015.30368,5008.6735,5013.85892,6630
2026-03-17 12:30:00,5013.86627,5019.18341,5011.05891,5018.14129,8124
2026-03-17 12:45:00,5018.1097,5027.75754,5017.61986,5027.39076,10137
2026-03-17 13:00:00,5027.328,5027.64815,5021.56526,5021.73214,6082
2026-03-17 13:15:00,5021.67945,5025.58752,5020.64777,5024.82459,4939
2026-03-17 13:30:00,5024.99955,5029.00198,5023.06517,5028.45863,5936
2026-03-17 13:45:00,5028.29619,5028.93432,5022.08004,5023.39323,6854
2026-03-17 14:00:00,5023.50774,5025.15766,5021.35797,5022.69536,3799
2026-03-17 14:15:00,5022.77524,5032.31882,5022.71166,5032.31882,9607
2026-03-17 14:30:00,5032.27379,5032.45446,5028.14249,5028.59725,4311
2026-03-17 14:45:00,5028.50337,5030.98574,5026.61111,5027.34567,4374
2026-03-17 15:00:00,5027.2876,5030.07324,5027.00286,5028.77497,3070
2026-03-17 15:15:00,5028.88321,5032.32411,5026.52464,5031.3417,5799
2026-03-17 15:30:00,5031.43973,5037.08986,5031.33028,5035.55815,5759
2026-03-17 15:45:00,5035.12109,5041.96576,5035.12109,5038.4171,6844
2026-03-17 16:00:00,5038.4264,5040.33905,5033.43008,5038.49932,6908
2026-03-17 16:15:00,5038.69731,5042.92294,5034.84431,5035.65691,8078
2026-03-17 16:30:00,5035.65782,5038.50328,5032.7702,5034.07585,5733
2026-03-17 16:45:00,5033.61393,5034.04252,5020.00969,5022.29327,14032
2026-03-17 17:00:00,5022.38486,5022.40501,5008.67292,5010.85212,13732
2026-03-17 17:15:00,5010.63909,5015.82819,5002.28554,5011.43173,13542
2026-03-17 17:30:00,5011.38044,5015.47217,5010.92098,5014.33288,4551
2026-03-17 17:45:00,5014.32713,5015.68246,5008.064,5010.35864,7618
2026-03-17 18:00:00,5010.24087,5016.61496,5010.24087,5014.944,6374
2026-03-17 18:15:00,5014.89477,5017.36791,5009.94542,5016.27855,7422
2026-03-17 18:30:00,5016.31273,5027.50751,5016.27823,5023.7183,11229
2026-03-17 18:45:00,5023.73595,5023.96321,5018.60198,5021.84267,5361
2026-03-17 19:00:00,5021.74367,5024.98727,5019.97077,5021.05824,5016
2026-03-17 19:15:00,5020.94967,5029.37271,5020.13105,5020.86809,9241
2026-03-17 19:30:00,5020.79571,5024.2371,5019.78211,5024.07475,4454
2026-03-17 19:45:00,5023.30705,5025.61274,5020.53295,5023.29076,5079
2026-03-17 20:00:00,5023.55313,5027.1215,5015.41542,5015.41542,11706
2026-03-17 20:15:00,5015.43816,5019.37095,5014.47755,5019.1861,4893
2026-03-17 20:30:00,5019.19754,5019.25694,5010.42844,5014.01285,8828
2026-03-17 20:45:00,5013.94144,5015.32598,5011.59264,5011.59264,3733
2026-03-17 21:00:00,5011.82385,5015.19324,4999.82199,5004.43823,15371
2026-03-17 21:15:00,5004.43758,5008.41473,5000.84114,5003.31722,7573
2026-03-17 21:30:00,5003.4251,5008.42507,4993.89012,4997.23213,14534
2026-03-17 21:45:00,4996.76573,5004.15963,4996.76573,5001.02092,7393
2026-03-17 22:00:00,5000.9047,5004.8771,4998.41792,5003.84969,6459
2026-03-17 22:15:00,5004.12336,5009.82327,5003.60077,5007.22065,6222
2026-03-17 22:30:00,5007.01948,5008.83317,5004.91137,5008.83317,3921
2026-03-17 22:45:00,5008.72288,5010.69321,5003.73345,5003.73345,6959
2026-03-17 23:00:00,5003.56301,5008.89768,5000.13577,5008.55203,8761
2026-03-17 23:15:00,5008.33068,5020.45567,5007.53596,5019.84099,12919
2026-03-17 23:30:00,5019.77998,5022.36196,5016.68766,5017.50896,5674
2026-03-17 23:45:00,5017.45247,5017.5566,5010.59053,5012.00544,6966
2026-03-18 00:00:00,5011.96538,5019.02131,5011.00153,5016.0853,8019
2026-03-18 00:15:00,5015.95959,5018.26938,5010.70889,5011.42951,7560
2026-03-18 00:30:00,5010.92992,5030.6624,5010.92992,5028.5774,19732
2026-03-18 00:45:00,5028.4572,5028.58908,5009.48083,5016.21322,19108
2026-03-18 01:00:00,5016.21776,5019.17297,5010.54821,5019.17297,8624
2026-03-18 01:15:00,5019.03942,5019.19742,5008.16983,5008.16983,11027
2026-03-18 01:30:00,5008.07395,5015.27618,5005.43166,5013.60041,9844
2026-03-18 01:45:00,5013.56202,5019.82483,5008.20195,5009.07417,11622
2026-03-18 02:00:00,5008.83262,5017.00302,5008.05548,5010.28128,8947
2026-03-18 02:15:00,5010.26459,5015.44407,4998.65672,4998.96528,16787
2026-03-18 02:30:00,4998.85603,4999.65159,4978.14194,4983.61549,21509
2026-03-18 02:45:00,4983.76374,4998.41482,4983.62436,4997.52267,14790
2026-03-18 03:00:00,4997.42475,4998.66969,4991.43474,4995.56192,7234
2026-03-18 03:15:00,4995.36231,5004.23203,4993.40565,5004.16558,10826
2026-03-18 03:30:00,5004.0954,5004.65427,5000.24906,5001.32729,4405
2026-03-18 03:45:00,5001.26619,5003.26368,4997.81493,5002.79441,5448
2026-03-18 04:00:00,5002.75032,5006.39019,5002.42133,5003.5961,3968
2026-03-18 04:15:00,5003.54483,5008.21278,5002.3255,5003.7664,5887
2026-03-18 04:30:00,5003.99761,5005.47378,4996.03434,4998.35365,9439
2026-03-18 04:45:00,4998.12138,5002.63223,4997.32718,5002.00054,5305
2026-03-18 05:00:00,5002.11322,5007.31946,5001.0575,5006.4849,6261
2026-03-18 05:15:00,5006.57609,5008.22051,5004.81682,5005.19232,3403
2026-03-18 05:30:00,5005.64259,5005.64259,5000.58539,5003.53633,5057
2026-03-18 05:45:00,5003.48574,5008.45844,5003.11321,5003.92323,5345
2026-03-18 06:00:00,5003.73362,5005.44919,5000.15777,5001.27614,5291
2026-03-18 06:15:00,5001.30384,5002.24902,4998.68932,4999.54502,3559
2026-03-18 06:30:00,4999.66002,5003.07194,4997.60203,5002.14566,5469
2026-03-18 06:45:00,5002.02953,5002.44506,4998.9783,4998.9783,3466
2026-03-18 07:00:00,4998.63708,5005.91298,4998.63708,5004.40942,7275
2026-03-18 07:15:00,5004.40895,5004.49461,5002.11681,5003.89669,2377
2026-03-18 07:30:00,5003.7418,5005.15359,5003.27747,5003.98201,1876
2026-03-18 07:45:00,5004.07979,5007.10662,5001.46111,5005.92663,5645
2026-03-18 08:00:00,5005.90211,5006.37925,5005.90211,5006.1965,477
2026-03-18 08:15:00,5006.08841,5006.34699,5005.95668,5006.12714,390
2026-03-18 08:30:00,5006.10809,5006.30607,5005.63696,5005.82378,669
2026-03-18 08:45:00,5005.87102,5006.17171,5005.81196,5006.05792,359
2026-03-18 09:00:00,5006.0371,5006.12024,4999.57111,5002.71631,6549
2026-03-18 09:15:00,5002.68965,5004.05286,5000.53301,5002.01286,3519
2026-03-18 09:30:00,5001.95975,5002.01339,4997.16134,4997.16134,4852
2026-03-18 09:45:00,4997.47073,5002.70277,4994.04978,5000.21686,8652
2026-03-18 10:00:00,5000.00394,5002.28293,4999.17063,4999.44449,3112
2026-03-18 10:15:00,4999.26914,5001.78348,4999.26914,5000.38763,2514
2026-03-18 10:30:00,5000.51667,5003.14962,5000.32373,5002.90873,2825
2026-03-18 10:45:00,5002.83033,5003.66476,5001.80202,5002.8235,1862
2026-03-18 11:00:00,5002.73999,5013.20038,5001.80481,5010.49151,11395
2026-03-18 11:15:00,5010.37373,5011.05389,5003.46983,5003.46983,7584
2026-03-18 11:30:00,5003.28565,5003.47571,5000.89034,5002.99645,2585
2026-03-18 11:45:00,5002.86303,5008.38404,5002.43293,5004.60712,5951
2026-03-18 12:00:00,5004.49508,5016.82098,5000.82198,5011.59542,15999
2026-03-18 12:15:00,5011.35927,5014.62848,5008.88793,5009.35136,5740
2026-03-18 12:30:00,5008.91242,5009.31613,5002.939,5002.939,6377
2026-03-18 12:45:00,5002.38312,5002.90915,4994.25513,4999.2136,8654
2026-03-18 13:00:00,4999.23758,5001.67361,4996.26818,4999.91458,5405
2026-03-18 13:15:00,4999.76352,5006.62818,4999.76352,5002.4892,6864
2026-03-18 13:30:00,5002.47552,5004.71144,5000.61412,5001.76545,4097
2026-03-18 13:45:00,5001.71138,5004.0095,4991.43068,4991.47339,12578
2026-03-18 14:00:00,4991.52647,4996.33119,4989.09685,4995.41823,7234
2026-03-18 14:15:00,4995.35885,4996.76908,4994.59531,4996.03364,2173
2026-03-18 14:30:00,4996.08604,4997.03576,4992.761,4994.82337,4274
2026-03-18 14:45:00,4994.79796,4995.2859,4989.01333,4991.41449,6272
2026-03-18 15:00:00,4991.3622,4992.53266,4990.16346,4990.36864,2369
2026-03-18 15:15:00,4990.46845,4993.06418,4990.29758,4991.03843,2766
2026-03-18 15:30:00,4991.04647,4991.05203,4982.24724,4984.5711,8804
2026-03-18 15:45:00,4984.36886,4986.16739,4982.82659,4986.16739,3340
2026-03-18 16:00:00,4986.30455,4991.70048,4984.94481,4990.38537,6755
2026-03-18 16:15:00,4990.35087,4992.25265,4985.12628,4990.69726,7126
2026-03-18 16:30:00,4990.7176,5004.16289,4988.85304,5000.64311,15309
2026-03-18 16:45:00,5000.53427,5001.73585,4995.3149,4997.1459,6420
2026-03-18 17:00:00,4997.2971,5008.98977,4997.13249,5008.02999,11857
2026-03-18 17:15:00,5007.91633,5009.89497,5007.91633,5008.92386,1978
2026-03-18 17:30:00,5009.04344,5015.12179,5008.89831,5011.43326,6223
2026-03-18 17:45:00,5011.36806,5014.10251,5008.95862,5009.2387,5143
2026-03-18 18:00:00,5009.06351,5013.49042,5009.06351,5010.4983,4426
2026-03-18 18:15:00,5010.44975,5010.49435,5006.63225,5008.90295,3862
2026-03-18 18:30:00,5008.79171,5009.12924,5003.62029,5003.62029,5508
2026-03-18 18:45:00,5003.12968,5003.58307,4991.06526,4995.17297,12517
2026-03-18 19:00:00,4995.11713,4997.51837,4986.83237,4993.58016,10685
2026-03-18 19:15:00,4993.52784,4994.18215,4984.92664,4988.59613,9255
2026-03-18 19:30:00,4988.52928,4992.96624,4985.71965,4986.13595,7246
2026-03-18 19:45:00,4985.87592,4989.5713,4982.22664,4987.93216,7344
2026-03-18 20:00:00,4987.87152,4990.74839,4986.34522,4987.32468,4403
2026-03-18 20:15:00,4987.18535,4993.86075,4985.36766,4991.26132,8493
2026-03-18 20:30:00,4991.31054,4995.69955,4991.29463,4993.38134,4404
2026-03-18 20:45:00,4993.26869,4995.98537,4991.09214,4992.68811,4893
2026-03-18 21:00:00,4992.735,4992.78908,4988.35843,4989.81262,4430
2026-03-18 21:15:00,4989.80304,4989.99524,4983.34567,4983.34567,6649
2026-03-18 21:30:00,4983.39654,4983.74474,4962.01737,4976.36756,21727
2026-03-18 21:45:00,4976.50256,4979.90633,4965.26339,4967.25509,14642
2026-03-18 22:00:00,4967.47967,4970.53669,4952.3134,4965.16934,18223
2026-03-18 22:15:00,4964.70228,4973.54425,4948.65106,4949.03022,24893
2026-03-18 22:30:00,4948.98371,4960.74861,4937.0044,4939.28434,23744
2026-03-18 22:45:00,4939.18964,4940.6478,4928.58183,4928.58183,12065
2026-03-18 23:00:00,4928.50457,4929.8969,4909.47185,4909.47185,20425
2026-03-18 23:15:00,4909.61442,4910.42602,4897.31676,4901.72894,13109
2026-03-18 23:30:00,4902.00929,4902.00929,4877.70158,4887.29705,24307
2026-03-18 23:45:00,4887.39085,4888.1896,4872.50833,4885.72339,15681
2026-03-19 00:00:00,4885.7296,4885.8325,4847.83394,4865.25071,37998
2026-03-19 00:15:00,4865.13874,4866.26353,4837.58291,4861.45525,28680
2026-03-19 00:30:00,4861.51548,4864.39052,4852.4948,4860.75694,11895
2026-03-19 00:45:00,4860.77915,4884.64113,4860.43009,4863.21022,24211
2026-03-19 01:00:00,4862.61227,4893.76419,4862.61227,4891.08507,31151
2026-03-19 01:15:00,4891.38098,4894.26272,4868.92557,4868.92557,25337
2026-03-19 01:30:00,4868.91449,4869.29847,4856.51982,4859.4581,12778
2026-03-19 01:45:00,4859.17109,4869.77244,4858.26147,4868.16714,11510
2026-03-19 02:00:00,4868.36291,4873.4757,4861.12321,4871.81915,12352
2026-03-19 02:15:00,4872.40495,4878.1995,4868.98595,4869.81994,9213
2026-03-19 02:30:00,4869.80849,4874.14177,4868.59136,4873.12476,5550
2026-03-19 02:45:00,4872.86655,4873.08887,4861.80081,4865.22754,11288
2026-03-19 03:00:00,4864.95622,4877.72239,4861.42638,4877.06352,16296
2026-03-19 03:15:00,4877.07017,4881.73502,4875.14824,4881.65764,6586
2026-03-19 03:30:00,4881.63733,4883.56231,4873.10953,4881.10168,10452
2026-03-19 03:45:00,4881.1175,4890.56273,4881.1175,4889.39922,9445
2026-03-19 04:00:00,4889.54451,4889.54451,4883.43636,4886.42965,6108
2026-03-19 04:15:00,4886.54158,4898.56722,4886.29504,4892.12172,12272
2026-03-19 04:30:00,4892.24739,4899.65344,4888.63993,4893.95383,11013
2026-03-19 04:45:00,4893.85261,4895.34016,4889.70394,4890.70648,5636
2026-03-19 05:00:00,4890.50272,4895.11616,4882.09912,4887.50589,13017
2026-03-19 05:15:00,4888.05715,4889.6351,4879.78956,4885.05957,9845
2026-03-19 05:30:00,4885.22668,4887.75269,4874.12066,4880.70143,13632
2026-03-19 05:45:00,4881.13643,4881.13643,4856.72449,4856.72449,24411
2026-03-19 06:00:00,4858.32936,4859.8022,4840.21901,4857.84452,19583
2026-03-19 06:15:00,4857.70452,4863.23484,4844.68416,4849.26569,18550
2026-03-19 06:30:00,4849.2648,4859.71686,4846.38934,4850.5808,13327
2026-03-19 06:45:00,4850.43109,4850.85268,4839.88812,4841.92773,10964
2026-03-19 07:00:00,4842.10656,4846.58236,4828.67302,4828.67302,17909
2026-03-19 07:15:00,4828.51055,4828.70204,4807.72183,4811.30861,20980
2026-03-19 07:30:00,4811.2649,4821.17395,4809.37065,4820.4698,11803
2026-03-19 07:45:00,4820.35096,4825.63611,4816.63461,4818.75011,9001
2026-03-19 08:00:00,4818.63976,4819.10348,4818.63976,4818.85916,463
2026-03-19 08:15:00,4818.8298,4819.05829,4818.48041,4818.77191,577
2026-03-19 08:30:00,4818.80989,4819.08668,4818.20731,4818.9246,879
2026-03-19 08:45:00,4818.89104,4819.16733,4818.65755,4819.08113,509
2026-03-19 09:00:00,4819.85606,4834.88397,4818.58568,4818.58568,16298
2026-03-19 09:15:00,4818.90419,4825.31151,4806.58147,4819.06634,18730
2026-03-19 09:30:00,4819.72082,4829.13856,4810.86817,4827.36093,18270
2026-03-19 09:45:00,4827.23416,4836.11162,4827.23416,4831.51365,8877
2026-03-19 10:00:00,4831.51476,4837.08191,4830.85157,4835.62656,6230
2026-03-19 10:15:00,4835.35858,4838.76837,4828.36353,4837.93516,10404
2026-03-19 10:30:00,4837.78198,4841.30749,4834.95793,4837.44224,6349
2026-03-19 10:45:00,4838.18667,4838.18667,4828.5778,4836.74246,9608
2026-03-19 11:00:00,4836.63541,4850.06902,4836.63541,4843.28657,13433
2026-03-19 11:15:00,4843.23081,4844.38106,4837.02258,4841.95809,7358
2026-03-19 11:30:00,4842.39906,4848.06638,4839.86969,4839.86969,8196
2026-03-19 11:45:00,4839.7428,4843.68721,4839.62485,4841.87175,4062
2026-03-19 12:00:00,4841.48157,4851.36565,4833.81999,4839.45715,17545
2026-03-19 12:15:00,4839.30272,4844.60672,4835.70141,4844.60672,8905
2026-03-19 12:30:00,4843.94282,4865.26941,4843.94282,4863.7614,21326
2026-03-19 12:45:00,4863.76452,4863.93998,4852.34203,4852.34203,11597
2026-03-19 13:00:00,4852.63284,4852.63284,4841.96077,4848.23048,10672
2026-03-19 13:15:00,4847.93475,4857.37645,4847.93475,4857.37645,9441
2026-03-19 13:30:00,4857.25842,4861.14992,4854.62784,4861.14992,6522
2026-03-19 13:45:00,4861.19389,4862.15639,4854.78973,4857.95352,7366
2026-03-19 14:00:00,4857.90674,4868.11576,4856.42307,4863.42954,11692
2026-03-19 14:15:00,4863.47055,4865.27453,4857.43014,4859.93514,7844
2026-03-19 14:30:00,4859.64249,4859.91328,4852.41949,4856.25508,7493
2026-03-19 14:45:00,4856.32706,4856.92204,4851.31988,4851.70851,5602
2026-03-19 15:00:00,4851.75686,4851.80037,4847.99551,4851.02631,3804
2026-03-19 15:15:00,4850.91666,4853.62547,4850.29168,4851.71724,3333
2026-03-19 15:30:00,4851.66899,4852.10568,4849.10629,4850.31824,2999
2026-03-19 15:45:00,4850.18572,4850.29657,4844.63766,4850.10962,5658
2026-03-19 16:00:00,4850.12156,4852.87826,4846.18603,4850.36502,6692
2026-03-19 16:15:00,4850.44032,4853.63582,4847.43181,4847.45295,6204
2026-03-19 16:30:00,4847.46817,4847.4965,4833.51797,4834.9033,13978
2026-03-19 16:45:00,4834.40395,4838.83766,4828.57653,4828.62849,10261
2026-03-19 17:00:00,4828.86987,4839.97441,4828.57739,4834.1012,11397
2026-03-19 17:15:00,4834.31467,4834.31467,4816.05292,4818.17851,18261
2026-03-19 17:30:00,4817.4672,4819.42498,4779.1895,4787.50495,40235
2026-03-19 17:45:00,4787.78342,4787.78342,4752.35083,4767.685,35432
2026-03-19 18:00:00,4767.53964,4783.39991,4765.60649,4779.73834,17793
2026-03-19 18:15:00,4779.63635,4779.82362,4756.4822,4768.0287,23341
2026-03-19 18:30:00,4767.86444,4771.47562,4736.5243,4743.40637,34951
2026-03-19 18:45:00,4743.80274,4752.62969,4733.0501,4733.0501,19579
2026-03-19 19:00:00,4733.01708,4738.50594,4708.0869,4708.0869,30419
2026-03-19 19:15:00,4707.21703,4735.10864,4707.21703,4723.64237,27891
2026-03-19 19:30:00,4724.1443,4724.1443,4683.25491,4693.21065,40889
2026-03-19 19:45:00,4693.27332,4723.86441,4688.57576,4707.0632,35288
2026-03-19 20:00:00,4707.63186,4718.48303,4689.06707,4691.52864,29415
2026-03-19 20:15:00,4691.45153,4722.25883,4691.45153,4710.06216,30807
2026-03-19 20:30:00,4709.7809,4723.4173,4705.63693,4708.1515,17780
2026-03-19 20:45:00,4708.11845,4716.78733,4690.58955,4707.89167,26197
2026-03-19 21:00:00,4707.82942,4716.948,4698.10247,4704.26155,18845
2026-03-19 21:15:00,4704.08307,4704.48997,4679.68353,4685.82953,24806
2026-03-19 21:30:00,4685.24813,4698.37106,4680.38824,4686.40741,17982
2026-03-19 21:45:00,4686.07699,4689.04618,4669.28928,4675.61492,19756
2026-03-19 22:00:00,4676.31777,4695.56356,4675.53803,4693.10694,20025
2026-03-19 22:15:00,4691.79597,4693.08921,4678.52209,4683.82263,14567
2026-03-19 22:30:00,4683.21964,4692.92942,4661.03459,4661.33929,31894
2026-03-19 22:45:00,4661.08024,4665.31014,4652.75093,4653.50515,12559
2026-03-19 23:00:00,4653.76852,4653.76852,4616.35452,4623.28235,37413
2026-03-19 23:15:00,4623.9571,4626.64392,4604.47142,4605.91568,22172
2026-03-19 23:30:00,4605.97988,4617.30562,4595.86189,4602.08815,21443
2026-03-19 23:45:00,4601.61621,4602.09761,4526.06731,4574.73414,76030
2026-03-20 00:00:00,4574.29594,4581.21769,4514.89843,4536.84165,66319
2026-03-20 00:15:00,4536.41889,4574.73003,4528.69439,4564.93681,46035
2026-03-20 00:30:00,4564.94646,4578.26719,4552.59794,4560.74873,25669
2026-03-20 00:45:00,4559.93457,4573.16623,4544.16763,4565.90867,28998
2026-03-20 01:00:00,4565.78702,4642.04697,4565.78702,4629.6006,76259
2026-03-20 01:15:00,4629.45454,4645.81368,4614.88423,4616.65736,30929
2026-03-20 01:30:00,4616.4869,4616.66748,4586.92951,4586.92951,29737
2026-03-20 01:45:00,4585.41802,4618.96682,4585.41802,4611.67081,33548
2026-03-20 02:00:00,4611.01079,4633.22895,4603.7998,4608.52734,29429
2026-03-20 02:15:00,4609.26736,4633.32012,4597.62418,4615.73091,35695
2026-03-20 02:30:00,4616.28593,4626.8663,4599.29951,4599.29951,27566
2026-03-20 02:45:00,4599.02096,4603.52008,4570.92572,4577.69052,32594
2026-03-20 03:00:00,4578.67185,4592.39106,4566.36085,4590.61532,26030
2026-03-20 03:15:00,4588.70121,4622.31338,4588.70121,4617.34652,33612
2026-03-20 03:30:00,4615.86922,4617.31809,4597.23916,4608.45458,20078
2026-03-20 03:45:00,4607.77515,4611.365,4584.76612,4591.51338,26598
2026-03-20 04:00:00,4591.59017,4611.44801,4570.03456,4583.97981,41413
2026-03-20 04:15:00,4583.96226,4593.18567,4576.19097,4577.7041,16994
2026-03-20 04:30:00,4576.99966,4610.90039,4576.99966,4608.6948,33900
2026-03-20 04:45:00,4609.28298,4616.06204,4597.82495,4604.82113,18237
2026-03-20 05:00:00,4605.27263,4626.94544,4604.80224,4616.17725,22143
2026-03-20 05:15:00,4616.34215,4617.01923,4601.43275,4614.8294,15586
2026-03-20 05:30:00,4614.83088,4616.38199,4606.17958,4609.50308,10202
2026-03-20 05:45:00,4610.09412,4612.78016,4598.98983,4607.40242,13790
2026-03-20 06:00:00,4607.2812,4649.28868,4605.56164,4638.06477,43727
2026-03-20 06:15:00,4635.5146,4663.84372,4635.5146,4655.42163,28329
2026-03-20 06:30:00,4654.16796,4660.08307,4636.86606,4637.85994,23217
2026-03-20 06:45:00,4637.192,4643.81562,4632.08808,4637.62973,11727
2026-03-20 07:00:00,4637.58944,4654.80267,4637.55006,4654.0841,17252
2026-03-20 07:15:00,4654.07457,4659.41939,4651.22048,4657.9562,8198
2026-03-20 07:30:00,4657.79907,4658.18438,4654.16695,4654.8173,4017
2026-03-20 07:45:00,4654.44849,4660.68676,4649.7014,4650.55144,10985
2026-03-20 08:00:00,4650.49729,4652.26131,4649.90464,4651.74757,2356
2026-03-20 08:15:00,4651.75133,4651.95847,4651.63797,4651.83305,320
2026-03-20 08:30:00,4651.74091,4652.08835,4651.68828,4651.83202,400
2026-03-20 08:45:00,4651.75142,4652.13668,4647.50656,4649.77036,4630
2026-03-20 09:00:00,4648.59581,4669.5788,4648.59581,4669.5788,20982
2026-03-20 09:15:00,4668.99748,4675.6063,4662.39159,4665.92903,13214
2026-03-20 09:30:00,4666.0165,4666.02513,4649.21944,4649.36348,16805
2026-03-20 09:45:00,4648.84747,4649.33146,4638.17043,4638.48663,11161
2026-03-20 10:00:00,4637.81323,4646.14407,4637.81323,4640.49282,8330
2026-03-20 10:15:00,4640.42159,4647.2,4639.96291,4644.84186,7237
2026-03-20 10:30:00,4644.72372,4646.7668,4636.34182,4637.61552,10424
2026-03-20 10:45:00,4637.53095,4647.16355,4637.4527,4643.09895,9710
2026-03-20 11:00:00,4642.90775,4665.67222,4642.90775,4660.72693,22764
2026-03-20 11:15:00,4660.75289,4664.09688,4645.07702,4648.46955,19019
2026-03-20 11:30:00,4648.56396,4656.88123,4646.50681,4655.56652,10374
2026-03-20 11:45:00,4655.34452,4659.65233,4649.59898,4649.69321,10053
2026-03-20 12:00:00,4649.00596,4677.65501,4644.65879,4656.91047,32996
2026-03-20 12:15:00,4657.32403,4662.04944,4651.3241,4660.11839,10725
2026-03-20 12:30:00,4660.48757,4685.8007,4660.10965,4685.8007,25691
2026-03-20 12:45:00,4685.61864,4701.1566,4673.7993,4677.89542,27357
2026-03-20 13:00:00,4677.81021,4689.90121,4673.48433,4688.25457,16416
2026-03-20 13:15:00,4688.61009,4689.82423,4681.66165,4682.66886,8162
2026-03-20 13:30:00,4682.58262,4690.76979,4679.3007,4685.81625,11469
2026-03-20 13:45:00,4685.80875,4704.62257,4684.58372,4698.65331,20038
2026-03-20 14:00:00,4698.35125,4720.83119,4696.1348,4717.44195,24696
2026-03-20 14:15:00,4717.3085,4736.02113,4717.18069,4734.55982,18840
2026-03-20 14:30:00,4734.5683,4734.71868,4728.19497,4731.39492,6523
2026-03-20 14:45:00,4731.14318,4731.38488,4723.10084,4725.27668,8284
2026-03-20 15:00:00,4724.98269,4727.77293,4716.50908,4718.17922,11263
2026-03-20 15:15:00,4718.09359,4724.27593,4718.09359,4721.84189,6182
2026-03-20 15:30:00,4721.63156,4726.41464,4719.82203,4720.37046,6592
2026-03-20 15:45:00,4720.34721,4722.47891,4715.93558,4720.93375,6543
2026-03-20 16:00:00,4720.84937,4721.20992,4709.13933,4717.22807,12070
2026-03-20 16:15:00,4716.9795,4723.41934,4716.9795,4719.61909,6439
2026-03-20 16:30:00,4720.22777,4720.22777,4703.6143,4707.35432,16613
2026-03-20 16:45:00,4706.86597,4709.34023,4685.03767,4688.31564,24302
2026-03-20 17:00:00,4688.05828,4698.86197,4686.47207,4691.53268,12389
2026-03-20 17:15:00,4691.30349,4694.9285,4681.42534,4683.73886,13503
2026-03-20 17:30:00,4683.63722,4687.85169,4661.70952,4666.86277,26142
2026-03-20 17:45:00,4667.06436,4675.06053,4660.83949,4669.0114,14221
2026-03-20 18:00:00,4668.86823,4682.66743,4668.86823,4677.19351,13799
2026-03-20 18:15:00,4676.88314,4688.14316,4676.88314,4687.45079,11260
2026-03-20 18:30:00,4687.47948,4698.85056,4685.94795,4695.7304,12902
2026-03-20 18:45:00,4695.63147,4707.70688,4695.63147,4706.42928,12075
2026-03-20 19:00:00,4706.11131,4716.57294,4703.32836,4716.57294,13244
2026-03-20 19:15:00,4716.57392,4733.80964,4716.56596,4724.17281,17243
2026-03-20 19:30:00,4723.57064,4724.16773,4702.22759,4707.77261,21940
2026-03-20 19:45:00,4708.54905,4708.54905,4687.13146,4692.15722,21417
2026-03-20 20:00:00,4692.27324,4699.12876,4685.57471,4696.0389,13554
2026-03-20 20:15:00,4696.28092,4696.28092,4685.77896,4691.63557,10501
2026-03-20 20:30:00,4691.65016,4691.66464,4673.62737,4674.20829,18037
2026-03-20 20:45:00,4674.3647,4674.3647,4663.20423,4665.7111,11160
2026-03-20 21:00:00,4666.04169,4669.30617,4652.52037,4662.47033,16785
2026-03-20 21:15:00,4662.19347,4663.93365,4648.06091,4657.58658,15872
2026-03-20 21:30:00,4657.56454,4668.95069,4650.74725,4660.15867,18203
2026-03-20 21:45:00,4660.19303,4660.23297,4637.02393,4644.16501,23209
2026-03-20 22:00:00,4644.10037,4665.71843,4639.57256,4663.48524,26145
2026-03-20 22:15:00,4663.62815,4666.76049,4659.79151,4661.65143,6968
2026-03-20 22:30:00,4662.16794,4673.80904,4661.57002,4670.83908,12239
2026-03-20 22:45:00,4670.48368,4672.89934,4659.11559,4671.36593,13783
2026-03-20 23:00:00,4671.91403,4695.99156,4671.15097,4684.65597,24840
2026-03-20 23:15:00,4684.88497,4688.66449,4679.31826,4681.06218,9346
2026-03-20 23:30:00,4681.15505,4681.15505,4661.86041,4665.98188,19294
2026-03-20 23:45:00,4666.46959,4679.99299,4665.92012,4679.5511,14072
2026-03-21 00:00:00,4679.64822,4679.64822,4655.24911,4661.48733,24399
2026-03-21 00:15:00,4661.41131,4669.04703,4658.50171,4662.5676,10545
2026-03-21 00:30:00,4662.71205,4663.20655,4642.45677,4660.1665,20749
2026-03-21 00:45:00,4660.13163,4662.82856,4615.0481,4615.0481,47780
2026-03-21 01:00:00,4614.93329,4619.24031,4590.11286,4590.11286,29127
2026-03-21 01:15:00,4589.38917,4590.10374,4553.88308,4557.83167,36220
2026-03-21 01:30:00,4557.4385,4584.38261,4557.4385,4574.68685,26944
2026-03-21 01:45:00,4574.71507,4576.43089,4552.928,4562.83666,23502
2026-03-21 02:00:00,4562.26562,4577.23504,4562.26562,4575.29148,14969
2026-03-21 02:15:00,4575.18092,4575.29103,4544.73297,4557.73858,30558
2026-03-21 02:30:00,4556.79703,4572.115,4556.79703,4563.86879,15317
2026-03-21 02:45:00,4564.40101,4564.40101,4548.23116,4554.81739,16169
2026-03-21 03:00:00,4554.71506,4584.97532,4554.34975,4584.97532,30625
2026-03-21 03:15:00,4584.13037,4615.00986,4582.07064,4586.96286,32939
2026-03-21 03:30:00,4587.0594,4590.20093,4569.99347,4582.0724,20207
2026-03-21 03:45:00,4582.3895,4586.35903,4571.8518,4583.98384,14507
2026-03-21 04:00:00,4583.7274,4597.2854,4579.99067,4582.99046,17294
2026-03-21 04:15:00,4582.73155,4582.98859,4571.08881,4572.87054,11899
2026-03-21 04:30:00,4572.70234,4572.85658,4557.365,4564.14419,15491
2026-03-21 04:45:00,4563.75668,4576.64724,4561.18571,4572.79845,15461
2026-03-21 05:00:00,4573.32547,4578.16887,4563.26383,4566.33472,14905
2026-03-21 05:15:00,4566.42734,4566.94614,4540.40743,4554.09995,26538
2026-03-21 05:30:00,4554.1366,4555.35509,4521.9667,4527.20592,33388
2026-03-21 05:45:00,4527.19426,4527.97036,4475.36646,4495.74023,52603
2026-03-21 06:00:00,4497.87178,4518.9729,4491.98521,4501.85253,26987
2026-03-21 06:15:00,4501.7235,4505.3032,4486.44924,4496.49897,18853
2026-03-21 06:30:00,4495.61189,4510.596,4495.49981,4510.43498,15096
2026-03-21 06:45:00,4510.11888,4512.44423,4495.142,4500.6531,17302
2026-03-21 07:00:00,4500.48478,4505.03943,4490.7061,4504.89628,14333
2026-03-21 07:15:00,4504.91779,4513.49018,4499.35343,4503.54331,14136
2026-03-21 07:30:00,4503.44311,4503.89587,4497.75672,4501.27902,6139
2026-03-21 07:45:00,4501.2113,4505.38966,4491.35063,4494.78788,14039
2026-03-21 08:00:00,4494.7615,4497.78467,4494.7615,4497.54028,3023
2026-03-21 08:15:00,4497.45056,4497.62885,4497.38157,4497.44606,247
2026-03-21 08:30:00,4497.4423,4497.64148,4497.38407,4497.41838,257
2026-03-21 08:45:00,4497.44656,4497.64012,4497.39143,4497.50016,248
2026-03-21 09:00:00,4497.44466,4497.64023,4497.38131,4497.54294,258
2026-03-21 09:15:00,4497.44407,4497.63889,4497.38366,4497.46606,255
2026-03-21 09:30:00,4497.44605,4497.64338,4497.38502,4497.41131,258
2026-03-21 09:45:00,4497.44462,4497.6375,4497.38588,4497.48107,251
2026-03-21 10:00:00,4497.4423,4497.63608,4497.38346,4497.54551,252
2026-03-21 10:15:00,4497.444,4497.64224,4497.38822,4497.48385,254
2026-03-21 10:30:00,4497.44613,4497.63516,4497.38169,4497.40304,253
2026-03-21 10:45:00,4497.43695,4497.63096,4497.37735,4497.4696,253
2026-03-21 11:00:00,4497.44854,4497.63953,4497.38597,4497.54338,253
2026-03-21 11:15:00,4497.44395,4497.64008,4497.37722,4497.49758,262
2026-03-21 11:30:00,4497.44219,4497.6341,4497.38593,4497.41959,248
2026-03-21 11:45:00,4497.44798,4497.6435,4497.38128,4497.44611,262
2026-03-21 12:00:00,4497.44243,4497.63688,4497.37903,4497.53667,257
2026-03-21 12:15:00,4497.44392,4497.63815,4497.38337,4497.5137,254
2026-03-21 12:30:00,4497.44228,4497.63656,4497.37908,4497.42656,257
2026-03-21 12:45:00,4497.44514,4497.63633,4497.37948,4497.43131,256
2026-03-21 13:00:00,4497.44226,4497.63718,4497.38747,4497.52992,249
2026-03-21 13:15:00,4497.44917,4497.6395,4497.38395,4497.53064,255
2026-03-21 13:30:00,4497.44644,4497.64008,4497.38943,4497.43696,250
2026-03-21 13:45:00,4497.44471,4497.64428,4497.3833,4497.42391,260
2026-03-21 14:00:00,4497.44621,4497.63885,4497.38365,4497.51173,255
2026-03-21 14:15:00,4497.44322,4497.64491,4497.38965,4497.54457,255
2026-03-21 14:30:00,4497.4504,4497.64371,4497.39008,4497.45823,253
2026-03-21 14:45:00,4497.4504,4497.64611,4497.38938,4497.4203,256
2026-03-21 15:00:00,4497.45063,4497.64636,4497.39246,4497.50156,253
2026-03-21 15:15:00,4497.4504,4497.64549,4497.38964,4497.55033,255
2026-03-21 15:30:00,4497.45095,4497.63891,4497.38705,4497.46966,251
2026-03-21 15:45:00,4497.4446,4497.6421,4497.38396,4497.41273,258
2026-03-21 16:00:00,4497.44666,4497.64094,4497.38938,4497.48387,251
2026-03-21 16:15:00,4497.4504,4497.64632,4497.37756,4497.54327,268
2026-03-21 16:30:00,4497.443,4497.63934,4497.38761,4497.48952,251
2026-03-21 16:45:00,4497.44635,4497.64093,4497.387,4497.41406,253
2026-03-21 17:00:00,4497.44635,4497.64412,4497.38599,4497.46202,258
2026-03-21 17:15:00,4497.44635,4497.63474,4497.38523,4497.54154,249
2026-03-21 17:30:00,4497.44394,4497.6401,4497.38169,4497.50493,258
2026-03-21 17:45:00,4497.44441,4497.63723,4497.38156,4497.4162,255
2026-03-21 18:00:00,4497.4415,4497.63741,4497.3799,4497.43932,257
2026-03-21 18:15:00,4497.44022,4497.63604,4497.38749,4497.53123,248
2026-03-21 18:30:00,4497.44311,4497.63415,4497.37723,4497.51999,256
2026-03-21 18:45:00,4497.44431,4497.64077,4497.38564,4497.43215,255
2026-03-21 19:00:00,4497.44757,4497.64294,4497.38688,4497.43153,256
2026-03-21 19:15:00,4497.44635,4497.6396,4497.38595,4497.51914,253
2026-03-21 19:30:00,4497.44309,4497.63805,4497.38135,4497.53238,256
2026-03-21 19:45:00,4497.4442,4497.6363,4497.38212,4497.44208,254
2026-03-21 20:00:00,4497.44321,4497.63726,4497.37949,4497.41475,257
2026-03-21 20:15:00,4497.44063,4497.63289,4497.38311,4497.50403,249
2026-03-21 20:30:00,4497.44266,4497.64,4497.37783,4497.54096,262
2026-03-21 20:45:00,4497.44411,4497.63673,4497.3833,4497.46006,253
2026-03-21 21:00:00,4497.44635,4497.64227,4497.3856,4497.40844,256
2026-03-21 21:15:00,4497.44081,4497.63329,4497.38345,4497.48696,249
2026-03-21 21:30:00,4497.44287,4497.637,4497.37897,4497.53911,258
2026-03-21 21:45:00,4497.43765,4497.6421,4497.38726,4497.47764,254
2026-03-21 22:00:00,4497.4461,4497.64226,4497.38532,4497.41062,256
2026-03-21 22:15:00,4497.44433,4497.63877,4497.38367,4497.47129,255
2026-03-21 22:30:00,4497.44493,4497.63728,4497.37951,4497.53854,257
2026-03-21 22:45:00,4497.43753,4497.63537,4497.37787,4497.49175,257
2026-03-21 23:00:00,4497.44246,4497.64206,4497.3913,4497.40749,250
2026-03-21 23:15:00,4497.43903,4497.63416,4497.37723,4497.45179,256
2026-03-21 23:30:00,4497.4423,4497.63281,4497.37963,4497.53528,253
2026-03-21 23:45:00,4497.44028,4497.63529,4497.38102,4497.50625,254
2026-03-22 00:00:00,4497.44028,4497.63341,4497.37987,4497.41702,253
2026-03-22 00:15:00,4497.44028,4497.63605,4497.37925,4497.43422,256
2026-03-22 00:30:00,4497.44028,4497.63618,4497.38411,4497.52574,252
2026-03-22 00:45:00,4497.44028,4497.6353,4497.37963,4497.52065,255
2026-03-22 01:00:00,4497.44028,4497.63492,4497.38101,4497.42847,253
2026-03-22 01:15:00,4497.44028,4497.63605,4497.37988,4497.42134,256
2026-03-22 01:30:00,4497.44028,4497.63056,4497.37925,4497.51258,251
2026-03-22 01:45:00,4497.44028,4497.63618,4497.37962,4497.5318,256
2026-03-22 02:00:00,4497.44028,4497.6353,4497.38151,4497.44311,253
2026-03-22 02:15:00,4497.44028,4497.63492,4497.37988,4497.41213,255
2026-03-22 02:30:00,4497.44028,4497.63605,4497.38337,4497.49672,252
2026-03-22 02:45:00,4497.44028,4497.63618,4497.37925,4497.5389,256
2026-03-22 03:00:00,4497.44028,4497.63278,4497.37962,4497.4599,253
2026-03-22 03:15:00,4497.44028,4497.63531,4497.38099,4497.40725,254
2026-03-22 03:30:00,4497.44028,4497.63344,4497.37989,4497.47928,253
2026-03-22 03:45:00,4497.44028,4497.63605,4497.37925,4497.54147,256
2026-03-22 04:00:00,4497.44028,4497.63618,4497.38415,4497.47768,252
2026-03-22 04:15:00,4497.44028,4497.63531,4497.37962,4497.40704,255
2026-03-22 04:30:00,4497.44028,4497.6349,4497.38099,4497.46147,253
2026-03-22 04:45:00,4497.44028,4497.63345,4497.37989,4497.53932,253
2026-03-22 05:00:00,4497.44028,4497.63604,4497.37925,4497.49521,256
2026-03-22 05:15:00,4497.44028,4497.63618,4497.38417,4497.41151,252
2026-03-22 05:30:00,4497.44028,4497.63532,4497.37961,4497.44453,255
2026-03-22 05:45:00,4497.44028,4497.6349,4497.38098,4497.53261,253
2026-03-22 06:00:00,4497.44028,4497.63604,4497.3799,4497.51125,256
2026-03-22 06:15:00,4497.44028,4497.63062,4497.37925,4497.42035,251
2026-03-22 06:30:00,4497.44028,4497.63618,4497.37961,4497.42966,256
2026-03-22 06:45:00,4497.44028,4497.63532,4497.38155,4497.5218,253
2026-03-22 07:00:00,4497.44028,4497.63489,4497.3799,4497.5247,254
2026-03-22 07:15:00,4497.44028,4497.63604,4497.38332,4497.43294,252
2026-03-22 07:30:00,4497.44028,4497.63619,4497.37925,4497.41789,256
2026-03-22 07:45:00,4497.44028,4497.63274,4497.37961,4497.50765,253
2026-03-22 08:00:00,4497.44028,4497.63533,4497.38096,4497.53459,254
2026-03-22 08:15:00,4497.44028,4497.63348,4497.3799,4497.44841,253
2026-03-22 08:30:00,4497.44028,4497.63604,4497.37925,4497.41004,256
2026-03-22 08:45:00,4497.44028,4497.63619,4497.3842,4497.49114,251
2026-03-22 09:00:00,4497.44028,4497.63533,4497.3796,4497.54025,255
2026-03-22 09:15:00,4497.44028,4497.63488,4497.38095,4497.46566,253
2026-03-22 09:30:00,4497.44028,4497.63603,4497.37991,4497.40666,256
2026-03-22 09:45:00,4497.44028,4497.60788,4497.38783,4497.4756,220
2026-03-22 10:00:00,4497.4423,4497.63822,4497.3816,4497.54332,256
2026-03-22 10:15:00,4497.4423,4497.63739,4497.38365,4497.48538,253
2026-03-22 10:30:00,4497.4423,4497.63685,4497.38293,4497.40999,253
2026-03-22 10:45:00,4497.4423,4497.63804,4497.38196,4497.45794,256
2026-03-22 11:00:00,4497.4423,4497.63277,4497.38128,4497.53968,251
2026-03-22 11:15:00,4497.4423,4497.63822,4497.3816,4497.50257,256
2026-03-22 11:30:00,4497.4423,4497.6374,4497.38365,4497.4159,253
2026-03-22 11:45:00,4497.4423,4497.63685,4497.38197,4497.44154,254
2026-03-22 12:00:00,4497.4423,4497.63804,4497.38523,4497.5316,252
2026-03-22 12:15:00,4497.4423,4497.63822,4497.38128,4497.5179,256
2026-03-22 12:30:00,4497.4423,4497.63466,4497.3816,4497.42602,253
2026-03-22 12:45:00,4497.4423,4497.6374,4497.38291,4497.42755,254
2026-03-22 13:00:00,4497.4423,4497.63559,4497.38197,4497.51963,253
2026-03-22 13:15:00,4497.4423,4497.63803,4497.38128,4497.5303,256
2026-03-22 13:30:00,4497.4423,4497.63822,4497.38635,4497.43963,251
2026-03-22 13:45:00,4497.4423,4497.63741,4497.38159,4497.41695,255
2026-03-22 14:00:00,4497.4423,4497.63683,4497.38291,4497.50461,253
2026-03-22 14:15:00,4497.4423,4497.63803,4497.38198,4497.53891,256
2026-03-22 14:30:00,4497.4423,4497.63281,4497.38128,4497.45579,251
2026-03-22 14:45:00,4497.4423,4497.63822,4497.38159,4497.41048,256
2026-03-22 15:00:00,4497.4423,4497.63742,4497.38368,4497.48759,253
2026-03-22 15:15:00,4497.4423,4497.63683,4497.38198,4497.54312,254
2026-03-22 15:30:00,4497.4423,4497.63803,4497.3852,4497.47337,252
2026-03-22 15:45:00,4497.4423,4497.63823,4497.38128,4497.4086,256
2026-03-22 16:00:00,4497.4423,4497.63462,4497.38159,4497.46977,253
2026-03-22 16:15:00,4497.4423,4497.63742,4497.38289,4497.54264,254
2026-03-22 16:30:00,4497.4423,4497.63682,4497.38199,4497.49113,254
2026-03-22 16:45:00,4497.4423,4497.63802,4497.38519,4497.41143,252
2026-03-22 17:00:00,4497.4423,4497.63823,4497.38128,4497.45238,256
2026-03-22 17:15:00,4497.4423,4497.63461,4497.38158,4497.53751,253
2026-03-22 17:30:00,4497.4423,4497.63743,4497.38288,4497.50783,254
2026-03-22 17:45:00,4497.4423,4497.63563,4497.38199,4497.41877,253
2026-03-22 18:00:00,4497.4423,4497.63802,4497.38129,4497.43665,256
2026-03-22 18:15:00,4497.4423,4497.63823,4497.3864,4497.52808,251
2026-03-22 18:30:00,4497.4423,4497.63743,4497.38158,4497.52231,255
2026-03-22 18:45:00,4497.4423,4497.63681,4497.38288,4497.43012,253
2026-03-22 19:00:00,4497.4423,4497.63802,4497.382,4497.42367,256
2026-03-22 19:15:00,4497.4423,4497.63286,4497.38129,4497.51501,251
2026-03-22 19:30:00,4497.4423,4497.63823,4497.38158,4497.53356,256
2026-03-22 19:45:00,4497.4423,4497.63744,4497.38372,4497.44468,253
2026-03-22 20:00:00,4497.4423,4497.6368,4497.382,4497.41436,254
2026-03-22 20:15:00,4497.4423,4497.63802,4497.38515,4497.49922,252
2026-03-22 20:30:00,4497.4423,4497.63823,4497.38129,4497.54079,256
2026-03-22 20:45:00,4497.4423,4497.63458,4497.38157,4497.46143,253
2026-03-22 21:00:00,4497.4423,4497.63744,4497.38286,4497.40935,254
2026-03-22 21:15:00,4497.4423,4497.63566,4497.38201,4497.4818,253
2026-03-22 21:30:00,4497.4423,4497.63801,4497.38129,4497.54348,256
2026-03-22 21:45:00,4497.4423,4497.63823,4497.38644,4497.47921,251
2026-03-22 22:00:00,4497.4423,4497.63745,4497.38157,4497.40901,255
2026-03-22 22:15:00,4497.4423,4497.63678,4497.38285,4497.46398,253
2026-03-22 22:30:00,4497.4423,4497.63567,4497.38201,4497.54147,253
2026-03-22 22:45:00,4497.4423,4497.63801,4497.38129,4497.49676,256
2026-03-22 23:00:00,4497.4423,4497.63823,4497.38645,4497.41335,251
2026-03-22 23:15:00,4497.4423,4497.63745,4497.38157,4497.44701,255
2026-03-22 23:30:00,4497.4423,4497.63678,4497.38285,4497.53488,253
2026-03-22 23:45:00,4497.4423,4497.63801,4497.38202,4497.51286,255
2026-03-23 00:00:00,4497.4423,4497.63292,4497.38129,4497.42207,251
2026-03-23 00:15:00,4497.4423,4497.63823,4497.38156,4497.43206,256
2026-03-23 00:30:00,4497.4423,4497.63746,4497.38375,4497.52417,253
2026-03-23 00:45:00,4497.4423,4497.63677,4497.38202,4497.52638,254
2026-03-23 01:00:00,4497.4423,4497.638,4497.38511,4497.43457,252
2026-03-23 01:15:00,4497.4423,4497.63823,4497.38129,4497.42019,256
2026-03-23 01:30:00,4497.4423,4497.63453,4497.38156,4497.5101,252
2026-03-23 01:45:00,4497.4423,4497.63746,4497.38283,4497.53639,254
2026-03-23 02:00:00,4497.4423,4497.63569,4497.38203,4497.44997,253
2026-03-23 02:15:00,4497.4423,4497.638,4497.38129,4497.41222,256
2026-03-23 02:30:00,4497.4423,4497.63824,4497.38649,4497.49365,251
2026-03-23 02:45:00,4497.4423,4497.63747,4497.38156,4497.54218,255
2026-03-23 03:00:00,4497.4423,4497.63676,4497.38283,4497.46718,253
2026-03-23 03:15:00,4497.4423,4497.638,4497.38203,4497.40872,255
2026-03-23 03:30:00,4497.4423,4497.63295,4497.38129,4497.47597,251
2026-03-23 03:45:00,4497.4423,4497.63824,4497.38155,4497.54334,256
2026-03-23 04:00:00,4497.4423,4497.63747,4497.38378,4497.48502,253
2026-03-23 04:15:00,4497.4423,4497.63675,4497.38282,4497.40992,253
2026-03-23 04:30:00,4497.4423,4497.63799,4497.38204,4497.45829,255
2026-03-23 04:45:00,4497.4423,4497.63297,4497.38129,4497.5398,251
2026-03-23 05:00:00,4497.4423,4497.63824,4497.38155,4497.50223,256
2026-03-23 05:15:00,4497.4423,4497.63748,4497.38379,4497.41574,253
2026-03-23 05:30:00,4497.4423,4497.63674,4497.38204,4497.44185,254
2026-03-23 05:45:00,4497.4423,4497.63799,4497.38506,4497.5318,252
2026-03-23 06:00:00,4497.4423,4497.63621,4497.38103,4497.51378,255
2026-03-23 06:15:00,4497.43822,4497.6364,4497.3876,4497.43939,248
2026-03-23 06:30:00,4497.45606,4497.6526,4497.39469,4497.44283,257
2026-03-23 06:45:00,4497.45646,4497.65033,4497.40047,4497.51799,249
2026-03-23 07:00:00,4497.4395,4497.64346,4497.38714,4497.54358,256
2026-03-23 07:15:00,4497.45682,4497.63221,4497.3843,4497.43719,247
2026-03-23 07:30:00,4497.44104,4497.64061,4497.37957,4497.42913,261
2026-03-23 07:45:00,4497.45358,4497.633,4497.37289,4497.48042,260
2026-03-23 08:00:00,4497.41593,4497.81342,4497.36171,4497.64953,451
2026-03-23 08:15:00,4497.57186,4497.71972,4497.36969,4497.44905,350
2026-03-23 08:30:00,4497.43518,4498.05938,4497.38024,4497.48632,679
2026-03-23 08:45:00,4497.51902,4497.67767,4491.68383,4491.87103,5993
2026-03-23 09:00:00,4492.14176,4515.28503,4467.97132,4502.93785,47313
2026-03-23 09:15:00,4503.1339,4532.22948,4502.88184,4530.151,29347
2026-03-23 09:30:00,4529.02172,4530.21654,4506.50059,4507.38797,23715
2026-03-23 09:45:00,4507.79714,4512.60377,4490.01522,4493.61914,22588
2026-03-23 10:00:00,4493.46672,4513.98289,4480.94865,4494.62796,33034
2026-03-23 10:15:00,4494.38694,4499.0891,4481.82872,4486.27049,17260
2026-03-23 10:30:00,4486.16094,4489.96587,4476.6523,4489.35037,13313
2026-03-23 10:45:00,4489.64333,4492.96267,4453.15934,4466.30836,39803
2026-03-23 11:00:00,4466.95648,4474.1529,4430.65873,4440.96626,43494
2026-03-23 11:15:00,4444.04777,4444.41936,4405.57025,4427.1414,38849
2026-03-23 11:30:00,4427.5763,4432.64417,4338.39274,4360.6723,94251
2026-03-23 11:45:00,4360.3153,4368.37807,4314.48259,4362.27311,53895
2026-03-23 12:00:00,4363.73395,4428.1237,4335.17451,4408.49897,92949
2026-03-23 12:15:00,4408.63172,4439.92428,4408.5224,4423.26445,31401
2026-03-23 12:30:00,4423.32411,4452.63754,4423.17827,4430.39918,29459
2026-03-23 12:45:00,4431.23793,4439.06306,4386.94228,4389.31498,52120
2026-03-23 13:00:00,4389.39992,4418.61088,4386.40829,4393.30667,32202
2026-03-23 13:15:00,4394.53651,4418.05322,4393.28857,4398.8197,24764
2026-03-23 13:30:00,4398.63353,4398.89148,4368.21563,4383.11334,30675
2026-03-23 13:45:00,4382.15202,4383.08727,4357.73774,4363.36358,25349
2026-03-23 14:00:00,4363.52942,4375.15607,4349.01914,4349.93426,26136
2026-03-23 14:15:00,4350.00208,4363.73919,4349.90648,4352.99708,13832
2026-03-23 14:30:00,4353.09034,4362.83823,4332.18072,4340.12791,30657
2026-03-23 14:45:00,4340.10238,4358.03546,4339.49637,4353.1224,18539
2026-03-23 15:00:00,4351.3312,4373.07097,4351.3312,4364.10898,21739
2026-03-23 15:15:00,4363.8623,4374.62669,4362.59802,4369.49338,12028
2026-03-23 15:30:00,4370.1969,4377.53655,4361.46119,4375.75704,16075
2026-03-23 15:45:00,4375.75598,4375.85474,4347.9893,4363.38703,27865
2026-03-23 16:00:00,4362.65562,4382.12082,4362.65562,4371.0014,19465
2026-03-23 16:15:00,4370.94075,4373.91709,4353.4965,4356.96836,20420
2026-03-23 16:30:00,4360.22305,4360.22305,4320.67041,4325.0364,39552
2026-03-23 16:45:00,4325.50709,4325.8499,4305.26908,4311.7518,20580
2026-03-23 17:00:00,4311.15487,4312.01759,4270.89007,4283.18175,41127
2026-03-23 17:15:00,4284.50443,4309.26745,4240.08265,4250.03292,69184
2026-03-23 17:30:00,4248.78316,4250.25502,4186.2493,4200.78951,64005
2026-03-23 17:45:00,4201.82334,4227.39152,4175.44323,4213.6382,51948
2026-03-23 18:00:00,4213.80479,4216.87056,4130.57638,4138.06349,86294
2026-03-23 18:15:00,4139.92157,4145.86204,4104.81533,4130.42629,41046
2026-03-23 18:30:00,4131.53713,4208.29639,4129.16013,4203.00642,79136
2026-03-23 18:45:00,4201.2135,4225.58989,4186.87434,4198.4286,38715
2026-03-23 19:00:00,4196.99652,4250.41794,4196.99652,4250.41794,53421
2026-03-23 19:15:00,4250.58883,4253.72096,4213.37693,4228.97782,40344
2026-03-23 19:30:00,4229.03446,4269.06395,4228.73396,4251.46921,40329
2026-03-23 19:45:00,4251.40052,4262.54114,4222.74124,4249.0299,39799
2026-03-23 20:00:00,4249.62702,4262.32933,4237.82684,4260.78104,24502
2026-03-23 20:15:00,4258.47182,4301.39751,4258.47182,4295.94362,42925
2026-03-23 20:30:00,4294.33697,4304.21564,4223.45955,4229.38654,80756
2026-03-23 20:45:00,4229.38407,4253.80156,4228.91414,4253.80156,24887
2026-03-23 21:00:00,4253.87653,4270.82567,4248.33831,4259.03665,22487
2026-03-23 21:15:00,4257.73616,4272.78965,4257.73616,4268.6844,15053
2026-03-23 21:30:00,4268.77088,4268.77088,4245.57771,4254.93483,23193
2026-03-23 21:45:00,4254.91937,4276.78483,4252.36259,4267.72379,24422
2026-03-23 22:00:00,4268.17589,4448.85164,4267.66815,4441.84664,181183
2026-03-23 22:15:00,4441.7015,4441.86111,4358.92637,4381.45988,82934
2026-03-23 22:30:00,4379.64591,4428.50979,4379.64591,4410.46297,48863
2026-03-23 22:45:00,4410.54167,4411.70615,4365.43875,4374.58054,46267
2026-03-23 23:00:00,4374.42625,4380.22879,4334.90805,4359.53374,45320
2026-03-23 23:15:00,4359.48101,4405.91415,4358.905,4393.63776,47009
2026-03-23 23:30:00,4391.87253,4444.7334,4381.89877,4439.76229,62834
2026-03-23 23:45:00,4439.65734,4486.99134,4438.67356,4486.99134,48317
2026-03-24 00:00:00,4488.72355,4488.72355,4434.95152,4448.8503,53772
2026-03-24 00:15:00,4448.7752,4448.84594,4408.44296,4410.57723,40402
2026-03-24 00:30:00,4410.351,4447.85663,4408.86961,4435.07308,38987
2026-03-24 00:45:00,4434.34626,4469.13249,4424.41971,4452.15645,44712
2026-03-24 01:00:00,4453.72711,4479.70936,4452.13133,4464.69218,27578
2026-03-24 01:15:00,4464.70516,4509.82105,4463.70896,4487.46045,46112
2026-03-24 01:30:00,4487.94605,4499.40124,4473.83033,4481.66698,25570
2026-03-24 01:45:00,4480.83519,4487.12483,4454.09597,4467.41317,33028
2026-03-24 02:00:00,4468.60643,4482.76556,4453.09201,4467.28127,29673
2026-03-24 02:15:00,4467.10668,4467.35738,4433.26635,4443.96241,34091
2026-03-24 02:30:00,4442.89631,4454.01912,4410.82937,4410.82937,43189
2026-03-24 02:45:00,4410.75676,4410.92467,4359.0781,4359.0781,51846
2026-03-24 03:00:00,4360.82771,4388.3882,4355.75488,4383.39811,32633
2026-03-24 03:15:00,4383.78955,4388.2598,4356.00318,4356.00318,32256
2026-03-24 03:30:00,4356.18664,4389.97302,4356.02152,4383.92746,33951
2026-03-24 03:45:00,4383.5379,4389.04625,4372.78273,4374.31013,16263
2026-03-24 04:00:00,4375.48397,4403.29912,4373.8951,4402.00385,29404
2026-03-24 04:15:00,4401.2156,4411.90396,4389.97117,4405.71144,21932
2026-03-24 04:30:00,4405.44715,4435.01952,4405.44715,4420.72649,29572
2026-03-24 04:45:00,4420.74128,4428.14135,4406.18673,4425.83513,21954
2026-03-24 05:00:00,4425.60169,4427.55513,4409.86438,4426.02513,17690
2026-03-24 05:15:00,4427.21061,4429.98012,4411.37642,4424.08041,18603
2026-03-24 05:30:00,4424.85807,4461.43309,4423.57277,4459.45334,37860
2026-03-24 05:45:00,4459.38814,4466.67996,4448.0029,4451.5041,18677
2026-03-24 06:00:00,4451.30784,4451.50227,4405.34229,4410.47881,46159
2026-03-24 06:15:00,4410.56796,4415.6905,4398.97178,4412.64068,16718
2026-03-24 06:30:00,4412.64638,4413.3161,4403.76424,4409.69464,9551
2026-03-24 06:45:00,4408.2572,4429.3443,4396.11004,4400.00688,33234
2026-03-24 07:00:00,4399.37578,4406.04303,4381.46293,4406.04303,24580
2026-03-24 07:15:00,4405.68602,4411.46966,4404.87897,4405.38187,6590
2026-03-24 07:30:00,4405.2852,4411.40797,4398.75951,4409.60057,12648
2026-03-24 07:45:00,4409.26983,4412.28165,4405.81897,4407.20499,6462
2026-03-24 08:00:00,4407.22859,4407.80147,4407.1765,4407.50768,624
2026-03-24 08:15:00,4407.4675,4407.81787,4407.32474,4407.72514,493
2026-03-24 08:30:00,4407.62542,4407.81703,4407.4599,4407.81703,357
2026-03-24 08:45:00,4407.7658,4408.02376,4407.54179,4407.87473,481
2026-03-24 09:00:00,4407.23995,4418.35589,4360.13731,4399.16828,58218
2026-03-24 09:15:00,4399.66992,4411.69504,4389.14348,4411.69504,22551
2026-03-24 09:30:00,4411.2199,4415.12627,4402.00295,4408.73688,13123
2026-03-24 09:45:00,4408.61377,4431.62426,4407.35153,4426.79534,24272
2026-03-24 10:00:00,4426.76897,4438.92523,4426.51942,4436.72393,12405
2026-03-24 10:15:00,4436.61857,4448.78875,4432.15626,4442.08321,16632
2026-03-24 10:30:00,4442.06474,4444.23384,4424.19984,4431.03933,20033
2026-03-24 10:45:00,4430.67336,4442.73479,4425.53239,4439.02525,17202
2026-03-24 11:00:00,4438.56771,4444.25928,4424.64159,4426.60505,19617
2026-03-24 11:15:00,4425.12746,4426.73749,4379.15241,4381.09255,47585
2026-03-24 11:30:00,4380.75428,4385.82318,4336.58155,4340.56374,49241
2026-03-24 11:45:00,4341.71882,4383.6221,4339.87438,4370.73818,43747
2026-03-24 12:00:00,4371.13,4371.13,4336.0955,4336.0955,35034
2026-03-24 12:15:00,4336.34931,4371.61617,4335.4339,4359.44257,36182
2026-03-24 12:30:00,4358.51567,4369.62995,4326.78019,4326.78019,42849
2026-03-24 12:45:00,4327.12633,4334.55033,4316.32707,4325.94681,18223
2026-03-24 13:00:00,4324.92406,4335.32057,4310.41843,4310.41843,24902
2026-03-24 13:15:00,4310.89682,4346.41424,4310.39454,4343.39976,36019
2026-03-24 13:30:00,4341.71745,4369.05965,4341.71745,4366.59461,27342
2026-03-24 13:45:00,4366.51681,4377.55399,4349.94311,4364.29344,27610
2026-03-24 14:00:00,4364.25469,4365.46266,4350.77883,4358.85561,14683
2026-03-24 14:15:00,4358.65648,4368.57188,4357.41304,4364.88236,11158
2026-03-24 14:30:00,4365.55542,4365.55542,4338.75952,4340.40945,26795
2026-03-24 14:45:00,4340.33962,4347.95722,4337.99537,4347.01184,9961
2026-03-24 15:00:00,4346.94243,4356.53985,4346.94243,4350.45584,9597
2026-03-24 15:15:00,4350.63531,4350.63531,4326.99265,4338.65637,23642
2026-03-24 15:30:00,4338.54351,4348.05184,4338.31472,4343.4299,9737
2026-03-24 15:45:00,4342.9438,4348.40125,4333.993,4334.07902,14408
2026-03-24 16:00:00,4333.79427,4341.77194,4318.79209,4338.3807,22979
2026-03-24 16:15:00,4338.39779,4346.302,4335.50202,4335.78757,10799
2026-03-24 16:30:00,4336.06092,4368.97766,4324.57179,4359.60295,44405
2026-03-24 16:45:00,4359.59636,4366.43057,4343.28681,4346.68592,23143
2026-03-24 17:00:00,4346.72923,4372.79834,4346.69217,4366.04414,26106
2026-03-24 17:15:00,4365.49484,4397.47261,4362.54497,4386.0474,34927
2026-03-24 17:30:00,4386.30249,4392.72276,4382.40748,4383.17233,10315
2026-03-24 17:45:00,4383.57269,4403.03292,4375.71201,4401.09378,27320
2026-03-24 18:00:00,4399.91165,4424.87042,4399.91165,4423.47122,24958
2026-03-24 18:15:00,4423.26516,4424.0392,4405.21107,4414.05339,18828
2026-03-24 18:30:00,4414.37914,4414.37914,4399.24721,4406.99064,15131
2026-03-24 18:45:00,4406.87208,4430.26501,4402.11909,4419.04027,28145
2026-03-24 19:00:00,4417.87201,4420.13532,4403.55909,4418.30111,16576
2026-03-24 19:15:00,4417.57594,4418.27898,4391.18182,4394.39138,27097
2026-03-24 19:30:00,4394.39615,4404.57335,4394.25232,4399.21589,10321
2026-03-24 19:45:00,4399.27057,4411.33494,4399.23853,4409.02262,12096
2026-03-24 20:00:00,4408.44553,4418.71674,4401.29115,4403.68034,17425
2026-03-24 20:15:00,4404.2714,4414.11604,4396.44018,4407.95782,17675
2026-03-24 20:30:00,4407.73734,4422.88912,4406.98739,4417.24428,15901
2026-03-24 20:45:00,4417.25455,4429.67365,4413.57846,4429.67365,16095
2026-03-24 21:00:00,4430.02343,4430.02343,4418.57385,4425.21306,11449
2026-03-24 21:15:00,4425.46815,4434.71363,4423.11096,4423.11096,11602
2026-03-24 21:30:00,4422.49979,4426.30701,4416.54989,4426.18591,9757
2026-03-24 21:45:00,4426.11905,4440.15932,4417.31953,4438.07118,22839
2026-03-24 22:00:00,4437.98077,4439.72973,4383.01501,4417.56779,56714
2026-03-24 22:15:00,4417.33806,4422.67863,4403.73492,4413.78678,18943
2026-03-24 22:30:00,4413.62253,4429.08121,4411.74666,4422.49678,17334
2026-03-24 22:45:00,4422.62337,4425.53495,4392.27528,4407.54269,33259
2026-03-24 23:00:00,4408.07937,4420.73846,4407.13672,4420.61809,13601
2026-03-24 23:15:00,4420.60429,4425.48753,4396.795,4402.50517,28692
2026-03-24 23:30:00,4402.27703,4403.12835,4365.57335,4372.7889,37555
2026-03-24 23:45:00,4372.70279,4389.39286,4372.70279,4381.02506,16690
2026-03-25 00:00:00,4381.31085,4385.08662,4368.90173,4379.80151,16184
2026-03-25 00:15:00,4379.42761,4382.61862,4372.91856,4374.32779,9700
2026-03-25 00:30:00,4374.13229,4374.33981,4355.22999,4357.20326,19109
2026-03-25 00:45:00,4357.15853,4386.98172,4356.21261,4376.13809,30769
2026-03-25 01:00:00,4375.94431,4405.28722,4375.49938,4401.84222,29787
2026-03-25 01:15:00,4401.69983,4407.88349,4388.72239,4404.61091,19161
2026-03-25 01:30:00,4405.05557,4415.78001,4400.40351,4408.95295,15376
2026-03-25 01:45:00,4409.28758,4430.71335,4403.38732,4430.71335,27326
2026-03-25 02:00:00,4429.4934,4430.68113,4407.92415,4408.90165,22756
2026-03-25 02:15:00,4409.05271,4414.63877,4402.2775,4408.45847,12361
2026-03-25 02:30:00,4408.26759,4421.0255,4408.19925,4420.50581,12826
2026-03-25 02:45:00,4420.0193,4435.21262,4420.0193,4421.8445,15193
2026-03-25 03:00:00,4421.92186,4421.93892,4405.73265,4408.6556,16206
2026-03-25 03:15:00,4408.82072,4425.52003,4408.67112,4423.89636,16848
2026-03-25 03:30:00,4423.80825,4423.89901,4407.21952,4414.18536,16679
2026-03-25 03:45:00,4413.61929,4429.16016,4413.61929,4420.95074,15540
2026-03-25 04:00:00,4420.74026,4425.32331,4391.463,4396.09325,33860
2026-03-25 04:15:00,4396.49852,4406.14582,4395.84832,4401.71001,10297
2026-03-25 04:30:00,4400.89164,4401.79593,4375.74464,4377.63002,26051
2026-03-25 04:45:00,4377.34679,4391.65057,4374.98042,4388.12846,16670
2026-03-25 05:00:00,4388.18079,4392.30656,4384.75118,4390.59948,7555
2026-03-25 05:15:00,4390.71256,4408.53796,4388.93152,4406.87608,19606
2026-03-25 05:30:00,4407.23923,4420.25483,4396.96788,4399.39078,23286
2026-03-25 05:45:00,4399.30593,4400.8492,4385.00723,4387.17239,15841
2026-03-25 06:00:00,4386.38171,4405.2787,4386.38171,4403.85689,18896
2026-03-25 06:15:00,4403.92136,4410.68862,4401.69887,4407.63604,8989
2026-03-25 06:30:00,4407.63257,4407.6733,4395.40116,4402.45941,12272
2026-03-25 06:45:00,4402.43762,4402.61848,4398.59118,4399.4287,4027
2026-03-25 07:00:00,4399.59355,4403.32698,4396.84803,4401.09192,6478
2026-03-25 07:15:00,4401.13101,4479.31301,4399.28607,4454.32738,80026
2026-03-25 07:30:00,4454.3218,4469.43215,4449.76285,4457.00533,19669
2026-03-25 07:45:00,4456.02152,4481.40345,4456.02152,4474.51182,25381
2026-03-25 08:00:00,4474.54883,4474.67335,4474.26541,4474.41999,407
2026-03-25 08:15:00,4474.43785,4474.66824,4474.32511,4474.41978,343
2026-03-25 08:30:00,4474.43648,4474.77488,4474.3489,4474.53005,425
2026-03-25 08:45:00,4474.45664,4474.65915,4474.25123,4474.60057,407
2026-03-25 09:00:00,4474.54421,4487.7283,4469.98494,4484.01657,17743
2026-03-25 09:15:00,4484.00938,4485.86276,4467.29953,4470.50951,18563
2026-03-25 09:30:00,4471.77287,4471.77287,4457.01456,4469.12531,14758
2026-03-25 09:45:00,4469.01723,4482.44907,4469.01723,4482.44907,13431
2026-03-25 10:00:00,4482.48278,4485.97155,4475.02625,4484.20654,10945
2026-03-25 10:15:00,4484.19298,4510.60483,4483.88583,4508.42418,26719
2026-03-25 10:30:00,4508.44325,4545.8011,4504.94926,4541.36171,40851
2026-03-25 10:45:00,4540.31527,4549.02089,4532.91071,4544.89644,16110
2026-03-25 11:00:00,4545.08551,4558.7885,4534.67652,4553.71721,24111
2026-03-25 11:15:00,4554.46333,4555.82638,4539.43875,4554.4742,16387
2026-03-25 11:30:00,4554.8663,4567.83783,4549.85107,4567.83783,17986
2026-03-25 11:45:00,4567.5564,4571.38654,4563.40677,4563.65419,7979
2026-03-25 12:00:00,4563.8568,4577.75796,4556.04369,4572.86241,21714
2026-03-25 12:15:00,4572.46669,4577.06099,4570.32534,4575.65974,6735
2026-03-25 12:30:00,4575.46929,4592.48097,4575.46929,4586.7187,17011
2026-03-25 12:45:00,4586.54946,4600.29708,4586.0729,4596.65435,14224
2026-03-25 13:00:00,4597.17624,4597.17624,4581.94077,4584.45768,15235
2026-03-25 13:15:00,4584.09602,4591.3052,4584.09602,4587.98888,7209
2026-03-25 13:30:00,4588.5799,4596.49082,4581.81562,4594.52514,14675
2026-03-25 13:45:00,4594.16728,4602.63009,4582.8528,4582.8528,19777
2026-03-25 14:00:00,4583.14684,4586.16903,4573.36111,4575.55749,12807
2026-03-25 14:15:00,4575.50064,4578.88086,4572.15804,4576.70614,6722
2026-03-25 14:30:00,4576.44516,4576.67249,4571.28114,4571.28114,5391
2026-03-25 14:45:00,4571.49375,4574.25154,4568.76452,4569.28584,5487
2026-03-25 15:00:00,4569.36714,4575.09411,4566.7968,4573.29372,8297
2026-03-25 15:15:00,4573.26219,4574.18192,4572.05084,4574.18192,2131
2026-03-25 15:30:00,4574.11601,4574.39723,4568.28471,4571.32442,6112
2026-03-25 15:45:00,4571.2988,4573.68711,4568.92332,4572.61504,4763
2026-03-25 16:00:00,4572.52847,4573.96469,4567.52115,4570.99007,6443
2026-03-25 16:15:00,4570.95506,4571.12375,4558.37699,4559.29594,12746
2026-03-25 16:30:00,4558.76466,4567.43562,4551.23236,4565.99176,16203
2026-03-25 16:45:00,4565.96657,4566.91839,4553.98454,4557.60212,12933
2026-03-25 17:00:00,4557.58979,4557.64711,4535.63816,4535.63816,22008
2026-03-25 17:15:00,4535.80248,4551.9679,4535.65646,4550.26041,16311
2026-03-25 17:30:00,4550.17825,4556.08444,4545.30505,4547.44924,10779
2026-03-25 17:45:00,4547.40867,4549.67636,4544.92159,4544.92159,4754
2026-03-25 18:00:00,4544.91142,4560.76197,4544.91142,4556.14531,15850
2026-03-25 18:15:00,4556.2665,4563.67062,4556.01622,4559.50763,7654
2026-03-25 18:30:00,4559.44189,4559.54769,4543.92075,4548.2778,15626
2026-03-25 18:45:00,4548.37385,4549.13344,4537.54451,4539.01629,11588
2026-03-25 19:00:00,4538.9004,4558.8145,4538.58001,4554.99884,20234
2026-03-25 19:15:00,4554.6214,4568.25588,4554.6214,4565.86416,13634
2026-03-25 19:30:00,4565.85635,4568.1051,4558.91177,4566.12706,9193
2026-03-25 19:45:00,4566.0889,4566.34863,4555.59389,4556.29475,10754
2026-03-25 20:00:00,4556.20645,4566.58026,4556.12657,4561.43822,10453
2026-03-25 20:15:00,4561.18158,4565.17807,4555.02649,4557.63311,10151
2026-03-25 20:30:00,4557.72601,4559.76959,4547.87023,4550.62684,11899
2026-03-25 20:45:00,4550.42107,4552.34696,4532.34288,4550.44623,20004
2026-03-25 21:00:00,4550.08961,4563.61008,4550.08961,4555.38753,13520
2026-03-25 21:15:00,4555.1926,4557.52929,4552.76599,4557.01953,4763
2026-03-25 21:30:00,4557.18996,4557.94722,4551.10747,4553.04123,6839
2026-03-25 21:45:00,4552.90219,4561.72955,4552.90219,4559.20445,8827
2026-03-25 22:00:00,4559.25414,4568.74951,4557.56206,4567.98344,11187
2026-03-25 22:15:00,4567.98495,4582.73332,4565.68926,4580.92535,17044
2026-03-25 22:30:00,4581.01909,4584.98184,4580.92362,4583.65252,4058
2026-03-25 22:45:00,4583.49549,4583.62599,4574.30398,4577.55051,9322
2026-03-25 23:00:00,4578.13136,4586.24188,4575.05738,4578.66341,11184
2026-03-25 23:15:00,4578.60994,4578.92169,4544.02922,4544.02922,34892
2026-03-25 23:30:00,4544.03612,4553.6239,4531.60194,4551.43873,22021
2026-03-25 23:45:00,4552.04114,4553.51936,4539.39175,4547.12145,14127
2026-03-26 00:00:00,4547.07277,4569.9726,4544.37119,4559.35963,25601
2026-03-26 00:15:00,4559.30978,4565.97766,4552.0211,4565.97766,13956
2026-03-26 00:30:00,4566.77067,4575.87674,4552.3536,4558.35125,23523
2026-03-26 00:45:00,4558.01575,4560.97037,4541.65645,4546.17188,19313
2026-03-26 01:00:00,4546.00667,4554.27555,4537.65723,4551.72624,16618
2026-03-26 01:15:00,4551.75099,4563.3522,4551.06684,4559.10098,12285
2026-03-26 01:30:00,4558.7864,4568.38858,4558.7864,4566.97434,9602
2026-03-26 01:45:00,4566.85564,4577.40473,4566.39516,4566.39516,11009
2026-03-26 02:00:00,4566.42745,4566.48787,4550.74262,4552.75672,15745
2026-03-26 02:15:00,4552.81777,4559.75514,4528.40787,4556.99619,31347
2026-03-26 02:30:00,4556.15761,4565.55247,4556.14679,4556.74486,9405
2026-03-26 02:45:00,4556.68548,4565.29354,4554.06895,4560.76341,11224
2026-03-26 03:00:00,4560.8839,4563.01731,4553.6153,4553.6153,9402
2026-03-26 03:15:00,4553.6527,4559.13258,4546.31736,4555.25834,12815
2026-03-26 03:30:00,4555.15307,4559.55678,4552.32561,4556.7006,7231
2026-03-26 03:45:00,4556.78177,4560.31743,4551.33226,4555.98941,8985
2026-03-26 04:00:00,4555.94816,4556.3915,4545.72576,4552.77937,10665
2026-03-26 04:15:00,4552.75088,4558.81822,4544.06952,4555.04764,14748
2026-03-26 04:30:00,4554.76728,4563.06327,4551.78881,4559.00164,11274
2026-03-26 04:45:00,4559.08315,4561.25247,4546.89857,4551.39396,14353
2026-03-26 05:00:00,4551.2172,4562.69588,4547.70659,4549.32055,14989
2026-03-26 05:15:00,4549.37944,4555.4842,4547.68766,4552.78149,7796
2026-03-26 05:30:00,4552.77093,4557.42438,4548.30825,4549.08218,9116
2026-03-26 05:45:00,4549.02336,4549.49768,4533.30468,4538.46512,16193
2026-03-26 06:00:00,4538.37704,4538.44149,4490.76269,4507.26552,47678
2026-03-26 06:15:00,4507.12285,4520.07131,4501.60791,4513.18143,18463
2026-03-26 06:30:00,4513.2566,4524.76945,4508.88024,4524.07629,15889
2026-03-26 06:45:00,4523.82295,4531.47513,4516.3394,4531.47513,15135
2026-03-26 07:00:00,4531.38161,4540.74886,4523.32033,4528.17964,17428
2026-03-26 07:15:00,4528.35095,4532.65686,4523.10383,4524.59493,9553
2026-03-26 07:30:00,4524.46672,4524.57131,4499.66907,4505.22858,24902
2026-03-26 07:45:00,4505.24666,4507.03034,4502.97156,4506.29133,4058
2026-03-26 08:00:00,4506.22471,4506.88035,4506.02637,4506.54583,853
2026-03-26 08:15:00,4506.57806,4506.76015,4506.4033,4506.51225,356
2026-03-26 08:30:00,4506.50128,4506.87261,4506.48298,4506.60993,389
2026-03-26 08:45:00,4506.50515,4506.79576,4506.4938,4506.62534,301
2026-03-26 09:00:00,4507.85593,4532.33702,4506.53447,4513.87653,25802
2026-03-26 09:15:00,4513.56717,4517.43424,4506.79138,4511.87785,10642
2026-03-26 09:30:00,4511.89424,4536.41685,4511.89424,4532.62773,24522
2026-03-26 09:45:00,4532.82378,4532.82378,4513.59204,4517.9929,19231
2026-03-26 10:00:00,4518.12736,4518.12736,4502.47948,4509.35088,15647
2026-03-26 10:15:00,4509.17882,4513.17709,4498.7196,4504.87826,14457
2026-03-26 10:30:00,4504.95071,4510.84967,4489.0392,4496.55397,21810
2026-03-26 10:45:00,4496.64277,4499.03985,4492.82822,4498.38644,6211
2026-03-26 11:00:00,4498.24254,4527.35023,4498.24254,4526.19448,29107
2026-03-26 11:15:00,4526.23657,4532.40122,4523.02125,4525.64428,9379
2026-03-26 11:30:00,4525.44675,4532.1701,4525.44675,4528.18458,6723
2026-03-26 11:45:00,4528.29255,4537.8741,4526.68941,4535.01286,11184
2026-03-26 12:00:00,4534.73179,4546.06827,4534.73179,4539.06035,11336
2026-03-26 12:15:00,4539.63371,4539.63371,4528.02725,4534.34588,11606
2026-03-26 12:30:00,4534.3692,4536.62,4528.84325,4531.66355,7776
2026-03-26 12:45:00,4531.58791,4536.35567,4524.47849,4534.08475,11877
2026-03-26 13:00:00,4534.21492,4535.65917,4528.97513,4532.93961,6684
2026-03-26 13:15:00,4532.75817,4532.92935,4524.79735,4528.54319,8132
2026-03-26 13:30:00,4528.45012,4529.72032,4512.28865,4519.92923,17431
2026-03-26 13:45:00,4519.61397,4519.92053,4507.35989,4508.17201,12560
2026-03-26 14:00:00,4508.12837,4512.93575,4503.30899,4510.61703,9626
2026-03-26 14:15:00,4510.51623,4512.89622,4503.22023,4507.26548,9675
2026-03-26 14:30:00,4507.19906,4518.15433,4507.19906,4515.67791,10955
2026-03-26 14:45:00,4515.65936,4515.73227,4510.68527,4515.73227,5047
2026-03-26 15:00:00,4515.74698,4519.13522,4512.5317,4518.98666,6603
2026-03-26 15:15:00,4518.96345,4521.81457,4516.29277,4521.4894,5521
2026-03-26 15:30:00,4521.37788,4522.66776,4517.10188,4518.03421,5565
2026-03-26 15:45:00,4518.10044,4524.04796,4518.03935,4520.891,6008
2026-03-26 16:00:00,4520.81582,4521.45673,4508.17533,4508.80398,13281
2026-03-26 16:15:00,4508.87216,4511.43241,4490.71398,4493.00927,20718
2026-03-26 16:30:00,4492.20031,4497.75237,4485.6997,4487.80872,12052
2026-03-26 16:45:00,4488.34869,4488.34869,4445.38272,4445.38272,42965
2026-03-26 17:00:00,4445.47305,4450.14521,4422.65286,4423.42974,27492
2026-03-26 17:15:00,4423.1929,4438.09108,4418.00769,4438.09108,20083
2026-03-26 17:30:00,4438.09342,4444.97251,4433.56985,4444.58075,11402
2026-03-26 17:45:00,4444.62907,4458.34655,4440.53859,4455.44522,17807
2026-03-26 18:00:00,4455.14853,4458.24563,4445.0818,4447.77815,13163
2026-03-26 18:15:00,4447.69784,4450.7421,4442.06208,4447.20473,8680
2026-03-26 18:30:00,4446.87655,4462.32949,4446.87655,4454.26021,15452
2026-03-26 18:45:00,4454.7394,4463.44176,4452.45062,4454.45692,10991
2026-03-26 19:00:00,4454.3765,4459.7403,4444.65234,4444.65234,15087
2026-03-26 19:15:00,4444.91977,4445.96288,4429.45773,4431.40572,16505
2026-03-26 19:30:00,4431.33184,4435.97706,4416.64183,4419.62399,19335
2026-03-26 19:45:00,4419.49986,4438.3116,4419.49986,4430.24369,18811
2026-03-26 20:00:00,4430.77575,4432.84711,4418.51688,4427.21738,14330
2026-03-26 20:15:00,4427.32977,4433.45334,4426.33617,4430.88109,7117
2026-03-26 20:30:00,4430.18932,4430.86295,4417.95199,4427.91076,12910
2026-03-26 20:45:00,4427.77326,4427.94128,4416.74086,4421.67604,11200
2026-03-26 21:00:00,4421.90552,4425.8399,4415.7574,4424.58784,10082
2026-03-26 21:15:00,4424.55954,4446.1052,4424.55954,4446.1052,21545
2026-03-26 21:30:00,4446.28103,4446.28103,4424.59824,4426.38805,21682
2026-03-26 21:45:00,4426.26184,4446.8286,4426.26184,4441.42254,20566
2026-03-26 22:00:00,4441.05442,4446.97034,4441.05442,4442.31123,5915
2026-03-26 22:15:00,4442.24297,4452.3158,4441.6329,4442.75466,10682
2026-03-26 22:30:00,4442.60716,4450.7437,4438.64779,4443.72895,12095
2026-03-26 22:45:00,4444.17751,4444.17751,4421.96342,4422.61293,22214
2026-03-26 23:00:00,4422.77131,4444.32415,4420.96394,4443.2671,23360
2026-03-26 23:15:00,4443.22749,4444.10828,4433.269,4440.92689,10839
2026-03-26 23:30:00,4441.89481,4444.33539,4431.0932,4438.46523,13242
2026-03-26 23:45:00,4438.26759,4443.99779,4428.00827,4431.23755,15989
2026-03-27 00:00:00,4430.96102,4446.07498,4428.26239,4442.73932,17812
2026-03-27 00:15:00,4443.71259,4450.55514,4432.56419,4445.55563,17990
2026-03-27 00:30:00,4445.64832,4447.87202,4432.71119,4446.52994,15160
2026-03-27 00:45:00,4446.32203,4461.9397,4444.67116,4444.83462,17268
2026-03-27 01:00:00,4445.69823,4453.71831,4438.32755,4442.29688,15390
2026-03-27 01:15:00,4442.16468,4473.11147,4442.16468,4462.91498,30946
2026-03-27 01:30:00,4462.32924,4483.21906,4459.53875,4462.03912,23680
2026-03-27 01:45:00,4462.29058,4472.0763,4451.55983,4464.40666,20516
2026-03-27 02:00:00,4464.30741,4466.62963,4452.59244,4458.41447,14037
2026-03-27 02:15:00,4458.56376,4458.56376,4451.00634,4456.48151,7557
2026-03-27 02:30:00,4455.80587,4456.46659,4436.58498,4441.01843,19881
2026-03-27 02:45:00,4441.01374,4447.95529,4435.36777,4437.44462,12587
2026-03-27 03:00:00,4437.4349,4441.5877,4431.12644,4440.2123,10461
2026-03-27 03:15:00,4440.45054,4440.45054,4393.43202,4396.38038,47018
2026-03-27 03:30:00,4395.15823,4396.37739,4358.34529,4378.85366,38032
2026-03-27 03:45:00,4379.51853,4390.11736,4378.39474,4389.60148,11722
2026-03-27 04:00:00,4389.56172,4401.20329,4388.21231,4397.32488,12990
2026-03-27 04:15:00,4397.60914,4397.60914,4379.84986,4380.5779,17759
2026-03-27 04:30:00,4380.95792,4390.3915,4377.42045,4384.58135,12971
2026-03-27 04:45:00,4384.46596,4390.23864,4379.76784,4382.08969,10470
2026-03-27 05:00:00,4381.99254,4389.81432,4380.82653,4388.21884,8987
2026-03-27 05:15:00,4388.12831,4388.23512,4371.36544,4372.75168,16869
2026-03-27 05:30:00,4372.34228,4393.97943,4372.34228,4392.37541,21637
2026-03-27 05:45:00,4392.3069,4397.18152,4391.93333,4394.00289,5248
2026-03-27 06:00:00,4393.6378,4398.65298,4382.35915,4387.3576,16293
2026-03-27 06:15:00,4386.93445,4392.66061,4376.61087,4380.07894,16049
2026-03-27 06:30:00,4379.73513,4387.22573,4376.10175,4379.43385,11123
2026-03-27 06:45:00,4379.36551,4379.49105,4359.46535,4362.63551,20025
2026-03-27 07:00:00,4362.52539,4412.1119,4352.84304,4402.35981,59268
2026-03-27 07:15:00,4400.53808,4415.18421,4384.52525,4401.32538,30658
2026-03-27 07:30:00,4401.48255,4417.81991,4400.6918,4407.79975,17128
2026-03-27 07:45:00,4407.80382,4407.81064,4372.4971,4377.53433,35313
2026-03-27 08:00:00,4377.24518,4380.20548,4377.24518,4380.04878,2960
2026-03-27 08:15:00,4380.04745,4380.23213,4379.80621,4379.87555,425
2026-03-27 08:30:00,4379.91281,4380.39646,4379.84693,4379.84693,549
2026-03-27 08:45:00,4379.76677,4380.32677,4379.76677,4380.0676,559
2026-03-27 09:00:00,4379.02683,4402.60769,4379.02683,4401.77735,23580
2026-03-27 09:15:00,4401.47284,4407.56567,4395.02628,4397.37272,12539
2026-03-27 09:30:00,4397.25669,4415.4012,4396.49253,4411.70307,18908
2026-03-27 09:45:00,4412.68609,4412.68609,4398.84975,4407.6903,13836
2026-03-27 10:00:00,4407.4672,4412.21296,4392.18611,4393.55613,20026
2026-03-27 10:15:00,4393.53571,4399.76835,4393.26732,4398.61609,6501
2026-03-27 10:30:00,4398.47031,4408.33885,4393.96837,4398.55739,14370
2026-03-27 10:45:00,4398.34366,4405.4271,4397.63316,4405.11254,7793
2026-03-27 11:00:00,4405.50569,4410.83046,4402.31438,4404.8478,8516
2026-03-27 11:15:00,4404.94643,4404.94643,4386.33156,4389.79,18614
2026-03-27 11:30:00,4390.3048,4397.08297,4388.1247,4389.86007,8958
2026-03-27 11:45:00,4389.87586,4389.91438,4378.8413,4379.31558,11073
2026-03-27 12:00:00,4379.90558,4398.75863,4379.29937,4394.86613,19459
2026-03-27 12:15:00,4394.79459,4408.02546,4392.5118,4405.91727,15513
2026-03-27 12:30:00,4405.97977,4420.16175,4405.86862,4419.58656,14293
2026-03-27 12:45:00,4419.59191,4419.68173,4412.99821,4417.83372,6683
2026-03-27 13:00:00,4418.05005,4440.1411,4417.74165,4432.815,22399
2026-03-27 13:15:00,4432.47453,4435.90489,4426.59023,4430.5082,9314
2026-03-27 13:30:00,4431.04289,4432.69756,4424.39472,4430.36008,8302
2026-03-27 13:45:00,4430.3514,4438.88392,4423.90081,4431.61329,14983
2026-03-27 14:00:00,4431.68322,4434.45629,4421.2939,4429.3559,13162
2026-03-27 14:15:00,4429.17069,4439.30176,4429.17069,4434.45873,10131
2026-03-27 14:30:00,4434.89218,4442.23073,4430.50414,4439.05859,11726
2026-03-27 14:45:00,4438.46413,4439.05299,4433.94051,4437.12173,5112
2026-03-27 15:00:00,4436.91234,4438.10117,4433.13967,4434.57202,4961
2026-03-27 15:15:00,4434.49493,4437.61971,4431.8961,4433.87212,5723
2026-03-27 15:30:00,4433.66453,4441.29238,4433.66453,4441.29238,7627
2026-03-27 15:45:00,4441.30412,4449.26601,4441.27032,4449.00342,7995
2026-03-27 16:00:00,4448.73589,4449.011,4441.93562,4445.07533,7075
2026-03-27 16:15:00,4444.99562,4446.6224,4440.16754,4442.18906,6454
2026-03-27 16:30:00,4441.88124,4474.51937,4441.88124,4468.57688,32638
2026-03-27 16:45:00,4469.25522,4469.25522,4455.4033,4455.542,13851
2026-03-27 17:00:00,4455.23756,4472.06805,4454.13299,4468.7785,17935
2026-03-27 17:15:00,4468.79257,4469.49904,4456.82652,4463.1792,12672
2026-03-27 17:30:00,4463.15078,4469.73164,4461.64611,4466.44865,8085
2026-03-27 17:45:00,4466.68179,4466.68179,4456.94303,4459.88284,9738
2026-03-27 18:00:00,4459.96073,4460.90274,4450.8649,4454.29586,10037
2026-03-27 18:15:00,4454.24028,4456.40579,4450.98827,4452.36953,5417
2026-03-27 18:30:00,4452.13586,4454.61675,4445.65882,4448.72609,8957
2026-03-27 18:45:00,4448.62746,4452.41016,4444.76264,4446.78937,7647
2026-03-27 19:00:00,4446.81999,4447.99283,4444.06486,4446.67135,3927
2026-03-27 19:15:00,4446.6308,4446.63818,4431.78248,4433.8053,14855
2026-03-27 19:30:00,4433.63543,4438.92637,4431.29272,4436.72476,7633
2026-03-27 19:45:00,4436.75877,4437.95606,4425.64262,4425.64262,12313
2026-03-27 20:00:00,4425.65219,4432.04895,4421.04496,4429.09362,11003
2026-03-27 20:15:00,4428.91327,4436.2891,4428.91327,4435.41332,7375
2026-03-27 20:30:00,4435.45839,4437.61328,4430.52979,4431.88902,7083
2026-03-27 20:45:00,4431.80278,4432.48361,4428.16452,4428.16452,4319
2026-03-27 21:00:00,4428.24024,4433.05684,4425.11964,4425.55856,7937
2026-03-27 21:15:00,4425.46526,4433.61078,4424.40627,4429.70233,9204
2026-03-27 21:30:00,4429.68067,4429.75552,4414.44959,4414.46741,15305
2026-03-27 21:45:00,4414.23616,4420.7034,4409.75535,4414.8116,10948
2026-03-27 22:00:00,4414.84743,4416.1375,4406.69004,4413.03766,9447
2026-03-27 22:15:00,4412.93366,4416.12076,4409.32423,4415.52645,6796
2026-03-27 22:30:00,4415.56005,4419.88027,4413.98195,4419.88027,5898
2026-03-27 22:45:00,4419.35719,4425.37501,4416.54808,4416.74924,8826
2026-03-27 23:00:00,4415.9681,4426.67785,4415.06055,4425.9123,11617
2026-03-27 23:15:00,4425.84781,4432.20932,4418.69885,4428.56599,13510
2026-03-27 23:30:00,4428.57511,4438.01977,4425.61518,4433.75162,12404
2026-03-27 23:45:00,4433.35452,4445.20396,4433.35452,4438.57923,11849
2026-03-28 00:00:00,4438.24067,4441.14204,4427.21402,4429.84114,13928
2026-03-28 00:15:00,4429.86541,4441.07034,4421.48813,4423.2018,19582
2026-03-28 00:30:00,4422.99696,4431.06966,4413.46109,4428.70006,17608
2026-03-28 00:45:00,4428.8842,4442.5062,4421.91446,4429.82188,20591
2026-03-28 01:00:00,4429.75924,4462.46744,4429.28644,4455.33935,33181
2026-03-28 01:15:00,4455.80587,4470.0032,4454.79941,4454.91098,15203
2026-03-28 01:30:00,4454.89891,4463.20639,4454.24661,4461.76235,8959
2026-03-28 01:45:00,4460.93822,4512.00577,4460.93822,4512.00577,51067
2026-03-28 02:00:00,4512.44683,4534.31524,4505.83742,4529.7247,28477
2026-03-28 02:15:00,4530.26957,4547.85546,4519.43894,4546.23403,28416
2026-03-28 02:30:00,4545.25825,4550.97345,4527.6272,4532.59746,23346
2026-03-28 02:45:00,4532.58788,4535.76388,4519.7748,4524.83184,15989
2026-03-28 03:00:00,4524.86448,4531.41809,4521.27916,4528.80337,10138
2026-03-28 03:15:00,4529.01646,4533.14479,4525.86839,4527.5839,7276
2026-03-28 03:30:00,4527.61089,4528.2473,4505.95337,4511.54352,22293
2026-03-28 03:45:00,4511.37213,4522.15893,4509.4096,4514.43734,12749
2026-03-28 04:00:00,4514.44992,4518.03913,4507.00582,4511.61872,11033
2026-03-28 04:15:00,4511.71931,4511.71931,4487.30643,4492.86571,24412
2026-03-28 04:30:00,4492.54744,4499.40394,4485.99521,4491.45886,13408
2026-03-28 04:45:00,4491.46383,4498.14537,4487.44559,4487.64827,10699
2026-03-28 05:00:00,4487.79829,4497.81492,4487.52468,4497.04614,10290
2026-03-28 05:15:00,4495.86953,4510.26037,4495.86953,4509.60855,14390
2026-03-28 05:30:00,4509.59097,4527.96265,4509.49457,4525.05414,18468
2026-03-28 05:45:00,4525.05155,4525.14962,4513.94465,4517.28068,11204
2026-03-28 06:00:00,4517.2086,4517.37377,4507.56295,4511.91465,9810
2026-03-28 06:15:00,4511.93333,4523.65611,4511.82097,4522.11939,11835
2026-03-28 06:30:00,4522.12211,4525.01845,4501.41416,4508.03884,23604
2026-03-28 06:45:00,4508.10016,4521.83113,4505.39787,4514.84071,16433
2026-03-28 07:00:00,4514.75649,4514.81293,4508.32845,4509.89771,6484
2026-03-28 07:15:00,4509.80695,4509.98812,4503.86105,4505.14677,6127
2026-03-28 07:30:00,4504.79469,4512.44532,4502.02977,4505.32681,10415
2026-03-28 07:45:00,4504.81597,4505.51926,4492.13517,4494.17866,13384
2026-03-28 08:00:00,4493.40848,4510.53608,4493.40848,4507.69573,17127
2026-03-28 08:15:00,4507.70934,4507.90064,4507.61732,4507.78152,283
2026-03-28 08:30:00,4507.70333,4507.89635,4507.54654,4507.58331,349
2026-03-28 08:45:00,4507.48445,4507.89484,4507.48445,4507.69821,410
2026-03-28 09:00:00,4507.70101,4507.89644,4507.6366,4507.67019,259
2026-03-28 09:15:00,4507.6949,4507.89262,4507.64048,4507.76294,252
2026-03-28 09:30:00,4507.69883,4507.89695,4507.64433,4507.79434,252
2026-03-28 09:45:00,4507.69805,4507.89464,4507.63748,4507.70796,257
2026-03-28 10:00:00,4507.69644,4507.89233,4507.63336,4507.66312,258
2026-03-28 10:15:00,4507.69517,4507.89041,4507.64281,4507.74784,247
2026-03-28 10:30:00,4507.6999,4507.89084,4507.63226,4507.79922,258
2026-03-28 10:45:00,4507.69789,4507.89837,4507.64014,4507.73142,258
2026-03-28 11:00:00,4507.70202,4507.89895,4507.63739,4507.66467,261
2026-03-28 11:15:00,4507.69913,4507.89001,4507.64145,4507.73895,248
2026-03-28 11:30:00,4507.70863,4507.90671,4507.64821,4507.80147,258
2026-03-28 11:45:00,4507.69979,4507.89709,4507.63862,4507.75483,258
2026-03-28 12:00:00,4507.70881,4507.90634,4507.65204,4507.67687,254
2026-03-28 12:15:00,4507.70901,4507.90502,4507.64771,4507.71476,257
2026-03-28 12:30:00,4507.70277,4507.89986,4507.64764,4507.79697,252
2026-03-28 12:45:00,4507.69971,4507.90461,4507.64679,4507.7736,257
2026-03-28 13:00:00,4507.71059,4507.90347,4507.64866,4507.68558,254
2026-03-28 13:15:00,4507.71066,4507.90633,4507.64975,4507.70087,256
2026-03-28 13:30:00,4507.7046,4507.90494,4507.65112,4507.79854,253
2026-03-28 13:45:00,4507.71066,4507.90677,4507.64952,4507.78857,257
2026-03-28 14:00:00,4507.71066,4507.9046,4507.65031,4507.698,254
2026-03-28 14:15:00,4507.7127,4507.90758,4507.64632,4507.69398,261
2026-03-28 14:30:00,4507.71066,4507.90321,4507.64975,4507.786,253
2026-03-28 14:45:00,4507.71066,4507.90705,4507.64541,4507.79279,261
2026-03-28 15:00:00,4507.70283,4507.89451,4507.64472,4507.69864,249
2026-03-28 15:15:00,4507.69921,4507.9011,4507.63823,4507.6735,262
2026-03-28 15:30:00,4507.70089,4507.90432,4507.6501,4507.76841,254
2026-03-28 15:45:00,4507.70829,4507.90706,4507.6477,4507.80849,259
2026-03-28 16:00:00,4507.71066,4507.89785,4507.64734,4507.72129,250
2026-03-28 16:15:00,4507.70395,4507.89848,4507.64078,4507.66988,257
2026-03-28 16:30:00,4507.70282,4507.89712,4507.63864,4507.75127,258
2026-03-28 16:45:00,4507.70836,4507.90236,4507.64363,4507.80791,258
2026-03-28 17:00:00,4507.70692,4507.90503,4507.651,4507.74282,254
2026-03-28 17:15:00,4507.70863,4507.90678,4507.64344,4507.67701,263
2026-03-28 17:30:00,4507.70927,4507.89872,4507.64022,4507.72486,258
2026-03-28 17:45:00,4507.70013,4507.89522,4507.64495,4507.81071,250
2026-03-28 18:00:00,4507.71104,4507.90634,4507.63949,4507.74873,266
2026-03-28 18:15:00,4507.69671,4507.89692,4507.64098,4507.67073,255
2026-03-28 18:30:00,4507.69972,4507.90059,4507.63942,4507.70764,261
2026-03-28 18:45:00,4507.70033,4507.90455,4507.64831,4507.80489,256
2026-03-28 19:00:00,4507.71268,4507.90562,4507.64097,4507.77291,264
2026-03-28 19:15:00,4507.7046,4507.899,4507.64363,4507.68477,255
2026-03-28 19:30:00,4507.70619,4507.90182,4507.64952,4507.69058,252
2026-03-28 19:45:00,4507.69862,4507.89657,4507.64714,4507.79482,249
2026-03-28 20:00:00,4507.71066,4507.90488,4507.63428,4507.77356,270
2026-03-28 20:15:00,4507.69004,4507.89635,4507.63606,4507.69668,260
2026-03-28 20:30:00,4507.7066,4507.89907,4507.63884,4507.67573,260
2026-03-28 20:45:00,4507.6967,4507.88794,4507.63941,4507.77694,248
2026-03-28 21:00:00,4507.7066,4507.90282,4507.64032,4507.79154,262
2026-03-28 21:15:00,4507.69847,4507.89099,4507.63874,4507.71172,252
2026-03-28 21:30:00,4507.70519,4507.9002,4507.63546,4507.66711,264
2026-03-28 21:45:00,4507.69689,4507.90084,4507.64516,4507.76291,255
2026-03-28 22:00:00,4507.70863,4507.90883,4507.64749,4507.81213,261
2026-03-28 22:15:00,4507.71296,4507.90448,4507.6523,4507.73243,252
2026-03-28 22:30:00,4507.71096,4507.90757,4507.65107,4507.67727,256
2026-03-28 22:45:00,4507.71066,4507.90329,4507.64977,4507.74083,253
2026-03-28 23:00:00,4507.70506,4507.90506,4507.64163,4507.80799,263
2026-03-28 23:15:00,4507.7066,4507.90475,4507.65119,4507.74853,253
2026-03-28 23:30:00,4507.70884,4507.90762,4507.65227,4507.67967,255
2026-03-28 23:45:00,4507.7127,4507.90829,4507.65311,4507.73183,255
2026-03-29 00:00:00,4507.7127,4507.90539,4507.65182,4507.81139,253
2026-03-29 00:15:00,4507.7127,4507.90907,4507.65154,4507.76977,257
2026-03-29 00:30:00,4507.7127,4507.90885,4507.6554,4507.6847,253
2026-03-29 00:45:00,4507.7127,4507.90762,4507.65226,4507.71505,255
2026-03-29 01:00:00,4507.7127,4507.90828,4507.65399,4507.80414,254
2026-03-29 01:15:00,4507.7127,4507.90907,4507.65183,4507.7856,257
2026-03-29 01:30:00,4507.7127,4507.90371,4507.65154,4507.69405,252
2026-03-29 01:45:00,4507.7127,4507.90885,4507.65226,4507.70046,256
2026-03-29 02:00:00,4507.7127,4507.90763,4507.65312,4507.79286,254
2026-03-29 02:15:00,4507.7127,4507.90828,4507.65183,4507.79869,256
2026-03-29 02:30:00,4507.7127,4507.90907,4507.65669,4507.70706,252
2026-03-29 02:45:00,4507.7127,4507.90886,4507.65154,4507.68909,257
2026-03-29 03:00:00,4507.7127,4507.90648,4507.65225,4507.77834,254
2026-03-29 03:15:00,4507.7127,4507.90827,4507.65313,4507.80813,255
2026-03-29 03:30:00,4507.7127,4507.90543,4507.65183,4507.72283,253
2026-03-29 03:45:00,4507.7127,4507.90907,4507.65154,4507.68174,257
2026-03-29 04:00:00,4507.7127,4507.90886,4507.65543,4507.76159,253
2026-03-29 04:15:00,4507.7127,4507.90765,4507.65225,4507.81327,255
2026-03-29 04:30:00,4507.7127,4507.90827,4507.65396,4507.74026,254
2026-03-29 04:45:00,4507.7127,4507.90907,4507.65184,4507.67891,257
2026-03-29 05:00:00,4507.7127,4507.90367,4507.65154,4507.74379,252
2026-03-29 05:15:00,4507.7127,4507.90886,4507.65224,4507.81374,256
2026-03-29 05:30:00,4507.7127,4507.90765,4507.65314,4507.75812,254
2026-03-29 05:45:00,4507.7127,4507.90826,4507.65395,4507.68081,254
2026-03-29 06:00:00,4507.7127,4507.90906,4507.65184,4507.72618,257
2026-03-29 06:15:00,4507.7127,4507.90366,4507.65154,4507.80951,252
2026-03-29 06:30:00,4507.7127,4507.90886,4507.65224,4507.77517,256
2026-03-29 06:45:00,4507.7127,4507.90766,4507.65315,4507.6873,254
2026-03-29 07:00:00,4507.7127,4507.90826,4507.65184,4507.70999,256
2026-03-29 07:15:00,4507.7127,4507.90906,4507.65663,4507.80087,252
2026-03-29 07:30:00,4507.7127,4507.90887,4507.65154,4507.79022,257
2026-03-29 07:45:00,4507.7127,4507.90644,4507.65223,4507.69793,254
2026-03-29 08:00:00,4507.7127,4507.90825,4507.65316,4507.69635,255
2026-03-29 08:15:00,4507.7127,4507.90547,4507.65184,4507.78843,253
2026-03-29 08:30:00,4507.7127,4507.90906,4507.65153,4507.80221,257
2026-03-29 08:45:00,4507.7127,4507.90887,4507.65548,4507.71196,253
2026-03-29 09:00:00,4507.7127,4507.90767,4507.65223,4507.68622,255
2026-03-29 09:15:00,4507.7127,4507.90824,4507.65393,4507.77306,254
2026-03-29 09:30:00,4507.7127,4507.90906,4507.65185,4507.81031,257
2026-03-29 09:45:00,4507.7127,4507.90231,4507.6767,4507.68246,225
2026-03-29 10:00:00,4507.7127,4507.90887,4507.65222,4507.6803,256
2026-03-29 10:15:00,4507.7127,4507.90768,4507.65317,4507.75584,254
2026-03-29 10:30:00,4507.7127,4507.90824,4507.65185,4507.81394,256
2026-03-29 10:45:00,4507.7127,4507.90906,4507.65659,4507.74611,252
2026-03-29 11:00:00,4507.7127,4507.90888,4507.65153,4507.67901,257
2026-03-29 11:15:00,4507.7127,4507.90641,4507.65222,4507.73796,254
2026-03-29 11:30:00,4507.7127,4507.90769,4507.65318,4507.81286,254
2026-03-29 11:45:00,4507.7127,4507.90823,4507.65186,4507.76384,256
2026-03-29 12:00:00,4507.7127,4507.90906,4507.65658,4507.68244,252
2026-03-29 12:15:00,4507.7127,4507.90888,4507.65153,4507.72068,257
2026-03-29 12:30:00,4507.7127,4507.9064,4507.65222,4507.80715,254
2026-03-29 12:45:00,4507.7127,4507.90823,4507.65319,4507.78036,255
2026-03-29 13:00:00,4507.7127,4507.90552,4507.65186,4507.69035,253
2026-03-29 13:15:00,4507.7127,4507.90906,4507.65153,4507.70521,257
2026-03-29 13:30:00,4507.7127,4507.90888,4507.65552,4507.79719,253
2026-03-29 13:45:00,4507.7127,4507.9077,4507.65221,4507.79452,255
2026-03-29 14:00:00,4507.7127,4507.90822,4507.65389,4507.70218,254
2026-03-29 14:15:00,4507.7127,4507.90906,4507.65186,4507.69262,257
2026-03-29 14:30:00,4507.7127,4507.90356,4507.65153,4507.78369,252
2026-03-29 14:45:00,4507.7127,4507.90888,4507.65221,4507.80532,256
2026-03-29 15:00:00,4507.7127,4507.90771,4507.6532,4507.71711,254
2026-03-29 15:15:00,4507.7127,4507.90822,4507.65187,4507.6838,256
2026-03-29 15:30:00,4507.7127,4507.90905,4507.65654,4507.76759,252
2026-03-29 15:45:00,4507.7127,4507.90889,4507.65153,4507.812,257
2026-03-29 16:00:00,4507.7127,4507.90637,4507.6522,4507.7341,254
2026-03-29 16:15:00,4507.7127,4507.90821,4507.65321,4507.67936,254
2026-03-29 16:30:00,4507.7127,4507.90555,4507.65187,4507.75001,253
2026-03-29 16:45:00,4507.7127,4507.90905,4507.65153,4507.81411,257
2026-03-29 17:00:00,4507.7127,4507.90889,4507.65556,4507.75195,253
2026-03-29 17:15:00,4507.7127,4507.90772,4507.6522,4507.67962,255
2026-03-29 17:30:00,4507.7127,4507.90821,4507.65322,4507.73219,254
2026-03-29 17:45:00,4507.7127,4507.90556,4507.65187,4507.81149,253
2026-03-29 18:00:00,4507.7127,4507.90905,4507.65153,4507.76943,257
2026-03-29 18:15:00,4507.7127,4507.90889,4507.65557,4507.68455,253
2026-03-29 18:30:00,4507.7127,4507.90773,4507.65219,4507.71537,255
2026-03-29 18:45:00,4507.7127,4507.9082,4507.65385,4507.80433,254
2026-03-29 19:00:00,4507.7127,4507.90905,4507.65188,4507.7853,257
2026-03-29 19:15:00,4507.7127,4507.90351,4507.65153,4507.69382,251
2026-03-29 19:30:00,4507.7127,4507.90889,4507.65219,4507.70073,256
2026-03-29 19:45:00,4507.7127,4507.90774,4507.65323,4507.79313,254
2026-03-29 20:00:00,4507.7127,4507.9082,4507.65188,4507.79846,256
2026-03-29 20:15:00,4507.7127,4507.90905,4507.65649,4507.70676,252
2026-03-29 20:30:00,4507.7127,4507.9089,4507.65153,4507.68929,257
2026-03-29 20:45:00,4507.7127,4507.90633,4507.65218,4507.77866,254
2026-03-29 21:00:00,4507.7127,4507.90819,4507.65324,4507.80798,254
2026-03-29 21:15:00,4507.7127,4507.90559,4507.65188,4507.72249,253
2026-03-29 21:30:00,4507.7127,4507.90905,4507.65153,4507.68184,257
2026-03-29 21:45:00,4507.7127,4507.9089,4507.6556,4507.76195,253
2026-03-29 22:00:00,4507.7127,4507.90775,4507.65218,4507.81321,255
2026-03-29 22:15:00,4507.7127,4507.90818,4507.65383,4507.73989,254
2026-03-29 22:30:00,4507.7127,4507.90905,4507.65189,4507.67892,257
2026-03-29 22:45:00,4507.7127,4507.90347,4507.65153,4507.74416,251
2026-03-29 23:00:00,4507.7127,4507.9089,4507.65217,4507.81378,256
2026-03-29 23:15:00,4507.7127,4507.90776,4507.65326,4507.75776,254
2026-03-29 23:30:00,4507.7127,4507.90818,4507.65382,4507.68072,254
2026-03-29 23:45:00,4507.7127,4507.90904,4507.65189,4507.72653,257
2026-03-30 00:00:00,4507.7127,4507.90345,4507.65153,4507.80964,251
2026-03-30 00:15:00,4507.7127,4507.90891,4507.65217,4507.77484,256
2026-03-30 00:30:00,4507.7127,4507.90776,4507.65326,4507.68713,254
2026-03-30 00:45:00,4507.7127,4507.90817,4507.65189,4507.7103,256
2026-03-30 01:00:00,4507.7127,4507.90904,4507.65644,4507.80109,252
2026-03-30 01:15:00,4507.7127,4507.90891,4507.65153,4507.78994,257
2026-03-30 01:30:00,4507.7127,4507.90629,4507.65216,4507.69768,254
2026-03-30 01:45:00,4507.7127,4507.90817,4507.65327,4507.6966,254
2026-03-30 02:00:00,4507.7127,4507.90563,4507.6519,4507.78872,253
2026-03-30 02:15:00,4507.7127,4507.90904,4507.65152,4507.802,257
2026-03-30 02:30:00,4507.7127,4507.90891,4507.65565,4507.71164,253
2026-03-30 02:45:00,4507.7127,4507.90778,4507.65216,4507.68639,255
2026-03-30 03:00:00,4507.7127,4507.90816,4507.65379,4507.7734,254
2026-03-30 03:15:00,4507.7127,4507.90904,4507.6519,4507.81019,257
2026-03-30 03:30:00,4507.7127,4507.90341,4507.65152,4507.72805,251
2026-03-30 03:45:00,4507.7127,4507.90891,4507.65215,4507.68038,256
2026-03-30 04:00:00,4507.7127,4507.90778,4507.65329,4507.7562,254
2026-03-30 04:15:00,4507.7127,4507.90816,4507.6519,4507.81392,256
2026-03-30 04:30:00,4507.7127,4507.90904,4507.6564,4507.74574,252
2026-03-30 04:45:00,4507.7127,4507.90892,4507.65152,4507.67899,257
2026-03-30 05:00:00,4507.7127,4507.89017,4507.63074,4507.72152,259
2026-03-30 05:15:00,4507.69663,4507.89926,4507.63884,4507.79449,260
2026-03-30 05:30:00,4507.6933,4507.89584,4507.63171,4507.76631,264
2026-03-30 05:45:00,4507.71444,4507.8929,4507.64608,4507.67238,246
2026-03-30 06:00:00,4507.70215,4507.8926,4507.64134,4507.71442,251
2026-03-30 06:15:00,4507.70669,4507.90024,4507.6441,4507.79069,256
2026-03-30 06:30:00,4507.69564,4507.90824,4507.64066,4507.77443,267
2026-03-30 06:45:00,4507.70656,4507.88919,4507.64165,4507.67826,247
2026-03-30 07:00:00,4507.70172,4507.97831,4507.64034,4507.7022,337
2026-03-30 07:15:00,4507.70858,4508.12111,4507.64177,4507.79046,479
2026-03-30 07:30:00,4507.70416,4507.97146,4507.64075,4507.78478,330
2026-03-30 07:45:00,4507.70268,4507.88814,4507.55015,4507.68007,337
2026-03-30 08:00:00,4507.69192,4507.89075,4506.40661,4507.62308,1484
2026-03-30 08:15:00,4507.64904,4508.29031,4507.51751,4507.75131,772
2026-03-30 08:30:00,4507.66516,4507.91814,4507.27313,4507.68457,645
2026-03-30 08:45:00,4507.58093,4507.96956,4493.14313,4493.74152,14826
2026-03-30 09:00:00,4495.28766,4509.81819,4469.93202,4495.44762,39886
2026-03-30 09:15:00,4495.16096,4510.20916,4492.77062,4510.13818,17438
2026-03-30 09:30:00,4510.35234,4513.34994,4495.56695,4496.39911,17782
2026-03-30 09:45:00,4496.53244,4496.55532,4480.20367,4483.59519,16351
2026-03-30 10:00:00,4482.97301,4492.08089,4472.2337,4477.92162,19847
2026-03-30 10:15:00,4477.89238,4483.34453,4472.02363,4474.29439,11320
2026-03-30 10:30:00,4474.72094,4474.72094,4447.76628,4452.09895,26954
2026-03-30 10:45:00,4452.2227,4456.91082,4443.98757,4448.37083,12923
2026-03-30 11:00:00,4446.69772,4448.33836,4420.32741,4428.8143,28010
2026-03-30 11:15:00,4428.28205,4464.61683,4426.06166,4453.19742,38555
2026-03-30 11:30:00,4452.31947,4460.5777,4437.4818,4439.19403,23095
2026-03-30 11:45:00,4439.17443,4441.77374,4432.02691,4432.35076,9746
2026-03-30 12:00:00,4433.82387,4459.8116,4431.68403,4456.38879,28127
2026-03-30 12:15:00,4456.42088,4464.24094,4445.41744,4449.64762,18823
2026-03-30 12:30:00,4449.74665,4478.3707,4446.30807,4468.19024,32062
2026-03-30 12:45:00,4468.97451,4476.6854,4460.03155,4469.06875,16653
2026-03-30 13:00:00,4469.0462,4474.76026,4465.73077,4471.06952,9029
2026-03-30 13:15:00,4470.68491,4473.25003,4467.57877,4471.46379,5671
2026-03-30 13:30:00,4471.6116,4496.24059,4460.11279,4494.5732,36127
2026-03-30 13:45:00,4494.33666,4495.25157,4479.38857,4482.67587,15863
2026-03-30 14:00:00,4482.60087,4507.22844,4482.18755,4503.71872,25040
2026-03-30 14:15:00,4503.34878,4516.0865,4503.34878,4507.52572,12737
2026-03-30 14:30:00,4507.40307,4507.55015,4501.2949,4504.04774,6255
2026-03-30 14:45:00,4504.19862,4507.18031,4495.33139,4496.60501,11848
2026-03-30 15:00:00,4496.75146,4497.93097,4487.96508,4487.96508,9965
2026-03-30 15:15:00,4487.95235,4493.85672,4486.72112,4491.16561,7135
2026-03-30 15:30:00,4491.16327,4491.22947,4486.88774,4487.5635,4341
2026-03-30 15:45:00,4487.46608,4499.01546,4487.35789,4497.15176,11657
2026-03-30 16:00:00,4497.2793,4507.10756,4497.11912,4506.10938,9988
2026-03-30 16:15:00,4506.19531,4514.92851,4504.43624,4505.92473,10492
2026-03-30 16:30:00,4506.1317,4516.48272,4505.7524,4508.93355,10730
2026-03-30 16:45:00,4509.45073,4527.85832,4508.90866,4522.54346,18949
2026-03-30 17:00:00,4523.105,4533.14786,4516.12936,4531.1826,17018
2026-03-30 17:15:00,4531.21005,4535.33252,4525.94793,4529.14806,9384
2026-03-30 17:30:00,4529.20746,4542.0215,4527.54253,4540.04694,14478
2026-03-30 17:45:00,4539.97491,4552.27562,4530.26207,4532.80792,22013
2026-03-30 18:00:00,4532.76285,4534.70324,4525.04778,4531.48043,9655
2026-03-30 18:15:00,4531.76963,4535.73231,4522.64632,4522.64632,13085
2026-03-30 18:30:00,4522.53427,4524.79804,4516.0997,4519.59727,8698
2026-03-30 18:45:00,4519.47526,4527.71678,4519.47526,4526.77722,8241
2026-03-30 19:00:00,4526.75986,4536.19666,4526.15922,4533.6962,10037
2026-03-30 19:15:00,4533.59862,4534.75583,4526.11816,4529.53339,8637
2026-03-30 19:30:00,4529.46743,4537.97302,4529.39578,4533.17457,8577
2026-03-30 19:45:00,4533.10902,4540.83032,4533.10902,4539.82951,7721
2026-03-30 20:00:00,4539.93187,4539.93187,4529.33164,4529.65317,10600
2026-03-30 20:15:00,4529.48627,4536.93118,4526.2864,4529.38747,10644
2026-03-30 20:30:00,4529.28227,4537.91871,4524.08597,4537.00898,13832
2026-03-30 20:45:00,4536.90091,4538.52936,4530.09116,4531.80536,8438
2026-03-30 21:00:00,4531.75991,4535.72585,4530.09887,4533.07858,5626
2026-03-30 21:15:00,4533.02852,4538.61962,4529.92103,4531.7613,8698
2026-03-30 21:30:00,4531.91764,4534.08906,4528.08455,4532.99235,6004
2026-03-30 21:45:00,4533.03047,4536.859,4529.25697,4532.34626,7602
2026-03-30 22:00:00,4532.36492,4541.46596,4526.49033,4539.55675,14975
2026-03-30 22:15:00,4539.54933,4548.45115,4538.50493,4539.978,9946
2026-03-30 22:30:00,4539.46471,4550.59143,4538.94347,4550.59143,11647
2026-03-30 22:45:00,4549.25125,4577.29626,4549.25125,4557.71054,28045
2026-03-30 23:00:00,4557.57596,4561.34799,4548.22435,4558.60101,13123
2026-03-30 23:15:00,4558.73124,4568.98291,4556.97881,4566.92199,12004
2026-03-30 23:30:00,4566.84956,4577.33468,4566.38652,4575.00323,10948
2026-03-30 23:45:00,4575.35321,4575.81124,4564.77237,4570.37325,11038
2026-03-31 00:00:00,4571.09393,4579.18712,4563.97,4565.73258,15217
2026-03-31 00:15:00,4565.82775,4570.46298,4561.156,4569.63354,9306
2026-03-31 00:30:00,4569.74571,4571.60329,4543.6741,4545.74723,27929
2026-03-31 00:45:00,4546.36758,4546.83158,4523.49173,4523.49173,23339
2026-03-31 01:00:00,4523.4331,4536.80019,4515.31548,4533.62138,21484
2026-03-31 01:15:00,4533.69002,4533.69002,4512.59511,4519.90056,21094
2026-03-31 01:30:00,4520.19547,4532.80342,4519.6468,4522.9059,13156
2026-03-31 01:45:00,4522.77401,4543.17052,4522.77401,4539.4581,20396
2026-03-31 02:00:00,4539.18361,4541.82972,4533.57926,4536.40545,8250
2026-03-31 02:15:00,4537.09658,4537.09658,4523.94962,4531.83714,13146
2026-03-31 02:30:00,4531.85612,4552.93641,4529.47575,4552.66739,23460
2026-03-31 02:45:00,4552.63661,4556.89238,4546.1065,4548.74607,10785
2026-03-31 03:00:00,4548.73694,4548.83592,4536.43918,4545.84651,12396
2026-03-31 03:15:00,4545.55007,4548.55194,4537.99266,4537.99266,10559
2026-03-31 03:30:00,4537.51787,4547.77271,4535.55768,4546.50398,12215
2026-03-31 03:45:00,4546.46012,4548.1149,4537.43317,4538.34321,10681
2026-03-31 04:00:00,4538.06328,4540.82983,4521.13549,4524.6837,19694
2026-03-31 04:15:00,4524.51642,4529.80928,4521.86045,4528.21626,7948
2026-03-31 04:30:00,4528.65405,4528.65405,4515.80992,4524.10181,12844
2026-03-31 04:45:00,4524.02238,4524.70367,4511.57215,4513.50548,13131
2026-03-31 05:00:00,4512.7946,4523.67816,4512.7946,4517.21194,10883
2026-03-31 05:15:00,4517.44356,4520.80618,4512.2959,4513.74336,8510
2026-03-31 05:30:00,4513.60004,4519.49147,4513.15708,4514.85453,6334
2026-03-31 05:45:00,4514.85525,4518.14836,4498.99942,4501.10489,19148
2026-03-31 06:00:00,4501.37224,4504.11585,4495.17385,4497.70668,8942
2026-03-31 06:15:00,4497.89114,4502.62298,4493.24474,4502.37996,9378
2026-03-31 06:30:00,4502.31094,4512.1026,4498.94502,4504.3207,13157
2026-03-31 06:45:00,4503.99946,4520.7502,4503.99946,4513.40774,16750
2026-03-31 07:00:00,4513.5833,4515.99034,4506.42693,4508.23981,9563
2026-03-31 07:15:00,4508.20167,4509.50739,4500.70005,4505.27949,8807
2026-03-31 07:30:00,4505.31349,4506.71159,4499.93447,4503.57307,6777
2026-03-31 07:45:00,4503.63227,4510.8908,4503.01355,4510.8908,7877
2026-03-31 08:00:00,4510.73835,4511.53226,4510.73835,4511.3447,793
2026-03-31 08:15:00,4511.27543,4511.51337,4511.07831,4511.15366,435
2026-03-31 08:30:00,4511.18673,4511.60016,4511.11995,4511.33004,480
2026-03-31 08:45:00,4511.33042,4511.48474,4511.16344,4511.43424,321
2026-03-31 09:00:00,4511.76606,4519.12442,4506.51838,4509.97498,12606
2026-03-31 09:15:00,4510.00066,4512.96306,4506.16182,4512.96306,6801
2026-03-31 09:30:00,4512.77053,4515.56875,4509.38475,4509.86256,6184
2026-03-31 09:45:00,4509.83935,4514.64405,4509.61318,4514.64405,5030
2026-03-31 10:00:00,4513.50184,4514.62039,4496.30462,4498.65179,18315
2026-03-31 10:15:00,4498.58076,4508.73845,4498.58076,4505.65216,10157
2026-03-31 10:30:00,4505.55309,4518.91625,4504.55974,4518.08438,14356
2026-03-31 10:45:00,4518.10792,4520.18793,4509.98092,4511.55784,10207
2026-03-31 11:00:00,4511.46592,4526.4678,4511.46592,4518.07557,15001
2026-03-31 11:15:00,4517.57938,4518.06768,4486.81893,4511.03692,31248
2026-03-31 11:30:00,4510.93816,4533.52454,4506.46127,4531.98419,27063
2026-03-31 11:45:00,4532.22798,4547.39809,4532.00979,4545.86061,15388
2026-03-31 12:00:00,4546.01592,4552.34258,4532.21713,4542.55943,20125
2026-03-31 12:15:00,4543.02253,4584.00628,4542.55179,4578.3583,41454
2026-03-31 12:30:00,4577.74546,4617.24455,4577.74546,4617.24455,39499
2026-03-31 12:45:00,4617.66956,4620.74017,4600.40355,4604.18957,20336
2026-03-31 13:00:00,4604.22124,4604.23687,4588.69379,4590.63545,15543
2026-03-31 13:15:00,4590.34061,4590.60102,4578.80008,4582.71764,11800
2026-03-31 13:30:00,4582.5527,4589.01123,4579.627,4585.56863,9384
2026-03-31 13:45:00,4585.70781,4587.96962,4566.83335,4570.41462,21136
2026-03-31 14:00:00,4570.64285,4578.45011,4567.10907,4571.18809,11341
2026-03-31 14:15:00,4571.03809,4571.2196,4554.88363,4562.17012,16335
2026-03-31 14:30:00,4562.10024,4564.20689,4552.09253,4554.74136,12114
2026-03-31 14:45:00,4555.16279,4557.51988,4549.58428,4556.83736,7935
2026-03-31 15:00:00,4556.67617,4565.12285,4556.45934,4558.44332,8663
2026-03-31 15:15:00,4558.41489,4567.12655,4558.2367,4561.74976,8889
2026-03-31 15:30:00,4561.66764,4564.24013,4560.06602,4563.16519,4174
2026-03-31 15:45:00,4562.99891,4567.07523,4561.94044,4566.16332,5134
2026-03-31 16:00:00,4566.30527,4569.68208,4552.74226,4552.8699,16939
2026-03-31 16:15:00,4552.79806,4566.85532,4552.27511,4562.10425,14580
2026-03-31 16:30:00,4562.08893,4578.48187,4561.14391,4576.657,17337
2026-03-31 16:45:00,4576.54306,4581.53909,4568.05738,4568.3607,13481
2026-03-31 17:00:00,4568.03002,4568.34425,4556.98313,4558.88432,11361
2026-03-31 17:15:00,4558.89172,4566.25514,4554.97675,4560.74233,11278
2026-03-31 17:30:00,4560.54598,4565.412,4555.42517,4558.0011,9986
2026-03-31 17:45:00,4557.73577,4560.13609,4556.21255,4557.72802,3923
2026-03-31 18:00:00,4557.6106,4562.68106,4551.49031,4551.49031,11190
2026-03-31 18:15:00,4551.76246,4555.43337,4545.50884,4554.51658,9924
2026-03-31 18:30:00,4554.48161,4561.37743,4552.97906,4559.76403,8398
2026-03-31 18:45:00,4559.67052,4569.31361,4557.67007,4564.32377,11643
2026-03-31 19:00:00,4564.10401,4573.34438,4562.04644,4565.21605,11297
2026-03-31 19:15:00,4565.28532,4571.28371,4564.36713,4571.28371,6916
2026-03-31 19:30:00,4571.233,4575.21635,4568.23391,4571.5584,6982
2026-03-31 19:45:00,4571.47505,4573.37228,4568.17539,4569.09877,5196
2026-03-31 20:00:00,4568.80671,4571.12397,4564.6383,4567.84418,6485
2026-03-31 20:15:00,4567.69102,4569.40111,4561.22744,4562.32805,8173
2026-03-31 20:30:00,4562.58318,4562.66825,4549.20936,4554.67753,13458
2026-03-31 20:45:00,4554.77117,4564.61592,4551.12283,4554.56787,13493
2026-03-31 21:00:00,4554.62603,4560.92225,4554.56367,4558.37328,6358
2026-03-31 21:15:00,4558.57222,4562.16721,4555.42997,4560.55459,6737
2026-03-31 21:30:00,4560.57453,4560.57992,4536.16837,4543.88611,24411
2026-03-31 21:45:00,4544.22367,4550.34709,4539.2681,4547.15469,11078
2026-03-31 22:00:00,4547.36048,4550.24729,4542.86051,4549.93225,7386
2026-03-31 22:15:00,4549.94839,4581.20439,4549.85169,4580.0254,31352
2026-03-31 22:30:00,4581.05625,4589.24667,4568.52806,4589.0328,20718
2026-03-31 22:45:00,4588.52008,4591.88006,4577.20873,4581.57957,14671
2026-03-31 23:00:00,4581.52634,4594.86964,4576.9421,4580.29584,17927
2026-03-31 23:15:00,4580.4179,4581.2675,4572.76318,4579.46388,8504
2026-03-31 23:30:00,4579.40981,4588.23451,4577.3322,4578.88391,10902
2026-03-31 23:45:00,4578.81094,4581.26059,4570.36116,4575.98198,10899
2026-04-01 00:00:00,4575.81647,4581.50589,4568.79547,4578.85625,12710
2026-04-01 00:15:00,4578.81286,4587.59524,4575.48901,4575.48901,12106
2026-04-01 00:30:00,4575.45568,4588.41627,4572.22817,4587.89438,16188
2026-04-01 00:45:00,4588.02011,4607.51966,4586.82448,4607.3167,20695
2026-04-01 01:00:00,4606.81106,4620.96624,4605.02321,4611.38852,15943
2026-04-01 01:15:00,4611.34504,4617.97453,4603.01491,4617.97453,14959
2026-04-01 01:30:00,4617.69947,4627.84943,4605.8454,4606.37333,22004
2026-04-01 01:45:00,4606.52716,4609.12512,4593.18123,4600.54376,15943
2026-04-01 02:00:00,4600.38305,4618.98493,4600.12624,4618.98493,18858
2026-04-01 02:15:00,4618.74379,4622.61087,4610.9191,4611.02273,11691
2026-04-01 02:30:00,4610.88532,4621.50839,4608.89167,4620.62922,12616
2026-04-01 02:45:00,4620.72362,4623.66025,4610.4739,4611.40288,13186
2026-04-01 03:00:00,4611.50764,4618.44131,4607.85211,4612.47874,10589
2026-04-01 03:15:00,4612.45786,4618.61497,4610.33639,4617.73253,8278
2026-04-01 03:30:00,4617.74727,4649.66935,4616.55217,4644.20557,33117
2026-04-01 03:45:00,4645.28202,4645.28202,4632.18672,4640.78926,13095
2026-04-01 04:00:00,4640.50749,4654.01088,4639.22806,4643.50305,14782
2026-04-01 04:15:00,4643.41694,4657.6665,4642.65943,4647.32251,15007
2026-04-01 04:30:00,4647.41411,4662.89427,4646.44165,4657.77281,16452
2026-04-01 04:45:00,4658.18915,4665.94495,4654.94245,4655.44479,11002
2026-04-01 05:00:00,4655.27449,4668.01244,4655.27449,4666.49721,12737
2026-04-01 05:15:00,4666.61425,4668.74829,4660.62872,4664.90305,8119
2026-04-01 05:30:00,4664.74342,4670.38569,4662.2743,4665.47539,8111
2026-04-01 05:45:00,4664.8107,4671.84089,4664.8107,4667.96492,7030
2026-04-01 06:00:00,4668.51642,4674.82408,4664.14327,4670.0889,10680
2026-04-01 06:15:00,4669.60013,4678.59311,4669.39214,4672.42179,9200
2026-04-01 06:30:00,4672.63942,4684.30244,4672.27494,4679.38553,12027
2026-04-01 06:45:00,4679.07843,4684.74132,4679.07843,4683.73771,5662
2026-04-01 07:00:00,4683.78257,4684.65359,4677.28105,4679.1986,7372
2026-04-01 07:15:00,4679.04066,4681.69431,4670.37528,4671.61438,11319
2026-04-01 07:30:00,4671.70391,4675.01703,4667.47683,4668.59231,7540
2026-04-01 07:45:00,4668.50427,4670.17079,4666.74447,4668.12263,3426
2026-04-01 08:00:00,4667.90257,4672.26151,4667.90257,4672.08227,4358
2026-04-01 08:15:00,4672.03054,4672.29771,4671.84267,4672.14305,455
2026-04-01 08:30:00,4672.04079,4672.24183,4671.94562,4672.07705,296
2026-04-01 08:45:00,4672.02377,4672.22533,4671.93378,4671.99052,291
2026-04-01 09:00:00,4672.92247,4683.38379,4661.71292,4665.06593,21670
2026-04-01 09:15:00,4666.07813,4682.51066,4662.81339,4675.04531,19697
2026-04-01 09:30:00,4674.87231,4693.85419,4672.24897,4687.88578,21605
2026-04-01 09:45:00,4688.5979,4688.5979,4657.92829,4681.25104,30669
2026-04-01 10:00:00,4681.35886,4682.43254,4673.83972,4678.1937,8592
2026-04-01 10:15:00,4677.83466,4685.68402,4673.75551,4681.75776,11928
2026-04-01 10:30:00,4681.35272,4693.52408,4681.35272,4690.85143,12171
2026-04-01 10:45:00,4690.9119,4699.30417,4689.3227,4698.71852,9981
2026-04-01 11:00:00,4699.00259,4704.47878,4694.05545,4701.31417,10423
2026-04-01 11:15:00,4700.53164,4720.86249,4700.53164,4720.86249,20330
2026-04-01 11:30:00,4720.79294,4721.64809,4700.93574,4705.34088,20712
2026-04-01 11:45:00,4705.4612,4718.49383,4705.21809,4710.95346,13275
2026-04-01 12:00:00,4711.85826,4722.70035,4694.83591,4708.13305,27864
2026-04-01 12:15:00,4708.55042,4708.55042,4694.5287,4704.46088,14021
2026-04-01 12:30:00,4704.6612,4707.29433,4683.16273,4687.36108,24131
2026-04-01 12:45:00,4687.2876,4697.73481,4687.13382,4689.81592,10600
2026-04-01 13:00:00,4690.18628,4701.17195,4688.50836,4692.18213,12663
2026-04-01 13:15:00,4691.87791,4696.96406,4685.14964,4687.30534,11814
2026-04-01 13:30:00,4687.35766,4687.48153,4678.2727,4681.69452,9208
2026-04-01 13:45:00,4681.70854,4689.5281,4680.0674,4685.46177,9460
2026-04-01 14:00:00,4685.40553,4692.75927,4682.65263,4691.19349,10106
2026-04-01 14:15:00,4691.15756,4692.70157,4686.77652,4686.77652,5925
2026-04-01 14:30:00,4686.74317,4688.84665,4684.78439,4686.24311,4062
2026-04-01 14:45:00,4686.4424,4689.36819,4679.37447,4681.9154,9993
2026-04-01 15:00:00,4681.90212,4681.98813,4673.5713,4674.72596,8416
2026-04-01 15:15:00,4674.70465,4674.7677,4668.31444,4672.69927,6453
2026-04-01 15:30:00,4672.57119,4676.69536,4671.09544,4676.53402,5599
2026-04-01 15:45:00,4676.56831,4681.92917,4673.6425,4675.99342,8286
2026-04-01 16:00:00,4675.81717,4684.6897,4675.26216,4684.20827,9427
2026-04-01 16:15:00,4684.13991,4689.26454,4681.11323,4684.9464,8151
2026-04-01 16:30:00,4685.75391,4703.93961,4684.77321,4701.94802,19166
2026-04-01 16:45:00,4701.86294,4703.12196,4684.14338,4685.53979,18978
2026-04-01 17:00:00,4685.43504,4696.32884,4683.24924,4696.32884,13079
2026-04-01 17:15:00,4696.45198,4709.92594,4695.50223,4707.81957,14423
2026-04-01 17:30:00,4707.75212,4712.78819,4702.92629,4708.53587,9861
2026-04-01 17:45:00,4709.1422,4732.63739,4708.52021,4731.33132,24117
2026-04-01 18:00:00,4731.13753,4731.31057,4715.21794,4715.73788,16092
2026-04-01 18:15:00,4715.82914,4727.37638,4714.28058,4722.25415,13095
2026-04-01 18:30:00,4722.13951,4746.44998,4722.10417,4732.18834,24345
2026-04-01 18:45:00,4732.66738,4732.66738,4709.4483,4712.4766,23219
2026-04-01 19:00:00,4712.45117,4724.0141,4712.45117,4718.58847,11562
2026-04-01 19:15:00,4718.46689,4733.77775,4717.3527,4730.05314,16425
2026-04-01 19:30:00,4729.80686,4739.30018,4728.70073,4732.08532,10599
2026-04-01 19:45:00,4732.04018,4732.47455,4728.26516,4729.98868,4209
2026-04-01 20:00:00,4730.33128,4730.33128,4718.1793,4718.76999,12151
2026-04-01 20:15:00,4718.68014,4722.6757,4713.84554,4719.12054,8830
2026-04-01 20:30:00,4719.15217,4722.02389,4715.75115,4719.39693,6272
2026-04-01 20:45:00,4719.6432,4726.98558,4719.31606,4722.88831,7669
2026-04-01 21:00:00,4722.77565,4723.45403,4716.38208,4717.04449,7071
2026-04-01 21:15:00,4717.01041,4727.96291,4716.43398,4725.70037,11528
2026-04-01 21:30:00,4726.18661,4734.93958,4725.67459,4734.93958,9264
2026-04-01 21:45:00,4734.85324,4738.13189,4727.91404,4731.38125,10217
2026-04-01 22:00:00,4731.29059,4739.38409,4730.17569,4736.77893,9208
2026-04-01 22:15:00,4736.72202,4746.03669,4736.72202,4744.7893,9314
2026-04-01 22:30:00,4744.70943,4761.70912,4744.70943,4760.88372,16999
2026-04-01 22:45:00,4760.77779,4762.15991,4755.08808,4755.65238,7071
2026-04-01 23:00:00,4755.93031,4755.93031,4740.10734,4743.84841,15822
2026-04-01 23:15:00,4743.85105,4744.09257,4724.57474,4732.41511,19517
2026-04-01 23:30:00,4732.89193,4746.6286,4732.12517,4738.13916,14503
2026-04-01 23:45:00,4737.0455,4744.64281,4724.3409,4725.99643,20301
2026-04-02 00:00:00,4725.93425,4733.1365,4718.22417,4732.23622,14912
2026-04-02 00:15:00,4731.9791,4741.27669,4730.88434,4737.7037,10392
2026-04-02 00:30:00,4737.27213,4748.87141,4735.37838,4739.0697,13493
2026-04-02 00:45:00,4738.2476,4747.29636,4732.01149,4737.82246,15284
2026-04-02 01:00:00,4738.19057,4748.5067,4729.91016,4745.51897,18596
2026-04-02 01:15:00,4745.55854,4755.46143,4733.85479,4741.46048,21606
2026-04-02 01:30:00,4741.57769,4756.5877,4738.33217,4753.0199,18255
2026-04-02 01:45:00,4753.10364,4766.73004,4753.04339,4762.65678,13686
2026-04-02 02:00:00,4762.8843,4772.006,4759.14045,4766.07875,12865
2026-04-02 02:15:00,4766.05773,4775.02377,4763.25928,4772.65913,11764
2026-04-02 02:30:00,4772.69965,4784.41489,4770.92193,4784.41489,13492
2026-04-02 02:45:00,4784.4557,4788.39096,4782.92681,4786.85294,5464
2026-04-02 03:00:00,4786.75,4790.83546,4775.38349,4776.88112,15451
2026-04-02 03:15:00,4776.73914,4784.68859,4776.08997,4776.08997,8598
2026-04-02 03:30:00,4775.90057,4785.03254,4775.90057,4783.80558,9131
2026-04-02 03:45:00,4783.77639,4790.04776,4782.31476,4787.61724,7733
2026-04-02 04:00:00,4787.65165,4792.52135,4787.34345,4789.5592,5177
2026-04-02 04:15:00,4789.37854,4789.52808,4783.73927,4786.07772,5788
2026-04-02 04:30:00,4786.20385,4786.20385,4776.376,4783.46287,9827
2026-04-02 04:45:00,4783.50251,4783.55702,4775.4713,4775.4713,8085
2026-04-02 05:00:00,4775.67856,4775.67856,4762.61237,4771.5386,13066
2026-04-02 05:15:00,4771.38256,4771.51992,4753.36205,4755.40235,18157
2026-04-02 05:30:00,4755.53865,4761.51931,4741.18272,4757.37377,20336
2026-04-02 05:45:00,4757.31826,4759.75837,4751.42253,4753.50775,8335
2026-04-02 06:00:00,4753.45455,4764.61796,4752.99073,4759.42717,11627
2026-04-02 06:15:00,4759.33513,4768.56886,4759.33513,4764.77409,9233
2026-04-02 06:30:00,4764.56735,4776.30828,4762.37209,4771.92673,13936
2026-04-02 06:45:00,4772.2936,4772.2936,4758.456,4768.03194,13837
2026-04-02 07:00:00,4767.94778,4769.06887,4763.68953,4769.06887,5379
2026-04-02 07:15:00,4769.10852,4770.97448,4762.53553,4763.22901,8438
2026-04-02 07:30:00,4763.03804,4763.26569,4756.65865,4759.34696,6607
2026-04-02 07:45:00,4759.48625,4763.99131,4757.08475,4758.2884,6906
2026-04-02 08:00:00,4758.21991,4758.99712,4758.053,4758.74733,944
2026-04-02 08:15:00,4758.78209,4758.98433,4758.71135,4758.81132,272
2026-04-02 08:30:00,4758.77106,4758.9567,4758.55995,4758.89593,396
2026-04-02 08:45:00,4758.78889,4758.98861,4758.6876,4758.76641,301
2026-04-02 09:00:00,4758.99594,4765.34125,4752.50154,4758.69155,12839
2026-04-02 09:15:00,4758.24136,4773.70707,4758.24136,4772.58684,15465
2026-04-02 09:30:00,4772.37428,4779.72499,4771.43658,4774.66772,8288
2026-04-02 09:45:00,4774.05351,4780.78357,4774.05351,4776.32823,6730
2026-04-02 10:00:00,4776.25971,4790.45992,4774.46713,4789.05917,15992
2026-04-02 10:15:00,4788.85739,4798.53894,4788.85739,4794.90047,9681
2026-04-02 10:30:00,4794.33455,4798.0517,4787.5108,4790.81039,10540
2026-04-02 10:45:00,4790.16115,4790.87817,4780.13885,4784.9878,10739
2026-04-02 11:00:00,4785.28567,4792.98572,4775.52431,4792.67673,17461
2026-04-02 11:15:00,4792.69851,4797.88609,4787.95453,4790.18865,9931
2026-04-02 11:30:00,4790.1218,4797.1591,4786.42361,4789.52115,10735
2026-04-02 11:45:00,4789.05233,4790.27331,4785.103,4787.26434,5170
2026-04-02 12:00:00,4785.98037,4787.23646,4729.83757,4751.83922,57398
2026-04-02 12:15:00,4752.02774,4752.02774,4692.55365,4699.26564,59474
2026-04-02 12:30:00,4698.94676,4705.91477,4662.52874,4693.97817,43386
2026-04-02 12:45:00,4694.32405,4709.59522,4686.7673,4695.74723,22827
2026-04-02 13:00:00,4695.84266,4704.40221,4676.94987,4689.43335,27452
2026-04-02 13:15:00,4690.79997,4703.62818,4688.76285,4689.78757,14865
2026-04-02 13:30:00,4689.48937,4689.77161,4657.70957,4678.11538,32062
2026-04-02 13:45:00,4678.16823,4688.87157,4673.92338,4687.60554,14948
2026-04-02 14:00:00,4687.584,4689.61311,4676.72327,4689.61311,12889
2026-04-02 14:15:00,4689.68951,4699.58253,4687.02703,4693.5924,12555
2026-04-02 14:30:00,4692.95474,4693.73387,4683.36842,4687.37504,10365
2026-04-02 14:45:00,4687.29891,4687.37326,4676.59002,4678.8651,10783
2026-04-02 15:00:00,4678.78972,4680.27704,4665.8186,4669.95325,14458
2026-04-02 15:15:00,4669.85552,4670.79853,4663.84187,4665.53621,6956
2026-04-02 15:30:00,4665.43779,4671.22641,4658.28704,4660.69116,12939
2026-04-02 15:45:00,4660.60009,4674.93337,4657.91617,4671.59871,17017
2026-04-02 16:00:00,4671.94677,4676.15098,4668.03429,4671.17505,8116
2026-04-02 16:15:00,4671.2307,4681.03886,4670.81338,4675.3658,10225
2026-04-02 16:30:00,4675.76423,4675.76423,4633.37153,4633.37153,42392
2026-04-02 16:45:00,4632.95995,4633.70557,4578.52185,4594.05894,55183
2026-04-02 17:00:00,4594.02337,4594.11035,4555.06888,4576.46034,39041
2026-04-02 17:15:00,4575.55754,4599.15095,4575.55754,4589.4899,23593
2026-04-02 17:30:00,4589.39083,4596.82479,4585.30856,4585.30856,11516
2026-04-02 17:45:00,4585.38607,4606.87959,4585.32547,4598.32264,21554
2026-04-02 18:00:00,4598.414,4618.92455,4598.12397,4618.2761,20800
2026-04-02 18:15:00,4617.95185,4626.1586,4617.87116,4621.20713,8287
2026-04-02 18:30:00,4621.28388,4638.70117,4621.22585,4635.86868,17475
2026-04-02 18:45:00,4636.04094,4649.81786,4635.8506,4643.68308,13967
2026-04-02 19:00:00,4643.36053,4647.48296,4629.98049,4639.66103,17502
2026-04-02 19:15:00,4639.68377,4643.03153,4627.99411,4633.64555,15037
2026-04-02 19:30:00,4633.7022,4643.46293,4633.49087,4637.3969,9972
2026-04-02 19:45:00,4638.89233,4638.89233,4618.69914,4619.55176,20193
2026-04-02 20:00:00,4619.44007,4623.2887,4615.02701,4622.216,8261
2026-04-02 20:15:00,4622.39627,4632.5216,4618.44887,4620.17376,14072
2026-04-02 20:30:00,4620.24117,4625.34243,4618.15571,4621.79492,7186
2026-04-02 20:45:00,4621.60837,4626.36039,4619.25084,4622.29516,7109
2026-04-02 21:00:00,4622.4649,4637.2342,4620.12714,4627.38455,17107
2026-04-02 21:15:00,4627.63267,4627.63267,4609.79172,4617.78625,17840
2026-04-02 21:30:00,4617.59021,4632.23398,4614.441,4625.5888,17792
2026-04-02 21:45:00,4625.57469,4628.66233,4617.95924,4623.77855,10703
2026-04-02 22:00:00,4624.00547,4629.93256,4618.23366,4627.03718,11698
2026-04-02 22:15:00,4627.00213,4629.16847,4618.21578,4618.21578,10952
2026-04-02 22:30:00,4618.00709,4618.51099,4595.39299,4598.97904,23117
2026-04-02 22:45:00,4598.97471,4609.77079,4598.53707,4600.37948,11233
2026-04-02 23:00:00,4600.24884,4612.02749,4593.0205,4609.64751,19006
2026-04-02 23:15:00,4609.67755,4629.44996,4609.56947,4626.58374,19880
2026-04-02 23:30:00,4626.72779,4626.72779,4616.7752,4618.92492,9952
2026-04-02 23:45:00,4618.81837,4625.77372,4603.02932,4603.02932,22744
2026-04-03 00:00:00,4602.50421,4609.584,4578.73482,4590.45963,30849
2026-04-03 00:15:00,4590.45355,4597.59562,4585.00547,4597.59562,12590
2026-04-03 00:30:00,4597.29298,4603.78383,4588.65138,4599.40531,15132
2026-04-03 00:45:00,4599.96681,4649.81771,4599.3865,4645.49248,50431
2026-04-03 01:00:00,4645.17082,4653.7299,4633.45227,4649.57249,20277
2026-04-03 01:15:00,4649.44434,4671.93401,4647.26375,4664.06339,24670
2026-04-03 01:30:00,4664.0088,4696.34804,4661.00542,4693.01381,35342
2026-04-03 01:45:00,4692.83611,4693.42927,4676.4568,4688.19613,16972
2026-04-03 02:00:00,4688.48348,4688.48348,4669.53514,4675.05996,18948
2026-04-03 02:15:00,4674.87846,4682.4814,4659.049,4672.19724,23432
2026-04-03 02:30:00,4672.19503,4675.55988,4664.12056,4666.56753,11439
2026-04-03 02:45:00,4666.76995,4666.76995,4654.61969,4660.36245,12150
2026-04-03 03:00:00,4660.23953,4666.86883,4651.82849,4655.13366,15040
2026-04-03 03:15:00,4655.03565,4655.80983,4646.68115,4652.03558,9128
2026-04-03 03:30:00,4652.07367,4666.82308,4651.39974,4663.59682,15423
2026-04-03 03:45:00,4663.04091,4669.94605,4658.52547,4661.93525,11420
2026-04-03 04:00:00,4661.73585,4667.05529,4655.46732,4662.99433,11587
2026-04-03 04:15:00,4662.97729,4665.03617,4652.68732,4652.68732,12348
2026-04-03 04:30:00,4652.84205,4656.99216,4649.12324,4656.35622,7868
2026-04-03 04:45:00,4656.17974,4657.62918,4645.79477,4648.60403,11834
2026-04-03 05:00:00,4648.86705,4659.37219,4648.59295,4654.80025,10779
2026-04-03 05:15:00,4654.882,4656.76287,4650.9702,4651.41433,5792
2026-04-03 05:30:00,4651.71204,4665.19894,4651.37913,4661.57637,13819
2026-04-03 05:45:00,4661.40668,4672.71606,4661.40668,4670.34454,11309
2026-04-03 06:00:00,4670.46508,4681.46509,4670.31092,4674.6077,11154
2026-04-03 06:15:00,4674.687,4674.86326,4665.95687,4665.95687,8906
2026-04-03 06:30:00,4666.25045,4668.34935,4662.05992,4667.05999,6289
2026-04-03 06:45:00,4667.10093,4675.6066,4666.89429,4675.33535,8712
2026-04-03 07:00:00,4675.27835,4676.7573,4671.61514,4673.56516,5142
2026-04-03 07:15:00,4673.40416,4674.21224,4665.06785,4668.60589,9144
2026-04-03 07:30:00,4668.71696,4672.94239,4668.59646,4669.47144,4345
2026-04-03 07:45:00,4669.45953,4676.962,4668.77697,4676.80514,8185
2026-04-03 08:00:00,4676.78195,4677.0164,4676.22051,4676.41705,795
2026-04-03 08:15:00,4676.43949,4676.66433,4676.25104,4676.41975,413
2026-04-03 08:30:00,4676.42853,4676.64352,4676.32745,4676.51095,316
2026-04-03 08:45:00,4676.42851,4676.74417,4676.11349,4676.50561,630
2026-04-03 09:00:00,4676.41981,4676.69686,4676.2618,4676.39579,435
2026-04-03 09:15:00,4676.4057,4676.62306,4676.30668,4676.35481,316
2026-04-03 09:30:00,4676.38446,4676.64174,4676.31717,4676.4579,324
2026-04-03 09:45:00,4676.38516,4676.72301,4676.30142,4676.41608,421
2026-04-03 10:00:00,4676.31378,4676.61882,4676.31378,4676.43214,305
2026-04-03 10:15:00,4676.42261,4676.66931,4676.33413,4676.3982,335
2026-04-03 10:30:00,4676.41745,4676.71992,4676.33563,4676.47768,384
2026-04-03 10:45:00,4676.41989,4676.62262,4676.32994,4676.46016,292
2026-04-03 11:00:00,4676.3505,4676.70686,4676.31973,4676.47434,387
2026-04-03 11:15:00,4676.45992,4676.68519,4676.18102,4676.41628,504
2026-04-03 11:30:00,4676.44716,4676.62816,4676.31639,4676.41689,311
2026-04-03 11:45:00,4676.38751,4676.63622,4676.34985,4676.63,286
2026-04-03 12:00:00,4676.53357,4676.72148,4676.32187,4676.54485,399
2026-04-03 12:15:00,4676.48868,4676.72054,4676.19846,4676.38796,522
2026-04-03 12:30:00,4676.42317,4676.7721,4676.36026,4676.45035,411
2026-04-03 12:45:00,4676.42905,4676.65027,4676.22346,4676.52455,426
2026-04-03 13:00:00,4676.42828,4676.62683,4676.17453,4676.49391,452
2026-04-03 13:15:00,4676.43445,4676.63131,4676.10553,4676.38312,525
2026-04-03 13:30:00,4676.41235,4676.62426,4676.02318,4676.4344,601
2026-04-03 13:45:00,4676.42471,4676.67782,4676.36364,4676.55441,314
2026-04-03 14:00:00,4676.46178,4676.65946,4676.36382,4676.49776,295
2026-04-03 14:15:00,4676.42385,4676.63356,4676.34195,4676.38174,291
2026-04-03 14:30:00,4676.38723,4676.63717,4676.31462,4676.4315,322
2026-04-03 14:45:00,4676.44139,4676.64127,4676.26338,4676.49595,377
2026-04-03 15:00:00,4676.4275,4676.62607,4676.26052,4676.50799,365
2026-04-03 15:15:00,4676.41716,4676.66159,4676.39253,4676.43097,269
2026-04-03 15:30:00,4676.42794,4676.62637,4676.17489,4676.41103,451
2026-04-03 15:45:00,4676.43443,4676.66337,4676.27623,4676.49883,387
2026-04-03 16:00:00,4676.42397,4676.64798,4676.16842,4676.52332,479
2026-04-03 16:15:00,4676.42374,4676.62118,4676.2629,4676.43529,358
2026-04-03 16:30:00,4676.42418,4676.65176,4676.28537,4676.34843,366
2026-04-03 16:45:00,4676.38701,4676.6454,4676.2768,4676.49398,368
2026-04-03 17:00:00,4676.44646,4676.63608,4676.36138,4676.62917,274
2026-04-03 17:15:00,4676.53228,4676.71235,4676.27769,4676.51046,434
2026-04-03 17:30:00,4676.48644,4676.68801,4676.37864,4676.40445,309
2026-04-03 17:45:00,4676.43949,4676.71748,4676.36912,4676.46629,348
2026-04-03 18:00:00,4676.44215,4676.69656,4676.1286,4676.52218,567
2026-04-03 18:15:00,4676.41685,4676.70037,4676.23168,4676.48399,468
2026-04-03 18:30:00,4676.4373,4676.73226,4676.0826,4676.23151,649
2026-04-03 18:45:00,4676.30536,4676.71426,4676.20303,4676.44268,511
2026-04-03 19:00:00,4676.42842,4676.71113,4676.39357,4676.57483,317
2026-04-03 19:15:00,4676.47779,4676.67772,4676.32829,4676.4938,349
2026-04-03 19:30:00,4676.42841,4676.61787,4676.14631,4676.41541,471
2026-04-03 19:45:00,4676.44124,4676.64255,4676.19978,4676.28462,442
2026-04-03 20:00:00,4676.28655,4676.65294,4676.07847,4676.47649,574
2026-04-03 20:15:00,4676.39006,4676.60632,4676.30839,4676.51383,297
2026-04-03 20:30:00,4676.4328,4676.62887,4676.33773,4676.39127,291
2026-04-03 20:45:00,4676.40021,4676.61105,4676.24518,4676.46882,365
2026-04-03 21:00:00,4676.47284,4676.60277,4676.28251,4676.48692,320
2026-04-03 21:15:00,4676.39485,4676.80611,4676.15057,4676.53904,655
2026-04-03 21:30:00,4676.44944,4676.64349,4676.37324,4676.42601,270
2026-04-03 21:45:00,4676.42677,4676.70612,4676.22392,4676.31354,482
2026-04-03 22:00:00,4676.35645,4676.70585,4676.30698,4676.481,398
2026-04-03 22:15:00,4676.41832,4676.75934,4676.25138,4676.52361,507
2026-04-03 22:30:00,4676.42251,4676.64495,4676.3733,4676.45331,271
2026-04-03 22:45:00,4676.43595,4676.75125,4676.06572,4676.27673,685
2026-04-03 23:00:00,4676.29205,4676.63323,4676.19733,4676.40186,435
2026-04-03 23:15:00,4676.34469,4676.65579,4676.2108,4676.52055,444
2026-04-03 23:30:00,4676.41543,4676.61043,4676.08868,4676.45348,521
2026-04-03 23:45:00,4676.41543,4676.7003,4676.32117,4676.51391,379
2026-04-04 00:00:00,4676.53466,4676.6605,4676.15966,4676.41431,500
2026-04-04 00:15:00,4676.39177,4676.61511,4676.3511,4676.51688,264
2026-04-04 00:30:00,4676.41165,4676.76746,4676.2105,4676.40683,556
2026-04-04 00:45:00,4676.35764,4676.77876,4676.19045,4676.44286,588
2026-04-04 01:00:00,4676.49299,4676.76008,4676.36553,4676.44077,394
2026-04-04 01:15:00,4676.4344,4676.67218,4675.89571,4676.48976,776
2026-04-04 01:30:00,4676.38964,4676.62495,4676.338,4676.50919,286
2026-04-04 01:45:00,4676.44362,4676.67459,4676.32953,4676.43192,345
2026-04-04 02:00:00,4676.42183,4676.672,4676.24787,4676.47751,424
2026-04-04 02:15:00,4676.48447,4676.75327,4676.26622,4676.52406,487
2026-04-04 02:30:00,4676.43729,4676.82277,4676.17489,4676.5046,647
2026-04-04 02:45:00,4676.41973,4676.69509,4676.15439,4676.22859,540
2026-04-04 03:00:00,4676.23996,4676.67549,4676.17489,4676.35009,500
2026-04-04 03:15:00,4676.37186,4676.63434,4676.26516,4676.45524,369
2026-04-04 03:30:00,4676.38133,4676.65373,4676.16557,4676.5245,488
2026-04-04 03:45:00,4676.42082,4676.75903,4676.37115,4676.45108,387
2026-04-04 04:00:00,4676.45874,4676.6903,4676.26707,4676.43303,423
2026-04-04 04:15:00,4676.45927,4676.85005,4676.34815,4676.50193,501
2026-04-04 04:30:00,4676.42901,4676.65922,4676.21678,4676.59413,442
2026-04-04 04:45:00,4676.50274,4676.67949,4676.11692,4676.46338,562
2026-04-04 05:00:00,4676.44229,4676.70506,4676.36786,4676.42315,337
2026-04-04 05:15:00,4676.45474,4676.62612,4676.36752,4676.4618,258
2026-04-04 05:30:00,4676.42498,4676.65729,4676.17489,4676.38069,482
2026-04-04 05:45:00,4676.25972,4676.6042,4676.10944,4676.36085,494
2026-04-04 06:00:00,4676.30037,4676.57355,4676.17489,4676.35789,398
2026-04-04 06:15:00,4676.39492,4676.62287,4676.32981,4676.44817,293
2026-04-04 06:30:00,4676.42873,4676.5997,4676.216,4676.51274,383
2026-04-04 06:45:00,4676.42592,4676.6246,4676.11993,4676.48581,504
2026-04-04 07:00:00,4676.42625,4676.78889,4676.37103,4676.6072,417
2026-04-04 07:15:00,4676.61417,4676.82173,4676.0693,4676.43091,752
2026-04-04 07:30:00,4676.42867,4676.67372,4676.17728,4676.519,496
2026-04-04 07:45:00,4676.38181,4676.62136,4676.08978,4676.49845,531
2026-04-04 08:00:00,4676.42199,4676.62957,4676.36711,4676.4047,262
2026-04-04 08:15:00,4676.42462,4676.6317,4676.36794,4676.4182,263
2026-04-04 08:30:00,4676.43063,4676.61184,4676.01177,4676.50509,600
2026-04-04 08:45:00,4676.42114,4676.63141,4676.31711,4676.48636,314
2026-04-04 09:00:00,4676.39575,4676.61681,4676.3536,4676.41635,263
2026-04-04 09:15:00,4676.42241,4676.62546,4676.35856,4676.40183,266
2026-04-04 09:30:00,4676.42637,4676.62962,4676.36365,4676.49452,265
2026-04-04 09:45:00,4676.42598,4676.62932,4676.36344,4676.52548,265
2026-04-04 10:00:00,4676.42659,4676.62408,4676.36319,4676.43902,260
2026-04-04 10:15:00,4676.42856,4676.63227,4676.36293,4676.39418,269
2026-04-04 10:30:00,4676.4261,4676.62984,4676.36473,4676.477,265
2026-04-04 10:45:00,4676.42637,4676.63298,4676.36587,4676.53505,267
2026-04-04 11:00:00,4676.43074,4676.63146,4676.36971,4676.45709,261
2026-04-04 11:15:00,4676.42856,4676.63445,4676.36763,4676.3957,266
2026-04-04 11:30:00,4676.43074,4676.62875,4676.36729,4676.46103,261
2026-04-04 11:45:00,4676.42856,4676.63203,4676.36799,4676.53559,264
2026-04-04 12:00:00,4676.43074,4676.63167,4676.36679,4676.47766,264
2026-04-04 12:15:00,4676.43074,4676.63358,4676.36972,4676.39761,263
2026-04-04 12:30:00,4676.43074,4676.63445,4676.36764,4676.44493,266
2026-04-04 12:45:00,4676.43074,4676.62873,4676.36729,4676.52901,261
2026-04-04 13:00:00,4676.42856,4676.63207,4676.36582,4676.49537,266
2026-04-04 13:15:00,4676.43074,4676.63306,4676.36903,4676.4043,264
2026-04-04 13:30:00,4676.43074,4676.63357,4676.36764,4676.42811,265
2026-04-04 13:45:00,4676.43074,4676.63231,4676.37246,4676.52006,259
2026-04-04 14:00:00,4676.42856,4676.63204,4676.3651,4676.51101,266
2026-04-04 14:15:00,4676.43074,4676.63165,4676.36798,4676.41528,263
2026-04-04 14:30:00,4676.43074,4676.63357,4676.36904,4676.41393,264
2026-04-04 14:45:00,4676.43074,4676.63083,4676.36764,4676.50948,263
2026-04-04 15:00:00,4676.43074,4676.63445,4676.36729,4676.52349,267
2026-04-04 15:15:00,4676.43074,4676.63208,4676.3693,4676.4298,262
2026-04-04 15:30:00,4676.43074,4676.63308,4676.36794,4676.40118,265
2026-04-04 15:45:00,4676.42856,4676.63356,4676.36969,4676.49356,263
2026-04-04 16:00:00,4676.43074,4676.63084,4676.36765,4676.5298,263
2026-04-04 16:15:00,4676.42856,4676.62659,4676.36291,4676.44698,263
2026-04-04 16:30:00,4676.43074,4676.63428,4676.36797,4676.39718,266
2026-04-04 16:45:00,4676.43074,4676.63085,4676.36682,4676.47337,264
2026-04-04 17:00:00,4676.42856,4676.6314,4676.36755,4676.53576,263
2026-04-04 17:15:00,4676.43074,4676.63444,4676.37243,4676.46519,262
2026-04-04 17:30:00,4676.43074,4676.63207,4676.36511,4676.39142,266
2026-04-04 17:45:00,4676.42674,4676.62731,4676.36583,4676.45467,261
2026-04-04 18:00:00,4676.42876,4676.63082,4676.36464,4676.5303,266
2026-04-04 18:15:00,4676.42597,4676.62921,4676.36544,4676.48156,263
2026-04-04 18:30:00,4676.42856,4676.63226,4676.37031,4676.39715,261
2026-04-04 18:45:00,4676.42856,4676.62775,4676.3651,4676.43442,262
2026-04-04 19:00:00,4676.42647,4676.62728,4676.36364,4676.52438,263
2026-04-04 19:15:00,4676.42594,4676.62927,4676.36314,4676.49678,266
2026-04-04 19:30:00,4676.42641,4676.62862,4676.36545,4676.40534,263
2026-04-04 19:45:00,4676.42856,4676.63226,4676.3651,4676.42302,267
2026-04-04 20:00:00,4676.43074,4676.63207,4676.36708,4676.51406,264
2026-04-04 20:15:00,4676.42593,4676.6286,4676.36242,4676.51143,266
2026-04-04 20:30:00,4676.42644,4676.62705,4676.36545,4676.41772,261
2026-04-04 20:45:00,4676.42856,4676.63226,4676.36545,4676.40776,266
2026-04-04 21:00:00,4676.42856,4676.62451,4676.36073,4676.49775,263
2026-04-04 21:15:00,4676.42377,4676.6277,4676.36363,4676.52469,264
2026-04-04 21:30:00,4676.42874,4676.62869,4676.36674,4676.42871,261
2026-04-04 21:45:00,4676.42456,4676.63138,4676.36546,4676.3986,265
2026-04-04 22:00:00,4676.42856,4676.63444,4676.37238,4676.4857,262
2026-04-04 22:15:00,4676.42856,4676.63204,4676.3651,4676.53157,266
2026-04-04 22:30:00,4676.42856,4676.62946,4676.36578,4676.4507,263
2026-04-04 22:45:00,4676.42856,4676.63138,4676.36686,4676.39398,264
2026-04-04 23:00:00,4676.42856,4676.62865,4676.36546,4676.46732,263
2026-04-04 23:15:00,4676.42856,4676.63226,4676.3651,4676.53377,267
2026-04-04 23:30:00,4676.42856,4676.6321,4676.3693,4676.46923,262
2026-04-04 23:45:00,4676.42856,4676.6309,4676.36578,4676.39423,265
2026-04-05 00:00:00,4676.42856,4676.63137,4676.36687,4676.44884,264
2026-04-05 00:15:00,4676.42856,4676.62866,4676.36546,4676.53107,263
2026-04-05 00:30:00,4676.42856,4676.63226,4676.3651,4676.48736,267
2026-04-05 00:45:00,4676.42856,4676.6321,4676.36932,4676.39933,262
2026-04-05 01:00:00,4676.42856,4676.6309,4676.36577,4676.43138,265
2026-04-05 01:15:00,4676.42856,4676.63136,4676.36749,4676.52365,263
2026-04-05 01:30:00,4676.42856,4676.63226,4676.36547,4676.50383,266
2026-04-05 01:45:00,4676.42856,4676.62648,4676.3651,4676.40893,261
2026-04-05 02:00:00,4676.42856,4676.6321,4676.36577,4676.41618,266
2026-04-05 02:00:00,4676.42856,4676.63211,4676.3651,4676.4043,267
2026-04-05 02:15:00,4676.42856,4676.62942,4676.36576,4676.49704,263
2026-04-05 02:15:00,4676.42856,4676.63091,4676.36688,4676.51204,264
2026-04-05 02:30:00,4676.42856,4676.63136,4676.36547,4676.51749,265
2026-04-05 02:30:00,4676.42856,4676.63135,4676.36689,4676.52738,264
2026-04-05 02:45:00,4676.42856,4676.6287,4676.36547,4676.43866,263
2026-04-05 02:45:00,4676.42856,4676.63225,4676.37022,4676.42235,262
2026-04-05 03:00:00,4676.42856,4676.63225,4676.3651,4676.39657,267
2026-04-05 03:15:00,4676.42856,4676.63211,4676.36935,4676.47971,262
2026-04-05 03:30:00,4676.42856,4676.63092,4676.36576,4676.53282,265
2026-04-05 03:45:00,4676.42856,4676.63135,4676.36746,4676.45671,263
2026-04-05 04:00:00,4676.42856,4676.63225,4676.36548,4676.39352,266
2026-04-05 04:15:00,4676.42856,4676.62643,4676.36509,4676.46125,261
2026-04-05 04:30:00,4676.42856,4676.63211,4676.36575,4676.53342,266
2026-04-05 04:45:00,4676.42856,4676.63093,4676.36691,4676.47525,264
2026-04-05 05:00:00,4676.42856,4676.63134,4676.36745,4676.39537,263
2026-04-05 05:15:00,4676.42856,4676.63225,4676.36548,4676.44296,266
2026-04-05 05:30:00,4676.42856,4676.62642,4676.36509,4676.52915,261
2026-04-05 05:45:00,4676.42856,4676.63211,4676.36575,4676.49298,266
2026-04-05 06:00:00,4676.42856,4676.63094,4676.36692,4676.402,264
2026-04-05 06:15:00,4676.42856,4676.63133,4676.36548,4676.42612,265
2026-04-05 06:30:00,4676.42856,4676.63225,4676.37016,4676.52029,262
2026-04-05 06:45:00,4676.42856,4676.63212,4676.36509,4676.50865,267
2026-04-05 07:00:00,4676.42856,4676.62938,4676.36575,4676.41293,263
2026-04-05 07:15:00,4676.42856,4676.63133,4676.36692,4676.41189,264
2026-04-05 07:30:00,4676.42856,4676.62874,4676.36549,4676.50747,263
2026-04-05 07:45:00,4676.42856,4676.63225,4676.36509,4676.52117,267
2026-04-05 08:00:00,4676.42856,4676.63212,4676.3694,4676.42741,262
2026-04-05 08:15:00,4676.42856,4676.63095,4676.36574,4676.40129,265
2026-04-05 08:30:00,4676.42856,4676.63132,4676.36743,4676.49158,263
2026-04-05 08:45:00,4676.42856,4676.63224,4676.36549,4676.52967,266
2026-04-05 09:00:00,4676.42856,4676.62638,4676.36509,4676.44442,261
2026-04-05 09:15:00,4676.42856,4676.63212,4676.36574,4676.39504,266
2026-04-05 09:30:00,4676.42856,4676.63096,4676.36694,4676.47375,264
2026-04-05 09:45:00,4676.42856,4676.63132,4676.3655,4676.53356,265
2026-04-05 10:00:00,4676.42856,4676.63224,4676.37012,4676.46278,262
2026-04-05 10:15:00,4676.42856,4676.63212,4676.36509,4676.39359,267
2026-04-05 10:30:00,4676.42856,4676.62935,4676.36573,4676.4552,263
2026-04-05 10:45:00,4676.42856,4676.63097,4676.36695,4676.53256,264
2026-04-05 11:00:00,4676.42856,4676.63131,4676.3655,4676.48119,265
2026-04-05 11:15:00,4676.42856,4676.63224,4676.37011,4676.39703,262
2026-04-05 11:30:00,4676.42856,4676.63213,4676.36509,4676.43724,267
2026-04-05 11:45:00,4676.42856,4676.62934,4676.36573,4676.52673,263
2026-04-05 12:00:00,4676.42856,4676.63131,4676.36696,4676.49837,264
2026-04-05 12:15:00,4676.42856,4676.62878,4676.3655,4676.40513,263
2026-04-05 12:30:00,4676.42856,4676.63224,4676.36509,4676.42113,267
2026-04-05 12:45:00,4676.42856,4676.63213,4676.36945,4676.5165,262
2026-04-05 13:00:00,4676.42856,4676.63098,4676.36572,4676.51313,265
2026-04-05 13:15:00,4676.42856,4676.6313,4676.36739,4676.41732,263
2026-04-05 13:30:00,4676.42856,4676.63224,4676.36551,4676.40799,266
2026-04-05 13:45:00,4676.42856,4676.62632,4676.36509,4676.50257,261
2026-04-05 14:00:00,4676.42856,4676.63213,4676.36572,4676.52443,266
2026-04-05 14:15:00,4676.42856,4676.63099,4676.36697,4676.43274,264
2026-04-05 14:30:00,4676.42856,4676.63129,4676.36551,4676.39874,265
2026-04-05 14:45:00,4676.42856,4676.63224,4676.37007,4676.48592,262
2026-04-05 15:00:00,4676.42856,4676.63214,4676.36509,4676.53147,267
2026-04-05 15:15:00,4676.42856,4676.62931,4676.36571,4676.45033,263
2026-04-05 15:30:00,4676.42856,4676.63129,4676.36698,4676.39402,264
2026-04-05 15:45:00,4676.42856,4676.62882,4676.36552,4676.4677,263
2026-04-05 16:00:00,4676.42856,4676.63223,4676.36509,4676.53377,267
2026-04-05 16:15:00,4676.42856,4676.63214,4676.36949,4676.46885,262
2026-04-05 16:30:00,4676.42856,4676.631,4676.36571,4676.39418,265
2026-04-05 16:45:00,4676.42856,4676.63128,4676.36699,4676.44921,264
2026-04-05 17:00:00,4676.42856,4676.62883,4676.36552,4676.53117,263
2026-04-05 17:15:00,4676.42856,4676.63223,4676.36509,4676.487,267
2026-04-05 17:30:00,4676.42856,4676.63214,4676.3695,4676.39918,262
2026-04-05 17:45:00,4676.42856,4676.63101,4676.3657,4676.43172,265
2026-04-05 18:00:00,4676.42856,4676.63128,4676.36735,4676.52385,263
2026-04-05 18:15:00,4676.42856,4676.63223,4676.36552,4676.50351,266
2026-04-05 18:30:00,4676.42856,4676.62626,4676.36509,4676.40869,261
2026-04-05 18:45:00,4676.42856,4676.63214,4676.3657,4676.41646,266
2026-04-05 19:00:00,4676.42856,4676.63101,4676.36701,4676.51231,264
2026-04-05 19:15:00,4676.42856,4676.63127,4676.36553,4676.51724,265
2026-04-05 19:30:00,4676.42856,4676.63223,4676.37002,4676.42205,262
2026-04-05 19:45:00,4676.42856,4676.63215,4676.36509,4676.4045,267
2026-04-05 20:00:00,4676.42856,4676.62926,4676.36569,4676.49738,263
2026-04-05 20:15:00,4676.42856,4676.63126,4676.36701,4676.52722,264
2026-04-05 20:30:00,4676.42856,4676.62886,4676.36553,4676.43831,263
2026-04-05 20:45:00,4676.42856,4676.63223,4676.36509,4676.39668,267
2026-04-05 21:00:00,4676.42856,4676.63215,4676.36954,4676.48008,262
2026-04-05 21:15:00,4676.42856,4676.63103,4676.36569,4676.53276,265
2026-04-05 21:30:00,4676.42856,4676.63126,4676.36733,4676.45634,263
2026-04-05 21:45:00,4676.42856,4676.63223,4676.36553,4676.39353,266
2026-04-05 22:00:00,4676.42856,4676.62622,4676.36509,4676.46163,261
2026-04-05 22:15:00,4676.42856,4676.63215,4676.36568,4676.53346,266
2026-04-05 22:30:00,4676.42856,4676.63103,4676.36703,4676.47488,263
2026-04-05 22:45:00,4676.42856,4676.63125,4676.36732,4676.39529,263
2026-04-05 23:00:00,4676.42856,4676.63222,4676.36554,4676.44333,266
2026-04-05 23:15:00,4676.42856,4676.6262,4676.36509,4676.52928,261
2026-04-05 23:30:00,4676.42856,4676.63215,4676.36568,4676.49263,266
2026-04-05 23:45:00,4676.42856,4676.63104,4676.36704,4676.40182,264
2026-04-06 00:00:00,4676.42856,4676.63125,4676.36554,4676.42644,265
2026-04-06 00:15:00,4676.42856,4676.63222,4676.36997,4676.52051,262
2026-04-06 00:30:00,4676.42856,4676.63216,4676.36509,4676.50835,267
2026-04-06 00:45:00,4676.42856,4676.62922,4676.36568,4676.41267,263
2026-04-06 01:00:00,4676.42856,4676.63124,4676.36705,4676.41215,264
2026-04-06 01:15:00,4676.42856,4676.6289,4676.36555,4676.50776,263
2026-04-06 01:30:00,4676.42856,4676.63222,4676.36509,4676.52095,267
2026-04-06 01:45:00,4676.42856,4676.63216,4676.36959,4676.43753,262
